Workbook

Sheet Sheet6
A1: Weeks | B1: CD5-m260 | D1: CD5-m261 | F1: CD5-m263 | H1: CD5-m264 | J1: CD5-m265 | L1: CD5-m266 | N1: CD5-m267 | P1: CD5-m269 | R1: CD5-m270 | T1: CD5-m271 | V1: CD5-m272 | X1: CD5-m273 | Z1: CD5-m281 | AB1: CD5-m282 | AD1: CD5-m283 | AF1: CD5-m284 | AH1: CD5-m285 | AJ1: CD10-m881 | AL1: CD10-m882 | AN1: CD10-m883 | AP1: CD10-m884 | AR1: CD10- m885 | AT1: CD10-m876 | AV1: CD10-m877 | AX1: CD10- m878 | AZ1: CD10-m879 | BB1: CD10-m880 | BD1: CD20-m014 | BF1: CD20-m016 | BH1: CD20-m018 | BJ1: CD20-m020 | BL1: CD20-m021 | BN1: CD20-m022 | BP1: CD20-m023 | BR1: CD20-m025 | BT1: CD20-m026 | BV1: CD20-m027 | BX1: CD20-m028 | BZ1: CD20-m034 | CB1: CD20-m035 | CD1: CD20-m036 | CF1: CD20-m038 | CH1: CD21-m010 | CJ1: CD21-m011 | CL1: CD21-m014 | CN1: CD21-m015 | CP1: CD21-m016 | CR1: CD21-m017 | CT1: CD21-m018 | CV1: CD21-m019 | CX1: CD21-m020 | CZ1: CD46-m331 | DB1: CD46-m332 | DD1: CD46-m333 | DF1: CD46-m334 | DH1: CD46-m336 | DJ1: CD46-m337 | DL1: CD46-m338 | DN1: CD46-m339 | DP1: CD46-m340 | DR1: CD20-m004 | DT1: CD20-m005 | DV1: CD20-m006 | DX1: CD20-m007 | DZ1: CD20-m008 | EB1: CD20-m009 | ED1: CD20-m010 | EF1: CD20-m011 | EH1: CD20-m012 | EJ1: CD20-m013 | EL1: CD20-m029 | EN1: CD20-m030 | EP1: CD20-m031 | ER1: CD20-m032 | ET1: CD20-m033 | EV1: CD-m722 | EX1: CD-m723 | EZ1: CD41-m724 | FB1: CD41-m725 | FD1: CD41-m726 | FF1: CD41-m727 | FH1: CD41-m729 | FJ1: CD41-m730 | FL1: CD41-m731 | FN1: CD41-m774 | FP1: CD10-m851 | FR1: CD10-m852 | FT1: CD10-m853 | FV1: CD10-m854 | FX1: CD10-m855 | FZ1: CD10-m896 | GB1: CD10-m898 | GD1: CD10-m899 | GF1: CD10-m900 | GH1: CD21-m998 | GJ1: CD21-m999 | GL1: CD21-m002 | GN1: CD21-m003 | GP1: CD21-m004 | GR1: CD21-m006 | GT1: CD21-m007 | GV1: CD21-m008 | GX1: CD21-m009 | GZ1: CD30-m193 | HB1: CD30-m195 | HD1: CD30-m196 | HF1: CD30-m197 | HH1: CD30-m203 | HJ1: CD30-m204 | HL1: CD30-m205 | HN1: CD30-m206 | HP1: CD30-m207 | HR1: CD30-m229 | HT1: CD30-m230 | HV1: CD30-m231 | HX1: CD30-m232 | HZ1: CD27-m740 | IB1: CD27-m806 | ID1: CD27-m807 | IF1: CD27-m808 | IH1: CD27-m809 | IJ1: CD27-m810 | IL1: CD27-m756 | IN1: CD27-m757 | IP1: CD27-m783 | IR1: CD27-m784 | IT1: CD27-m785 | IV1: CD27-m786 | IX1: CD27-m787 | IZ1: CD27-m788 | JB1: CD27-m789
A2: 0 | B2: 100 | C2: 100 | D2: 125 | E2: 125 | F2: 150 | G2: 150 | H2: 175 | I2: 175 | J2: 188 | K2: 188 | L2: 200 | M2: 200 | N2: 225 | O2: 225 | P2: 250 | Q2: 250 | R2: 275 | S2: 275 | T2: 288 | U2: 288 | V2: 300 | W2: 300 | X2: 325 | Y2: 325 | Z2: 338 | AA2: 338 | AB2: 350 | AC2: 350 | AD2: 3.63e+002* | AE2: 3.63e+002* | AF2: 375 | AG2: 375 | AH2: 383 | AI2: 383 | AJ2: 400 | AK2: 400 | AL2: 425 | AM2: 425 | AN2: 450 | AO2: 450 | AP2: 475 | AQ2: 475 | AR2: 500 | AS2: 500 | AT2: 5.13e+002* | AU2: 5.13e+002* | AV2: 525 | AW2: 525 | AX2: 550 | AY2: 550 | AZ2: 575 | BA2: 575 | BB2: 600 | BC2: 600 | BD2: 625 | BE2: 625 | BF2: 650 | BG2: 650 | BH2: 675 | BI2: 675 | BJ2: 688 | BK2: 688 | BL2: 700 | BM2: 700 | BN2: 713 | BO2: 713 | BP2: 725 | BQ2: 725 | BR2: 7.38e+002* | BS2: 7.38e+002* | BT2: 750 | BU2: 750 | BV2: 763 | BW2: 763 | BX2: 775 | BY2: 775 | BZ2: 800 | CA2: 800 | CB2: 8.25e+002* | CC2: 8.25e+002* | CD2: 8.5e+002* | CE2: 8.5e+002* | CF2: 875 | CG2: 875 | CH2: 150 | CI2: 150 | CJ2: 200 | CK2: 200 | CL2: 300 | CM2: 300 | CN2: 400 | CO2: 400 | CP2: 500 | CQ2: 500 | CR2: 600 | CS2: 600 | CT2: 700 | CU2: 700 | CV2: 800 | CW2: 800 | CX2: 900 | CY2: 900 | CZ2: 150 | DA2: 150 | DB2: 250 | DC2: 250 | DD2: 350 | DE2: 350 | DF2: 450 | DG2: 450 | DH2: 550 | DI2: 550 | DJ2: 650 | DK2: 650 | DL2: 750* | DM2: 750* | DN2: 850 | DO2: 850 | DP2: 850 | DQ2: 850 | DR2: 150 | DS2: 150 | DT2: 200 | DU2: 200 | DV2: 250 | DW2: 250 | DX2: 300 | DY2: 300 | DZ2: 350 | EA2: 350 | EB2: 400 | EC2: 400 | ED2: 450 | EE2: 450 | EF2: 500 | EG2: 500 | EH2: 550 | EI2: 550 | EJ2: 600 | EK2: 600 | EL2: 650 | EM2: 650 | EN2: 700 | EO2: 700 | EP2: 750 | EQ2: 750 | ER2: 800 | ES2: 800 | ET2: 900 | EU2: 900 | EV2: 150 | EW2: 150 | EX2: 200 | EY2: 200 | EZ2: 250 | FA2: 250 | FB2: 300 | FC2: 300 | FD2: 350 | FE2: 350 | FF2: 400 | FG2: 400 | FH2: 450 | FI2: 450 | FJ2: 500 | FK2: 500 | FL2: 550 | FM2: 550 | FN2: 600 | FO2: 600 | FP2: 150 | FQ2: 150 | FR2: 200 | FS2: 200 | FT2: 250 | FU2: 250 | FV2: 300 | FW2: 300 | FX2: 400 | FY2: 400 | FZ2: 500 | GA2: 500 | GB2: 600 | GC2: 600 | GD2: 700 | GE2: 700 | GF2: 800 | GG2: 800 | GH2: 150 | GI2: 150 | GJ2: 200 | GK2: 200 | GL2: 300 | GM2: 300 | GN2: 400 | GO2: 400 | GP2: 500 | GQ2: 500 | GR2: 600 | GS2: 600 | GT2: 700 | GU2: 700 | GV2: 800 | GW2: 800 | GX2: 900 | GY2: 900 | GZ2: 150 | HA2: 150 | HB2: 200 | HC2: 200 | HD2: 300 | HE2: 300 | HF2: 400 | HG2: 400 | HH2: 500 | HI2: 500 | HJ2: 600 | HK2: 600 | HL2: 700 | HM2: 700 | HN2: 800 | HO2: 800 | HP2: 900 | HQ2: 900 | HR2: 200 | HS2: 200 | HT2: 300 | HU2: 300 | HV2: 400 | HW2: 400 | HX2: 500 | HY2: 500 | HZ2: 300 | IA2: 300 | IB2: 200 | IC2: 200 | ID2: 300 | IE2: 300 | IF2: 400 | IG2: 400 | IH2: 500 | II2: 500 | IJ2: 600 | IK2: 600 | IL2: 800 | IM2: 800 | IN2: 900 | IO2: 900 | IP2: 300 | IQ2: 300 | IR2: 400 | IS2: 400 | IT2: 500 | IU2: 500 | IV2: 600 | IW2: 600 | IX2: 700 | IY2: 700 | IZ2: 800 | JA2: 800 | JB2: 900 | JC2: 900
A3: 1 | B3: 3427.595 | D3: 69840.86 | F3: 248850.2 | H3: 47154.75 | J3: 96924.43 | L3: 9785.094 | N3: 2750.64 | O3: 1894.282 | P3: 101479.1 | Q3: 53751.47 | R3: 28746.14 | S3: 36254.73 | T3: 111834.9 | U3: 91788.58 | V3: 100508.1 | W3: 79888.88 | X3: 225019.4 | Z3: 372125.5 | AB3: 146178.3 | AD3: 2.814206e+004* | AE3: 3.596149e+004* | AF3: 559363.4 | AG3: 756122.2 | AH3: 54868.17 | AI3: 35825.87 | AJ3: 297243 | AK3: 224135.6 | AL3: 203275.8 | AM3: 12052.86 | AN3: 1631.012 | AO3: 2691.839 | AP3: 2290903 | AQ3: 2783205 | AR3: 7328.624 | AS3: 3197.484 | AT3: 2.435722e+004* | AU3: 5.441707e+004* | AV3: 46080.62 | AW3: 51737.37 | AX3: 177505.4 | AY3: 371015.3 | AZ3: 617873.3 | BA3: 853149.8 | BB3: 58460.17 | BC3: 81964.56 | BD3: 1648.2079 | BE3: 1049.8799 | BF3: 19715.384 | BG3: 21011.837 | BH3: 1120.5838 | BI3: 2163.6972 | BJ3: 132928.18 | BK3: 75220.169 | BL3: 5246.0794 | BM3: 24689.907 | BN3: 3777.3564 | BO3: 7815.2509 | BP3: 87265.625 | BQ3: 82816.658 | BR3: 7.38e+002* | BS3: 7.38e+002* | BT3: 230144.97 | BU3: 75509.064 | BV3: 13325.337 | BW3: 1950.2518 | BX3: 25164.734 | BY3: 34329.453 | BZ3: 5240.0098 | CA3: 8293.5934 | CB3: 1.142382145e+004* | CC3: 4.607697487e+003* | CD3: 2.433984041e+003* | CE3: 1.237808228e+003* | CF3: 875 | CG3: 875 | CH3: 261588.47 | CI3: 248814.87 | CJ3: 385861.02 | CK3: 359675.93 | CL3: 12667.118 | CM3: 2476.1484 | CN3: 72464.386 | CO3: 82735.069 | CP3: 108457.47 | CQ3: 63352.047 | CR3: 250040.28 | CS3: 97204.468 | CT3: 387922.91 | CU3: 410775.02 | CV3: 6503.2964 | CW3: 4022.7132 | CX3: 275206.73 | CY3: 250261.15 | CZ3: 1504.8711 | DA3: 1888.3488 | DB3: 9481.0514 | DC3: 8759.4614 | DD3: 17962.955 | DE3: 15778.524 | DF3: 1416.6386 | DG3: 1931.7822 | DH3: 1385.2108 | DI3: 1000 | DJ3: 1683.1639 | DK3: 1338.1785 | DL3: 19231.21834* | DM3: 26263.4449* | DN3: 8067.0872 | DO3: 7501.1888 | DP3: 8099.3557 | DQ3: 8730.4296 | DR3: 1000 | DS3: 1412.1687 | DT3: 1359.1089 | DU3: 1000 | DV3: 106442.57 | DW3: 120001.48 | DX3: 36401.035 | DY3: 11308.42 | DZ3: 263013.34 | EA3: 202853.1 | EB3: 400 | EC3: 400 | ED3: 1484.9164 | EE3: 1487.4687 | EF3: 122303.52 | EG3: 137337.75 | EH3: 24828.981 | EI3: 26171.503 | EJ3: 25472.912 | EK3: 19928.593 | EL3: 3112.3178 | EM3: 1000 | EN3: 700 | EO3: 700 | EP3: 5741.7312 | EQ3: 1000 | ER3: 25043.865 | ES3: 25850.315 | ET3: 101001.85 | EU3: 71471.458 | EV3: 7667.1124 | EW3: 5118.3763 | EX3: 200 | EY3: 200 | EZ3: 8413.0182 | FA3: 5425.571 | FB3: 4855.2599 | FC3: 2000 | FD3: 7464.3698 | FE3: 4607.9602 | FF3: 2301.5709 | FG3: 3277.1688 | FH3: 7649.9867 | FI3: 6601.2092 | FJ3: 500 | FK3: 500 | FL3: 2000 | FM3: 2390.3124 | FN3: 600 | FO3: 600 | FP3: 76973.8 | FQ3: 54434.8 | FR3: 404603.6 | FS3: 293440.8 | FT3: 1000 | FU3: 6873.81 | FV3: 1509.654 | FW3: 1000 | FX3: 42752.36 | FY3: 25104.14 | FZ3: 12731.76 | GA3: 3725.392 | GB3: 3804.367 | GC3: 1000 | GD3: 19221.64 | GE3: 8855.06 | GF3: 53206.13 | GG3: 98665.53 | GH3: 221055 | GI3: 197732.5 | GJ3: 285070.25 | GK3: 180844 | GL3: 180337 | GM3: 241932.5 | GN3: 8774.25 | GO3: 10543.25 | GP3: 189604 | GQ3: 169002.75 | GR3: 5202.5 | GS3: 7364 | GT3: 90673.75 | GU3: 64333.25 | GV3: 12792.5 | GW3: 9324.5 | GX3: 80506.25 | GY3: 53927.75 | GZ3: 150 | HA3: 150 | HB3: 200 | HC3: 200 | HD3: 52099.739 | HE3: 63037.361 | HF3: 300 | HG3: 300 | HH3: 135330 | HI3: 135938.49 | HJ3: 400 | HK3: 400 | HL3: 223172.41 | HM3: 219728.09 | HN3: 78023.46 | HO3: 98323.257 | HP3: 148328.55 | HQ3: 135093.95 | HR3: 392180.51 | HS3: 449587.92 | HT3: 237670.3 | HU3: 191498.86 | HV3: 307113.53 | HW3: 323158.78 | HX3: 215920.14 | HY3: 230591.8 | HZ3: 300 | IA3: 300 | IB3: 12799.677 | IC3: 22558.243 | ID3: 12779.493 | IE3: 11075.739 | IF3: 13547.158 | IG3: 22370.617 | IH3: 500 | II3: 500 | IJ3: 600 | IK3: 600 | IL3: 800 | IM3: 800 | IN3: 900 | IO3: 900 | IP3: 300 | IQ3: 300 | IR3: 1012.8438 | IS3: 1000 | IT3: 500 | IU3: 500 | IV3: 5228.4927 | IW3: 4356.3671 | IX3: 700 | IY3: 700 | IZ3: 1000 | JA3: 1439.9335 | JB3: 900 | JC3: 900
A4: 2 | B4: 54766 | C4: 58483.76 | D4: 167730.7 | E4: 202032.2 | F4: 182883.7 | G4: 227723 | H4: 103789.9 | I4: 147608.9 | J4: 357531.9 | K4: 364034.2 | L4: 199679.2 | M4: 474861.3 | N4: 115140.3 | O4: 196744.7 | P4: 434650.1 | Q4: 579362.9 | R4: 82442.55 | S4: 89464.82 | T4: 245710.2 | U4: 525100.5 | V4: 410459 | W4: 768735.1 | X4: 538880.1 | Y4: 603571.8 | Z4: 387136.4 | AA4: 469583.4 | AB4: 1413134 | AC4: 936128.4 | AD4: 1.33246e+006* | AE4: 1.971867e+006* | AF4: 389906.9 | AG4: 333077.2 | AH4: 445374.4 | AI4: 443890.2 | AJ4: 450866.9 | AK4: 380270.1 | AL4: 753353.8 | AM4: 703738 | AN4: 574275.9 | AO4: 626590.9 | AP4: 1992870 | AQ4: 1734511 | AR4: 1399044 | AS4: 1573943 | AT4: 6.971054e+004* | AU4: 6.010169e+004* | AV4: 719142.5 | AW4: 938547.2 | AX4: 481775.4 | AY4: 405219.7 | AZ4: 744078.1 | BA4: 702291.7 | BB4: 945182.4 | BC4: 602763.9 | BD4: 370550.02 | BE4: 312037.84 | BF4: 738136.54 | BG4: 575595.58 | BH4: 1072669.6 | BI4: 589380.92 | BJ4: 1137166.9 | BK4: 1303142 | BL4: 979689.03 | BM4: 613415.34 | BN4: 3823600.3 | BO4: 1885801.4 | BP4: 1314754.8 | BQ4: 629888.98 | BR4: 1e+003* | BS4: 2.251561737e+005* | BT4: 85504.333 | BU4: 517262.33 | BV4: 38133.583 | BW4: 1183718 | BX4: 104589.56 | BY4: 924174.19 | BZ4: 313942.32 | CA4: 397298.71 | CB4: 7.481554565e+005* | CC4: 6.772858887e+005* | CD4: 1.124658585e+005* | CE4: 6.889674377e+004* | CF4: 875 | CG4: 875 | CH4: 20973.003 | CI4: 18141.268 | CJ4: 137617.75 | CK4: 77739.113 | CL4: 107412.29 | CM4: 75431.488 | CN4: 14496.294 | CO4: 5900.5914 | CP4: 120452.35 | CQ4: 31181.637 | CR4: 16433.767 | CS4: 6769.9432 | CT4: 23312.632 | CU4: 13016.19 | CV4: 472280.4 | CW4: 287470.46 | CX4: 647553.77 | CY4: 451040.41 | CZ4: 373981.26 | DA4: 338900.51 | DB4: 368617.52 | DC4: 308812.77 | DD4: 420398.44 | DE4: 405656.92 | DF4: 167781.94 | DG4: 162292.65 | DH4: 198767.91 | DI4: 156669.83 | DJ4: 1938159.1 | DK4: 1508030.9 | DL4: 1366762.817* | DM4: 1320554.443* | DN4: 323702.79 | DO4: 314027.56 | DP4: 1116915.5 | DQ4: 1051001 | DR4: 731825.81 | DS4: 429929.99 | DT4: 229954.47 | DU4: 467513.43 | DV4: 494556.85 | DW4: 408751.59 | DX4: 599752.5 | DY4: 839378.3 | DZ4: 345488.13 | EA4: 304043.7 | EB4: 579665.83 | EC4: 443877.32 | ED4: 56727.802 | EE4: 366213.04 | EF4: 456219.82 | EG4: 981401.55 | EH4: 187610.93 | EI4: 156562.85 | EJ4: 289833.53 | EK4: 80086.113 | EL4: 61651.234 | EM4: 592588.75 | EN4: 43053.49 | EO4: 232066.76 | EP4: 8739.5763 | EQ4: 71790.375 | ER4: 221119.52 | ES4: 278875.37 | ET4: 1332190.8 | EU4: 483727.02 | EV4: 948447.51 | EW4: 738240.84 | EX4: 29610.737 | EY4: 33166.321 | EZ4: 77446.64 | FA4: 74008.736 | FB4: 148967.19 | FC4: 157124.11 | FD4: 21747.124 | FE4: 19693.516 | FF4: 103155.9 | FG4: 117071.05 | FH4: 13226.558 | FI4: 14546.884 | FJ4: 5189.6625 | FK4: 4160.5391 | FL4: 32644.394 | FM4: 37757.397 | FN4: 99461.632 | FO4: 100091.32 | FP4: 504429.9 | FQ4: 390306.4 | FR4: 1495462 | FS4: 1495857 | FT4: 162568 | FU4: 97754.67 | FV4: 513224.3 | FW4: 393542.3 | FX4: 493647.8 | FY4: 350089.8 | FZ4: 1109.462 | GA4: 1000 | GB4: 85409.29 | GC4: 85789.06 | GD4: 1067549 | GE4: 1292940 | GF4: 1369468 | GG4: 1393732 | GH4: 369094.67 | GI4: 315156.43 | GJ4: 341345 | GK4: 212067.75 | GL4: 58565.5 | GM4: 46116.5 | GN4: 422416.5 | GO4: 275682.5 | GP4: 205237.25 | GQ4: 172485.25 | GR4: 79817.5 | GS4: 85936.75 | GT4: 299889.56 | GU4: 264692.17 | GV4: 84992 | GW4: 11961.75 | GX4: 43398.029 | GY4: 29855.486 | GZ4: 36108.318 | HA4: 19201.366 | HB4: 43385.044 | HC4: 46825.5 | HD4: 402439.82 | HE4: 331356.29 | HF4: 6879.0846 | HG4: 7755.7478 | HH4: 424640.01 | HI4: 386378.05 | HJ4: 387127.23 | HK4: 294935.18 | HL4: 228637.88 | HM4: 151342.03 | HN4: 386177.64 | HO4: 300186.4 | HP4: 90756.386 | HQ4: 103162.67 | HR4: 701868.29 | HS4: 648418.64 | HT4: 299859.86 | HU4: 453543.88 | HV4: 338482.64 | HW4: 486259.67 | HX4: 679275.94 | HY4: 373912.99 | IB4: 76500.969 | IC4: 87809.235 | ID4: 72074.196 | IE4: 74947.563 | IF4: 21474.403 | IG4: 14405.559 | IH4: 11474.228 | II4: 7524.9438 | IJ4: 6454.9494 | IK4: 1047.471 | IL4: 41769.497 | IM4: 41028.87 | IN4: 4926.3482 | IO4: 1326.8404 | IP4: 73789.139 | IQ4: 49211.163 | IR4: 82655.304 | IS4: 90363.174 | IT4: 78581.665 | IU4: 49657.715 | IV4: 34054.878 | IW4: 52189.342 | IX4: 7921.618 | IY4: 14382.214 | IZ4: 71959.801 | JA4: 54198.383 | JB4: 39500.637 | JC4: 17760.599
A5: 3 | B5: 48150.25 | C5: 45915.25 | D5: 620842.1 | E5: 324218.7 | F5: 1231278 | G5: 424368.3 | H5: 209880.9 | I5: 156009.4 | J5: 1002010 | K5: 943357.4 | L5: 791185.8 | M5: 1017687 | N5: 98744.64 | O5: 839722.8 | P5: 625626.6 | Q5: 480973.2 | R5: 80511.17 | S5: 125548.6 | T5: 294744.7 | U5: 66367.28 | V5: 92875.9 | W5: 43290.84 | X5: 134096.2 | Y5: 111825.1 | Z5: 1264375 | AA5: 1110108 | AB5: 2795059 | AC5: 1472671 | AD5: 1.47405e+006* | AE5: 8.065103e+005* | AF5: 767116.6 | AG5: 895140.7 | AH5: 626895.3 | AJ5: 103521.5 | AK5: 98325.59 | AL5: 513612.4 | AM5: 611041.5 | AN5: 137076.6 | AO5: 154396.4 | AP5: 858132.7 | AQ5: 747297.2 | AR5: 966714.4 | AS5: 835936.7 | AT5: 8.485795e+004* | AU5: 9.543111e+004* | AV5: 265551.1 | AW5: 345897.4 | AX5: 330716.4 | AY5: 308737.3 | AZ5: 469364.4 | BA5: 490019 | BB5: 204905.1 | BC5: 133806.8 | BD5: 1204538.8 | BE5: 739797.73 | BF5: 1733738.3 | BG5: 531259.34 | BH5: 309900.24 | BI5: 426654.21 | BJ5: 1568522.9 | BK5: 1153568.7 | BL5: 252139.66 | BM5: 522378.17 | BN5: 136113.91 | BO5: 52961.006 | BP5: 2212772 | BQ5: 1440573.7 | BR5: 9.385163116e+004* | BS5: 2.441060066e+004* | BT5: 704895.39 | BU5: 845159.42 | BV5: 170059.86 | BW5: 172293.81 | BX5: 276381.23 | BY5: 318930.94 | BZ5: 368930.36 | CA5: 485308.2 | CB5: 7.920079102e+006* | CC5: 6.027200684e+006* | CD5: 2.611281738e+005* | CE5: 1.883332214e+005* | CF5: 343178.59 | CG5: 613953 | CH5: 274522.13 | CI5: 255016.36 | CJ5: 43120.201 | CK5: 45412.823 | CL5: 355679.08 | CM5: 262537.81 | CN5: 390416.84 | CO5: 305458.1 | CP5: 251433.04 | CQ5: 219339.23 | CR5: 40963.936 | CS5: 25309.132 | CT5: 847155.94 | CU5: 711135.5 | CV5: 214757.98 | CW5: 231836.73 | CX5: 544401.55 | CY5: 395378.33 | CZ5: 552131.23 | DA5: 547552.43 | DB5: 387300.78 | DC5: 318821.66 | DD5: 376346.41 | DE5: 275580.75 | DF5: 265091.25 | DG5: 277124.82 | DH5: 479256.32 | DI5: 510713.78 | DJ5: 943220.28 | DK5: 765076.84 | DL5: 2247489.258* | DM5: 2706646.484* | DN5: 616120.12 | DO5: 539353.45 | DP5: 986113.1 | DQ5: 983633.3 | DR5: 350372.38 | DS5: 544603.27 | DT5: 457444.55 | DU5: 222580.15 | DV5: 1669006 | DW5: 978245.42 | DX5: 1090101.8 | DY5: 4914843.3 | DZ5: 545981.08 | EA5: 269199.07 | EB5: 1730618 | EC5: 967378.05 | ED5: 574137.21 | EE5: 631118.35 | EF5: 560442.02 | EG5: 217197.65 | EH5: 739867.86 | EI5: 682333.19 | EJ5: 2015854.2 | EK5: 1439958.4 | EL5: 3089989.3 | EM5: 1119659.7 | EN5: 846978.21 | EO5: 204100.22 | EP5: 238467.32 | EQ5: 338364.87 | ER5: 2841195.3 | ES5: 1257097.4 | ET5: 853386.66 | EU5: 301033.08 | EV5: 149180.73 | EW5: 149685.09 | EX5: 60919.079 | EY5: 63701.069 | EZ5: 70712.845 | FA5: 71343.193 | FB5: 44191.006 | FC5: 48753.429 | FD5: 90690.376 | FE5: 91827.354 | FF5: 122499.31 | FG5: 109570.42 | FH5: 23316.74 | FI5: 20143.612 | FJ5: 10709.892 | FK5: 14303.412 | FL5: 43886.547 | FM5: 42585.613 | FN5: 28463.049 | FO5: 25667.795 | FP5: 453520.8 | FQ5: 530669.8 | FR5: 74284.05 | FS5: 13558.87 | FT5: 155848.7 | FU5: 76861.06 | FV5: 41263.95 | FW5: 277860.5 | FX5: 120721 | FY5: 116693.1 | FZ5: 227588.9 | GA5: 206364.8 | GB5: 396341.9 | GC5: 625134.4 | GD5: 265951.1 | GE5: 359345.8 | GF5: 1087724 | GG5: 695936.1 | GH5: 123955.5 | GI5: 135366 | GJ5: 305184.5 | GK5: 233230.5 | GL5: 10797.25 | GM5: 15251.25 | GN5: 65815.5 | GO5: 34276 | GP5: 36370.5 | GQ5: 17249.25 | GR5: 199121.25 | GS5: 110936.25 | GT5: 564672 | GU5: 509730.62 | GV5: 72346 | GW5: 77442.5 | GX5: 48181.931 | GY5: 52316.578 | GZ5: 306226.84 | HA5: 305113.65 | HB5: 165894.9 | HC5: 156226.29 | HD5: 124902.63 | HE5: 133894.62 | HF5: 8867.0282 | HG5: 11720.551 | HH5: 85852.127 | HI5: 93675.446 | HJ5: 123277.51 | HK5: 146114.12 | HL5: 83961.281 | HM5: 84127.205 | HN5: 88412.582 | HO5: 108617.41 | HP5: 106255.7 | HQ5: 112354.02 | HR5: 146569.41 | HS5: 147665.65 | HT5: 232316.16 | HU5: 211481.55 | HV5: 144546.1 | HW5: 148453.61 | HX5: 35566.944 | HY5: 37966.743 | HZ5: 76937.943 | IA5: 48476.566 | IB5: 151055.19 | IC5: 148529.59 | ID5: 143362.27 | IE5: 67262.856 | IF5: 66200.676 | IG5: 56829.468 | IH5: 22105.465 | II5: 24528.421 | IJ5: 37524.83 | IK5: 40040.195 | IL5: 329737.73 | IM5: 282361.48 | IN5: 285958.28 | IO5: 294965.79 | IP5: 104982.97 | IQ5: 103134.94 | IR5: 268496.12 | IS5: 314939.21 | IT5: 169269.81 | IU5: 257196.41 | IV5: 81675.11 | IW5: 105467.02 | IX5: 46584.053 | IY5: 56642.433 | IZ5: 139929.41 | JA5: 166913.28 | JB5: 82362.648 | JC5: 82323.166
A6: 4 | B6: 23679.88 | C6: 16674.76 | D6: 116832.3 | E6: 133953.2 | F6: 93269.36 | H6: 194576.1 | I6: 329833.1 | J6: 370390.3 | K6: 463724.9 | L6: 493019.5 | M6: 514106.6 | N6: 64016.26 | O6: 58588.19 | P6: 58008.6 | Q6: 54259.5 | R6: 51466.07 | S6: 37159.11 | T6: 242290.9 | U6: 332192.9 | V6: 110662.9 | W6: 54086.51 | X6: 122162.4 | Y6: 114489.7 | Z6: 592683.8 | AA6: 470548 | AB6: 492871.1 | AC6: 552674.6 | AD6: 2.823046e+006* | AE6: 2.773845e+006* | AF6: 124051.1 | AG6: 187651.9 | AH6: 278646.7 | AJ6: 46460.25 | AK6: 50484 | AL6: 146882.2 | AM6: 150529.2 | AN6: 105198.5 | AO6: 82429.75 | AP6: 140199.5 | AQ6: 120701 | AR6: 119601.8 | AS6: 122069.8 | AT6: 5.019044e+006* | AU6: 3.957005e+006* | AV6: 204020.5 | AW6: 177270 | AX6: 54640 | AY6: 47135.5 | AZ6: 214839.8 | BA6: 244214.2 | BB6: 282275.2 | BC6: 385914 | BD6: 37046.299 | BE6: 18500.38 | BF6: 74864.334 | BG6: 56910.728 | BH6: 27403.543 | BI6: 3527.7975 | BJ6: 110657.15 | BK6: 127353.37 | BL6: 249093.06 | BM6: 496486.54 | BN6: 463152.19 | BO6: 306429.47 | BP6: 210419.77 | BQ6: 196323.29 | BR6: 2.410835571e+005* | BS6: 2.099333344e+005* | BT6: 177058.94 | BU6: 126008.08 | BV6: 251389.27 | BW6: 261546.33 | BX6: 20300.737 | BY6: 34673.733 | BZ6: 131771.53 | CA6: 108264.4 | CB6: 3.050324951e+006* | CC6: 1.497937744e+006* | CD6: 1.933562469e+005* | CE6: 2.31818985e+005* | CF6: 727620.12 | CG6: 770915.1 | CH6: 395839.17 | CI6: 278240.51 | CJ6: 49803.604 | CK6: 65676.208 | CL6: 47736.629 | CM6: 55644.791 | CN6: 453939.45 | CO6: 287582.61 | CP6: 72595.772 | CQ6: 54178.638 | CR6: 178362.99 | CS6: 175313.89 | CT6: 129369.23 | CU6: 132216.14 | CV6: 14433.831 | CW6: 18123.119 | CX6: 218701.1 | CY6: 147166.81 | CZ6: 98853.767 | DA6: 99578.064 | DB6: 117044.26 | DC6: 102085.26 | DD6: 109190.63 | DE6: 134035.25 | DF6: 195704.42 | DG6: 208921.63 | DH6: 226677.48 | DI6: 215709.82 | DJ6: 315002.62 | DK6: 355923.61 | DL6: 405814.8499* | DM6: 384405.9143* | DN6: 187973.42 | DO6: 221471.89 | DP6: 149605.73 | DQ6: 130807.24 | DR6: 81966.072 | DS6: 89477.135 | DT6: 808631.04 | DU6: 609046.26 | DV6: 289380.55 | DW6: 290191.31 | DX6: 253419.48 | DY6: 209247.02 | DZ6: 258327.33 | EA6: 264598.6 | EB6: 500905.36 | EC6: 479874.45 | ED6: 232664.15 | EE6: 178422.13 | EF6: 446328.46 | EG6: 339041.63 | EH6: 250520.92 | EI6: 250397.16 | EJ6: 814211.73 | EK6: 649524.11 | EL6: 385064.45 | EM6: 238431.78 | EN6: 35093.14 | EO6: 25831.614 | EP6: 208121.38 | EQ6: 193145.65 | ER6: 189858.63 | ES6: 109901.19 | ET6: 100598.91 | EU6: 15643.716 | EV6: 36960.442 | EW6: 31138.414 | EX6: 10407.813 | EY6: 10798.672 | EZ6: 15485.414 | FA6: 14714.582 | FB6: 22642.351 | FC6: 24356.806 | FD6: 48425.674 | FE6: 53768.52 | FF6: 22554.07 | FG6: 23656.168 | FH6: 6793.4885 | FI6: 8719.7084 | FJ6: 3577.0035 | FK6: 2930.7106 | FL6: 11136.743 | FM6: 11834.881 | FN6: 24014.633 | FO6: 18624.508 | FP6: 834554.2 | FQ6: 902801.2 | FR6: 481520.5 | FS6: 440011.5 | FT6: 101191.5 | FU6: 17882.25 | FV6: 364287 | FW6: 964683.1 | FX6: 331322.2 | FY6: 372417.8 | FZ6: 281443.2 | GA6: 373680.4 | GB6: 106739.8 | GC6: 146271 | GD6: 722832.1 | GE6: 627694.6 | GF6: 383033.9 | GG6: 405968.9 | GH6: 70197.479 | GI6: 59629.242 | GJ6: 83015.06 | GK6: 77175.682 | GL6: 33476.326 | GM6: 33533.176 | GN6: 42384.113 | GO6: 45191.845 | GP6: 45266.956 | GQ6: 51665.916 | GR6: 71153.625 | GS6: 74105.431 | GT6: 59222.82 | GU6: 56373.936 | GV6: 45163.841 | GW6: 36545.059 | GX6: 56822.784 | GY6: 42622.711 | GZ6: 202354.64 | HA6: 223440.15 | HB6: 165048.63 | HC6: 183490.97 | HD6: 198451.31 | HE6: 188158.02 | HF6: 38447.697 | HG6: 43096.836 | HH6: 87514.084 | HI6: 109834.19 | HJ6: 480568.33 | HK6: 337873.26 | HL6: 198596.48 | HM6: 173012.8 | HN6: 83099.159 | HO6: 74581.947 | HP6: 195047.15 | HQ6: 199803.73 | HR6: 288401.89 | HS6: 285943.76 | HT6: 401222.23 | HU6: 434581.63 | HV6: 122474.38 | HW6: 110373.36 | HX6: 100532.88 | HY6: 119794.24 | HZ6: 857331.79 | IA6: 293166.17 | IB6: 122465.87 | IC6: 100590.33 | ID6: 95574.6 | IE6: 41976.322 | IF6: 209636.35 | IG6: 176349.44 | IH6: 81315.392 | II6: 74427.895 | IJ6: 249943.31 | IK6: 188284.79 | IL6: 259619.63 | IM6: 281387.76 | IN6: 1257272.1 | IO6: 1179616.8 | IP6: 136994.89 | IQ6: 127046.72 | IR6: 668193.66 | IS6: 222617.71 | IT6: 531049.26 | IU6: 194059.49 | IV6: 185579.33 | IW6: 58368.801 | IX6: 292286.29 | IY6: 80767.418 | IZ6: 99990.017 | JA6: 122764.13 | JB6: 330305.17 | JC6: 260198.3
A7: 5 | B7: 9652.154 | C7: 10014.09 | D7: 59048.82 | E7: 29491.55 | F7: 9998.865 | G7: 18823.49 | H7: 28188.49 | I7: 30313.54 | J7: 60448.49 | L7: 120621.8 | M7: 84243.05 | N7: 269724.9 | O7: 96723.82 | P7: 60525.26 | Q7: 73152.83 | R7: 68137.48 | S7: 75824.67 | T7: 181064.7 | U7: 174326.8 | V7: 188947.5 | W7: 225469.1 | X7: 13882.88 | Y7: 12411.26 | Z7: 22435.58 | AA7: 60123.74 | AB7: 1201155 | AC7: 1105592 | AD7: 5.741935e+004* | AE7: 1.339658e+005* | AF7: 281665 | AG7: 8888.155 | AH7: 25179.52 | AI7: 33194.28 | AJ7: 9829.775 | AK7: 11821.04 | AL7: 259003.8 | AM7: 264814.3 | AN7: 10212.04 | AO7: 3607.808 | AP7: 77330.95 | AQ7: 99307.33 | AR7: 197111 | AS7: 186130 | AT7: 4.300618e+005* | AU7: 4.449197e+005* | AV7: 245931 | AW7: 285896.1 | AX7: 12605.37 | AY7: 3926.041 | AZ7: 110520.5 | BA7: 122017 | BB7: 556055.1 | BC7: 599796.3 | BD7: 19458.059 | BE7: 16515.821 | BF7: 33465.721 | BG7: 23450.634 | BH7: 51681.45 | BI7: 77366.013 | BJ7: 369623.6 | BK7: 294710.42 | BL7: 112075.39 | BM7: 117672.39 | BN7: 1904723.3 | BO7: 1635262.2 | BP7: 184070.88 | BQ7: 100391.96 | BT7: 63824.394 | BU7: 108008.64 | BV7: 94769.455 | BW7: 50760.887 | BX7: 85484.413 | BY7: 51750.237 | BZ7: 103936.94 | CA7: 86841.377 | CD7: 1.39648407e+005* | CE7: 4.558027649e+004* | CF7: 323351.2 | CG7: 368729.74 | CH7: 271770.26 | CI7: 378331.73 | CJ7: 119415.44 | CK7: 80317.924 | CL7: 16627.508 | CM7: 17013.689 | CN7: 4405.654 | CO7: 3941.2301 | CP7: 77390.656 | CQ7: 83409.164 | CR7: 55265.839 | CS7: 47685.863 | CT7: 106224.04 | CU7: 81698.471 | CV7: 800 | CW7: 800 | CX7: 20989.204 | CY7: 22562.469 | CZ7: 42707.054 | DA7: 45890.232 | DB7: 21776.14 | DC7: 20388.66 | DD7: 18585.76 | DE7: 21016.569 | DF7: 15906.202 | DG7: 17782.2 | DH7: 25599.304 | DI7: 28679.728 | DJ7: 71599.686 | DK7: 70790.81 | DL7: 148532.3792* | DM7: 147334.7931* | DN7: 103165.54 | DO7: 94403.122 | DP7: 48019.646 | DQ7: 57061.218 | DR7: 43068.287 | DS7: 43637.81 | DT7: 389358.49 | DU7: 440008.91 | DV7: 241947.95 | DW7: 148008.59 | DX7: 64707.008 | DY7: 73943.237 | DZ7: 116832.15 | EA7: 112818.42 | EB7: 133718 | EC7: 139325.03 | ED7: 122700.62 | EE7: 133718.35 | EF7: 236347.66 | EG7: 148512.3 | EH7: 163904.36 | EI7: 147312.5 | EJ7: 506807.19 | EK7: 547616.94 | EL7: 204178.01 | EM7: 150907.26 | EN7: 118905.19 | EO7: 109096.47 | EP7: 286276.28 | EQ7: 236691.62 | ER7: 327696.69 | ES7: 370125.95 | ET7: 67845.245 | EU7: 107183.28 | EV7: 77736.183 | EW7: 70709.663 | EX7: 11049.001 | EY7: 12231.382 | EZ7: 24709.562 | FA7: 20493.425 | FB7: 28147.139 | FC7: 25034.765 | FD7: 38308.048 | FE7: 42028.103 | FF7: 63504.04 | FG7: 65686.89 | FH7: 11796.585 | FI7: 12588.934 | FJ7: 7577.2524 | FK7: 8446.7154 | FL7: 25032.36 | FM7: 35146.446 | FN7: 43254.787 | FO7: 51047.882 | FP7: 362459 | FQ7: 391602 | FR7: 311733.1 | FS7: 260341.3 | FT7: 55711.73 | FU7: 62852.04 | FV7: 102040.2 | FW7: 19621.67 | FX7: 74767.23 | FY7: 282910.1 | FZ7: 26346.54 | GA7: 17759.42 | GB7: 367901.3 | GC7: 351273 | GD7: 101960.9 | GE7: 38696.44 | GF7: 140029.3 | GG7: 133003.3 | GH7: 85164.055 | GI7: 84298.218 | GJ7: 78188.026 | GK7: 46491.169 | GL7: 127781.67 | GM7: 111089.74 | GN7: 71780.029 | GO7: 45580.227 | GP7: 112089.15 | GQ7: 99738.098 | GR7: 210410.02 | GS7: 207960.3 | GT7: 162975.42 | GU7: 152521.18 | GV7: 74603.79 | GW7: 50849.808 | GX7: 22112.024 | GY7: 10050.433 | GZ7: 207808.18 | HA7: 233133.67 | HB7: 244825.74 | HC7: 274905.18 | HE7: 222579.93 | HF7: 55544.289 | HG7: 64307.816 | HH7: 202277.5 | HI7: 193357.44 | HJ7: 37428.131 | HK7: 70133.781 | HL7: 296964.72 | HM7: 362322.3 | HN7: 172880.02 | HO7: 187124.36 | HP7: 268889.25 | HQ7: 313322.27 | HR7: 541384.16 | HS7: 595120.42 | HV7: 162820.59 | HW7: 160303.19 | HX7: 161243.15 | HY7: 168920.23 | HZ7: 341806.94 | IA7: 322836.04 | IB7: 175681.17 | IC7: 160334.71 | ID7: 79432.148 | IE7: 127261.18 | IF7: 201592.37 | IG7: 226611.95 | IH7: 141655.8 | II7: 133393.87 | IJ7: 181544.51 | IK7: 192280.2 | IL7: 290489.2 | IM7: 282865.63 | IN7: 386549.88 | IO7: 306665.5 | IP7: 169844.31 | IQ7: 198425.31 | IR7: 114080.52 | IS7: 123084.59 | IT7: 197303.26 | IU7: 183152.52 | IV7: 108543.79 | IW7: 123773.9 | IX7: 67234.119 | IY7: 72193.686 | IZ7: 115624.01 | JA7: 118876.95 | JB7: 226022.6 | JC7: 241097.44
A8: 6 | B8: 100 | C8: 100 | D8: 8421.177 | E8: 7114.775 | F8: 150 | G8: 1439.098 | H8: 3441.07 | I8: 1857.14 | J8: 16608.32 | K8: 3583.121 | L8: 10289.7 | N8: 1803.462 | O8: 4306.246 | P8: 5523.722 | Q8: 3053.028 | S8: 17929.54 | T8: 32621.49 | U8: 37500.8 | V8: 18378.99 | W8: 3876.251 | X8: 4562.226 | Y8: 4524.771 | Z8: 209161.2 | AA8: 186712.3 | AB8: 10226.7 | AC8: 8012.44 | AD8: 2.331222e+005* | AE8: 2.693312e+005* | AG8: 1087.03 | AH8: 12432.13 | AI8: 41618.06 | AJ8: 6482.078 | AK8: 1000 | AL8: 6888.131 | AM8: 4735.155 | AN8: 1000 | AO8: 1106.996 | AP8: 12381.93 | AQ8: 4199.805 | AR8: 7420.821 | AS8: 3338.041 | AV8: 25735.68 | AW8: 27143.04 | AX8: 550 | AY8: 550 | AZ8: 5547.662 | BA8: 2936.203 | BB8: 13928.59 | BC8: 12255.14 | BD8: 2308.6712 | BE8: 23483.98 | BF8: 650 | BG8: 650 | BH8: 1174.297 | BI8: 1000 | BJ8: 30242.437 | BK8: 17400.072 | BL8: 16779.449 | BM8: 19988.726 | BN8: 45738.815 | BO8: 45182.823 | BP8: 5980.3486 | BQ8: 10788.258 | BT8: 4396.9994 | BU8: 1000 | BV8: 21464.201 | BW8: 13198.649 | BX8: 2894.7876 | BY8: 1101.5186 | BZ8: 6037.9682 | CA8: 2125.845 | CD8: 3.769528198e+004* | CE8: 3.57279892e+004* | CF8: 875 | CG8: 875 | CH8: 5926.6095 | CI8: 7587.5201 | CJ8: 19364.969 | CK8: 21502.028 | CL8: 1627.7903 | CM8: 6108.5968 | CN8: 4339.2358 | CO8: 5761.8113 | CP8: 2664.2785 | CQ8: 5538.6219 | CR8: 17594.36 | CS8: 12110.708 | CT8: 700 | CU8: 700 | CV8: 9545.9127 | CW8: 5870.4834 | CX8: 7456.3479 | CY8: 9166.1787 | CZ8: 4808.7258 | DA8: 8286.9711 | DB8: 4821.0902 | DC8: 3906.2328 | DD8: 4343.2379 | DE8: 1985.5402 | DF8: 2699.9857 | DG8: 2455.5781 | DH8: 4004.1075 | DI8: 2405.7641 | DJ8: 14023.069 | DK8: 11635.307 | DL8: 95055.87006* | DM8: 102745.575* | DN8: 32242.561 | DO8: 26051.979 | DP8: 4054.7729 | DQ8: 1001.4088 | DR8: 1000 | DS8: 2191.2405 | DT8: 41091.434 | DU8: 59481.575 | DV8: 73833.313 | DW8: 49008.438 | DX8: 10879.959 | DY8: 10447.989 | DZ8: 37230.503 | EA8: 55812.061 | EB8: 57263.405 | EC8: 74401.665 | ED8: 6547.2159 | EE8: 8166.6851 | EF8: 27738.678 | EG8: 25128.237 | EH8: 34526.47 | EI8: 30919.291 | EJ8: 27390.993 | EK8: 49198.349 | EL8: 95095.406 | EM8: 109535.61 | EN8: 45883.69 | EO8: 39569.103 | EP8: 437558.93 | EQ8: 382570.25 | ER8: 185174.71 | ES8: 190540.89 | ET8: 54815.361 | EU8: 62847.897 | EV8: 61361.591 | EW8: 59522.057 | EX8: 10308.003 | EY8: 11865.157 | EZ8: 24394.686 | FA8: 22961.943 | FB8: 59883.518 | FC8: 58127.293 | FD8: 69006.699 | FE8: 62741.009 | FF8: 135775.04 | FG8: 132957.37 | FH8: 15821.92 | FI8: 13199.044 | FJ8: 20492.025 | FK8: 17747.231 | FL8: 31171.976 | FM8: 42972.37 | FN8: 58562.92 | FO8: 52757.332 | FP8: 1152532 | FQ8: 1027226 | FR8: 1856239 | FS8: 2113520 | FT8: 1318451 | FU8: 1382890 | FV8: 2282796 | FW8: 2877624 | FX8: 906918.6 | FY8: 1209465 | FZ8: 2406335 | GA8: 2318032 | GB8: 1378507 | GC8: 1419379 | GD8: 1497244 | GE8: 1525984 | GF8: 257820.4 | GG8: 220672.9 | GH8: 36562.973 | GI8: 39188.068 | GJ8: 51050.705 | GK8: 122259.22 | GL8: 74591.599 | GM8: 116243.68 | GN8: 56923.26 | GO8: 45661.602 | GP8: 36725.655 | GQ8: 36076.672 | GR8: 62158.661 | GS8: 65245.903 | GT8: 72599.449 | GU8: 67461.7 | GV8: 22795.914 | GW8: 21689.11 | GX8: 9572.5393 | GY8: 11717.377 | GZ8: 61208.611 | HA8: 49218.193 | HB8: 112067.81 | HC8: 82505.493 | HD8: 28091 | HE8: 20684.357 | HF8: 12069.318 | HG8: 10580.486 | HH8: 42528.831 | HI8: 47612.862 | HJ8: 60271.74 | HK8: 56748.528 | HL8: 63518.215 | HM8: 78490.196 | HN8: 48746.227 | HO8: 50105.644 | HP8: 48814.293 | HQ8: 62500.874 | HR8: 79245.399 | HS8: 78347.786 | HT8: 115740.88 | HU8: 92875.908 | HV8: 30762.577 | HW8: 32779.339 | HX8: 46579.212 | HY8: 51125.843 | HZ8: 26897.839 | IA8: 19443.575 | IB8: 72553.162 | IC8: 127706.2 | ID8: 112124.4 | IE8: 121099.4 | IF8: 121995.51 | IG8: 111298.71 | IH8: 111117.26 | II8: 81294.037 | IJ8: 272199.52 | IK8: 271742.68 | IL8: 430923.98 | IM8: 429064.36 | IN8: 159808.78 | IO8: 190537.83 | IP8: 85761.322 | IQ8: 93400.726 | IR8: 120279.55 | IS8: 133723.24 | IT8: 154102.14 | IU8: 129232.67 | IV8: 50003.914 | IW8: 52976.334 | IX8: 35740.589 | IY8: 31397.297 | IZ8: 44612.476 | JA8: 45563.82 | JB8: 20429.647 | JC8: 46448.83
A9: 7 | C9: 100 | D9: 150 | F9: 150 | G9: 150 | H9: 175 | I9: 175 | J9: 19260.95 | K9: 16116.3 | L9: 29264 | M9: 7198.456 | N9: 225 | O9: 225 | P9: 1238.444 | Q9: 1584.721 | R9: 7241.785 | S9: 8484.36 | U9: 37520.47 | V9: 1753.66 | X9: 5001.742 | Y9: 325 | Z9: 164940.2 | AA9: 84602.29 | AB9: 16207.39 | AC9: 29208.21 | AF9: 375 | AG9: 375 | AH9: 33470.24 | AI9: 16754.09 | AJ9: 9366.521 | AK9: 13043.17 | AL9: 2678.863 | AM9: 9912.648 | AN9: 2448.823 | AO9: 5423.941 | AP9: 4396.257 | AQ9: 4543.801 | AR9: 3169.97 | AS9: 1000 | AV9: 46098.57 | AW9: 58775.3 | AX9: 1976.931 | AY9: 1000 | AZ9: 1490.265 | BA9: 1000 | BB9: 6326.991 | BC9: 4648.904 | BD9: 625 | BE9: 625 | BF9: 650 | BG9: 650 | BH9: 675 | BI9: 675 | BJ9: 63646.412 | BK9: 39710.541 | BL9: 700 | BM9: 700 | BN9: 23046.345 | BO9: 20014.399 | BP9: 3229.0032 | BQ9: 1593.2374 | BT9: 6079.9246 | BU9: 3821.9903 | BV9: 1000 | BW9: 1061.3061 | BX9: 775 | BY9: 775 | BZ9: 1537.9982 | CA9: 1282.694 | CF9: 6287.3421 | CG9: 1000 | CH9: 4536.3045 | CI9: 3752.9297 | CJ9: 15868.738 | CK9: 24288.16 | CL9: 300 | CM9: 300 | CN9: 2277.0534 | CO9: 4813.7641 | CP9: 6417.8019 | CQ9: 1882.9571 | CR9: 600 | CS9: 600 | CT9: 33053.288 | CU9: 35358.334 | CV9: 2212.2998 | CW9: 5727.3154 | CX9: 900 | CY9: 900 | CZ9: 2010.4568 | DA9: 1282.0625 | DB9: 14473.532 | DC9: 14681.541 | DD9: 1208.6786 | DE9: 1614.5357 | DF9: 2123.9653 | DG9: 1763.6483 | DH9: 4980.0215 | DI9: 4920.3801 | DJ9: 5338.9344 | DK9: 2205.6155 | DN9: 105699.96 | DO9: 97659.737 | DP9: 1048.46 | DQ9: 1170.1859 | DR9: 74158.974 | DS9: 53977.688 | DT9: 327686.98 | DU9: 373066.41 | DV9: 576892.09 | DW9: 569284.48 | DX9: 128321.76 | DY9: 135047.93 | DZ9: 248795.68 | EA9: 243333.08 | EB9: 129411.47 | EC9: 106905.41 | ED9: 221908.16 | EE9: 225738.05 | EF9: 149026.08 | EG9: 43309.448 | EH9: 90722.252 | EI9: 57430.626 | EJ9: 5352.3016 | EK9: 1000 | EL9: 388473.08 | EM9: 473116.27 | EN9: 9895.6642 | EO9: 17516.222 | EP9: 354424.74 | EQ9: 363830.93 | ER9: 181850.92 | ES9: 180128.78 | ET9: 118718.76 | EU9: 69500.275 | EV9: 48022.236 | EW9: 54645.206 | EX9: 7574.3318 | EY9: 6341.7506 | EZ9: 6084.4274 | FA9: 9107.5373 | FB9: 10443.911 | FC9: 12258.884 | FD9: 21032.003 | FE9: 23479.126 | FF9: 43778.263 | FG9: 47665.863 | FH9: 9212.7056 | FI9: 10247.955 | FJ9: 13247.994 | FK9: 14911.779 | FL9: 12264.835 | FM9: 8066.3929 | FN9: 19186.747 | FO9: 15582.744 | FP9: 333351.5 | FQ9: 349528.6 | FR9: 522250.7 | FS9: 117689.6 | FT9: 222412.1 | FU9: 318137.2 | FV9: 837728 | FW9: 597391.9 | FX9: 1241652 | FY9: 1481489 | FZ9: 340240.5 | GA9: 311909.2 | GB9: 166313.3 | GC9: 212014.2 | GD9: 119899.2 | GE9: 23010.41 | GF9: 15407.86 | GG9: 30997.19 | GH9: 66704.842 | GI9: 54507.061 | GJ9: 106715.4 | GK9: 122989.17 | GL9: 174065.66 | GM9: 160921.77 | GN9: 241958.5 | GO9: 237307.19 | GP9: 62745.602 | GQ9: 59300.713 | GR9: 65051.292 | GS9: 60199.31 | GT9: 197464.28 | GU9: 172014.1 | GV9: 60740.669 | GW9: 62064.907 | GX9: 29155.378 | GY9: 29038.801 | GZ9: 153990.74 | HA9: 197466.05 | HB9: 167728.42 | HC9: 163531.07 | HD9: 27864.569 | HE9: 31185.505 | HF9: 355451.39 | HG9: 378224.91 | HH9: 10035.686 | HI9: 10589.602 | HJ9: 45771.942 | HK9: 55676.392 | HL9: 20051.401 | HM9: 23667.305 | HN9: 21093.845 | HO9: 18553.764 | HP9: 314545.53 | HQ9: 319366.42 | HR9: 519499.63 | HS9: 610852.23 | HT9: 209023.99 | HU9: 230417.47 | HV9: 290722.96 | HW9: 272150.7 | HX9: 329926.36 | HY9: 324066.96 | HZ9: 83732.151 | IA9: 104837.7 | IB9: 83702.591 | IC9: 88895.065 | ID9: 236485.26 | IE9: 198723.13 | IF9: 74333.687 | IG9: 88777.107 | IH9: 104575.23 | II9: 69831.36 | IJ9: 177789.6 | IK9: 175618.12 | IL9: 326841.13 | IM9: 296297.21 | IN9: 141403.96 | IO9: 126972.09 | IP9: 80598.015 | IQ9: 70662.743 | IR9: 117045.13 | IS9: 101014.66 | IT9: 134918.84 | IU9: 40954.117 | IV9: 69768.669 | IW9: 76532.639 | IX9: 40916.473 | IY9: 42519.913 | IZ9: 229884.29 | JA9: 206908.31 | JB9: 161072.81 | JC9: 119187.51
A10: 8 | C10: 100 | D10: 1402.587 | E10: 1543.419 | G10: 2400.679 | H10: 29490.19 | I10: 42556.27 | J10: 7240.208 | K10: 2681.838 | L10: 1905.022 | M10: 3079.95 | N10: 225 | O10: 225 | P10: 250 | R10: 1226.452 | S10: 5138.461 | T10: 19015.71 | U10: 15527.13 | V10: 1469.808 | W10: 1063.569 | X10: 8218.693 | Y10: 3188.707 | Z10: 247112.8 | AA10: 197157.9 | AB10: 1137.991 | AC10: 2702.855 | AF10: 5638.083 | AG10: 7002.655 | AH10: 14926.12 | AI10: 44932.72 | AJ10: 400 | AK10: 400 | AL10: 1588.818 | AM10: 2279.624 | AN10: 450 | AO10: 450 | AP10: 475 | AQ10: 475 | AR10: 5253.237 | AS10: 4144.569 | AV10: 525 | AW10: 525 | AX10: 9929.228 | AY10: 6492.203 | AZ10: 575 | BA10: 575 | BB10: 3882.467 | BC10: 2847.752 | BD10: 625 | BE10: 625 | BF10: 650 | BG10: 650 | BH10: 675 | BI10: 675 | BJ10: 47358.54 | BK10: 64686.806 | BL10: 190696.11 | BM10: 151151.4 | BN10: 121084.79 | BO10: 83984.97 | BP10: 52664.04 | BQ10: 44739.494 | BT10: 50547.924 | BU10: 34038.254 | BV10: 76295.853 | BW10: 62367.069 | BX10: 7417.4128 | BY10: 9994.6842 | BZ10: 800 | CA10: 800 | CF10: 3542.1383 | CG10: 5809.936 | CH10: 150 | CI10: 150 | CJ10: 200 | CK10: 200 | CL10: 300 | CM10: 300 | CN10: 400 | CO10: 400 | CP10: 1000 | CQ10: 1005.8596 | CR10: 600 | CS10: 600 | CT10: 1137.0364 | CU10: 5219.4448 | CV10: 800 | CW10: 800 | CX10: 900 | CY10: 900 | CZ10: 1065.2537 | DA10: 1684.3114 | DB10: 392409.09 | DC10: 368731.63 | DD10: 350 | DE10: 350 | DF10: 450 | DG10: 450 | DH10: 47354.107 | DI10: 46983.654 | DJ10: 17514.843 | DK10: 21304.882 | DN10: 101486.76 | DO10: 117202.74 | DP10: 29543.125 | DQ10: 36101.734 | DR10: 119200.97 | DS10: 180684.3 | DT10: 246211.14 | DU10: 189702.15 | DV10: 173307.62 | DW10: 191576.2 | DX10: 175593.99 | DY10: 174389.82 | DZ10: 217565.2 | EA10: 195255.86 | EB10: 259263.52 | EC10: 207233.63 | ED10: 190058.3 | EE10: 167180.8 | EF10: 55320.354 | EG10: 78166.275 | EH10: 297028.08 | EI10: 282552.19 | EJ10: 208994.55 | EK10: 182457.86 | EN10: 14612.526 | EO10: 1000 | EP10: 341763.31 | EQ10: 347443.24 | ER10: 188628.27 | ES10: 169806.12 | ET10: 184526.93 | EU10: 164013.35 | EV10: 118126.54 | EW10: 122945.75 | EX10: 202388.84 | EY10: 197769.85 | EZ10: 1015369.9 | FA10: 907638.98 | FB10: 260714.11 | FC10: 253259.66 | FD10: 308733.76 | FE10: 328443.91 | FF10: 944594.6 | FG10: 979362.49 | FH10: 667423.65 | FI10: 702760.19 | FJ10: 147336.7 | FK10: 150010.59 | FL10: 423525.7 | FM10: 444993.1 | FN10: 393089.78 | FO10: 359155.46 | FP10: 97886.15 | FQ10: 108380.5 | FR10: 1707781 | FS10: 2523630 | FT10: 253365.2 | FU10: 296896.3 | FV10: 69770.2 | FW10: 158263.8 | FX10: 284462.1 | FY10: 472839.2 | FZ10: 64376.07 | GA10: 66912.69 | GB10: 474055.8 | GC10: 426893 | GD10: 195887.3 | GE10: 197472.4 | GF10: 4985.997 | GG10: 2575.348 | GH10: 138821.88 | GI10: 96429.787 | GJ10: 68372.452 | GK10: 48808.746 | GL10: 134693.41 | GM10: 131497.79 | GN10: 90096.321 | GO10: 76727.936 | GP10: 19806.713 | GQ10: 48211.754 | GR10: 53092.003 | GS10: 59643.955 | GT10: 413541.96 | GU10: 436984.74 | GV10: 164339.58 | GW10: 63379.913 | GX10: 39579.758 | GY10: 58067.715 | GZ10: 71968.956 | HA10: 67877.609 | HB10: 102567.73 | HC10: 87463.463 | HD10: 140754.9 | HE10: 169858.37 | HF10: 255349.69 | HG10: 232027.37 | HH10: 278704.16 | HI10: 285318.18 | HJ10: 52843.208 | HK10: 46583.969 | HL10: 23974.054 | HM10: 23752.01 | HN10: 171958.76 | HO10: 205135.33 | HP10: 144475.23 | HQ10: 146451.36 | HR10: 142943.08 | HS10: 163860.55 | HT10: 129187.19 | HU10: 134150.27 | HV10: 145944.14 | HW10: 145579.35 | HX10: 202887.63 | HY10: 212742.86 | HZ10: 244952.35 | IA10: 265966.98 | IB10: 73108.955 | IC10: 67057.808 | ID10: 104274.6 | IE10: 96965.317 | IF10: 110082.32 | IG10: 108218.23 | IH10: 124782.91 | II10: 121441.77 | IJ10: 285646.7 | IK10: 202132.92 | IN10: 161966.31 | IO10: 122721.6 | IP10: 57067.062 | IQ10: 56072.376 | IR10: 107522.28 | IS10: 109102.4 | IT10: 332563.72 | IU10: 259356.9 | IV10: 225146.23 | IW10: 190170.87 | IX10: 129811.77 | IY10: 85717.636 | IZ10: 204349.81 | JA10: 136697.72 | JB10: 164954.88 | JC10: 110178.69
A11: 9 | B11: 1787.839 | D11: 3619.834 | E11: 1228.187 | G11: 150 | H11: 229114.8 | I11: 313293 | J11: 32476.7 | K11: 32589.12 | L11: 1137.711 | N11: 225 | O11: 225 | P11: 15881.49 | Q11: 5227.599 | R11: 4874.872 | S11: 6260.458 | T11: 12821.76 | U11: 16540.35 | V11: 36367.85 | W11: 26019.28 | X11: 325 | Y11: 325 | Z11: 60090.33 | AA11: 76763.38 | AC11: 350 | AF11: 375 | AG11: 375 | AH11: 1157.471 | AI11: 3443.771 | AJ11: 3281.049 | AK11: 1000 | AL11: 1000 | AM11: 1960.148 | AN11: 450 | AO11: 450 | AP11: 10938.08 | AQ11: 1000 | AR11: 500 | AS11: 500 | AV11: 1173.655 | AW11: 1000 | AZ11: 575 | BA11: 575 | BB11: 600 | BC11: 600 | BD11: 625 | BE11: 625 | BF11: 650 | BG11: 650 | BH11: 675 | BI11: 675 | BJ11: 366030 | BK11: 350238.19 | BL11: 440885.13 | BM11: 587824.71 | BN11: 2115301.3 | BO11: 2435939.7 | BP11: 274227.84 | BQ11: 440991.58 | BT11: 274239.26 | BU11: 115563.48 | BV11: 631475.1 | BW11: 347391.24 | BX11: 1000 | BY11: 3185.7009 | BZ11: 800 | CA11: 800 | CF11: 875 | CG11: 875 | CH11: 3096099.9 | CI11: 2866963.4 | CJ11: 1840.5228 | CK11: 1170.8864 | CL11: 1000 | CM11: 5172.1601 | CN11: 1233.2982 | CO11: 1211.9024 | CP11: 2215.1771 | CQ11: 3599.9358 | CR11: 17182.878 | CS11: 7699.9111 | CT11: 4986.095 | CU11: 5996.0032 | CV11: 800 | CW11: 800 | CX11: 3844.084 | CY11: 1000 | CZ11: 15121.368 | DA11: 16607.063 | DB11: 1615181.9 | DC11: 1387381.1 | DD11: 350 | DE11: 350 | DF11: 7376.2393 | DG11: 6656.7731 | DH11: 2870901.9 | DI11: 2895745.1 | DJ11: 537236.63 | DK11: 486738.13 | DN11: 86244.713 | DO11: 73700.844 | DP11: 826866.88 | DQ11: 768486.69 | DR11: 397678.74 | DS11: 406580.78 | DT11: 258800.9 | DU11: 253876.25 | DV11: 903969.85 | DW11: 899146.97 | DX11: 537017.21 | DY11: 571462.95 | DZ11: 97648.308 | EA11: 196591.4 | EB11: 323797.82 | EC11: 300794.25 | ED11: 50993.179 | EE11: 54614.59 | EF11: 124530.72 | EG11: 122742.83 | EH11: 340542.88 | EI11: 320489.04 | EJ11: 595280.33 | EK11: 472529.88 | EN11: 408079.68 | EO11: 643898.62 | EP11: 274182.04 | EQ11: 307314.03 | ER11: 27644.398 | ES11: 254411.67 | ET11: 62439.19 | EU11: 182043.93 | EV11: 486642.82 | EW11: 507629.39 | EX11: 108199.09 | EY11: 112846.57 | EZ11: 492409.67 | FA11: 467289.12 | FB11: 160589.42 | FC11: 157196.91 | FD11: 511207.95 | FE11: 587043.64 | FF11: 623732.54 | FG11: 615633.67 | FH11: 149933.53 | FI11: 146281.77 | FJ11: 119391.04 | FK11: 116686.42 | FL11: 438107.36 | FM11: 415601.17 | FN11: 246943.39 | FO11: 209800.66 | FP11: 25852.57 | FQ11: 11323.36 | FR11: 525951.6 | FS11: 223741.4 | FT11: 130777.5 | FU11: 147358.6 | FV11: 14995.12 | FW11: 18638.36 | FX11: 747634.1 | FY11: 922857.3 | FZ11: 141838.9 | GA11: 233487.2 | GB11: 1193860 | GC11: 1630967 | GD11: 141864.5 | GE11: 118259.4 | GF11: 398691.6 | GG11: 977814.9 | GH11: 43609.219 | GI11: 57219.044 | GJ11: 83173.729 | GK11: 61341.198 | GL11: 96919.281 | GM11: 15381.191 | GN11: 27798.086 | GO11: 43950.863 | GP11: 59615.265 | GQ11: 74120.239 | GR11: 115738.48 | GS11: 125438.46 | GT11: 95368.69 | GU11: 123176.29 | GV11: 127701.16 | GW11: 137984.42 | GX11: 40693.653 | GY11: 19954.706 | GZ11: 85575.523 | HA11: 101975.26 | HB11: 217106.32 | HC11: 202209.18 | HD11: 217817.28 | HE11: 187311.49 | HF11: 322085.6 | HG11: 237282.75 | HH11: 239484.92 | HI11: 182491.56 | HJ11: 118623.54 | HK11: 79955.933 | HL11: 50865.204 | HM11: 50976.337 | HN11: 83908.272 | HO11: 79273.643 | HP11: 136933.94 | HQ11: 147353.84 | HR11: 129558.69 | HS11: 123624.98 | HT11: 70457.588 | HU11: 60694.153 | HV11: 204823.76 | HW11: 187599.99 | HX11: 147500.15 | HY11: 138587.88 | HZ11: 214039.1 | IA11: 216201.64 | IB11: 39511.508 | IC11: 29983.046 | ID11: 105442.25 | IE11: 114641.24 | IF11: 229980.54 | IG11: 213901.52 | IH11: 114668.11 | II11: 207540.59 | IJ11: 134423.27 | IK11: 151901.57 | IL11: 130163.07 | IM11: 138456.93 | IO11: 71205.597 | IP11: 130245.43 | IQ11: 108660.42 | IR11: 216729.17 | IS11: 254189.78 | IT11: 154034.16 | IU11: 150689.16 | IV11: 189615.1 | IW11: 209308.62 | IX11: 100916.3 | IY11: 95146.952 | IZ11: 132475.58 | JA11: 133145.07 | JB11: 162100.73 | JC11: 145718.38
A12: 10 | D12: 1093.334 | F12: 3454.991 | P12: 250 | Q12: 3900.118 | T12: 62368.24 | U12: 68560.34 | V12: 177403.2 | W12: 119912.3 | X12: 37540.27 | Y12: 14681.28 | Z12: 300245.2 | AJ12: 400 | AK12: 400 | AL12: 425 | AM12: 425 | AN12: 450 | AO12: 450 | AP12: 475 | AQ12: 475 | AR12: 500 | AS12: 500 | AV12: 1000 | AW12: 2131.745 | AZ12: 575 | BA12: 575 | BB12: 600 | BC12: 600 | BD12: 625 | BE12: 625 | BF12: 650 | BG12: 650 | BH12: 1000 | BI12: 1135.406 | BJ12: 154562.53 | BK12: 313993.56 | BL12: 882048.89 | BM12: 883221.68 | BN12: 1030847.9 | BO12: 866943.18 | BP12: 1091995.6 | BQ12: 1095360.6 | BT12: 12884.498 | BU12: 7753.9363 | BV12: 168095.92 | BW12: 43605.087 | BX12: 87088.47 | BY12: 134418.66 | BZ12: 800 | CA12: 800 | CF12: 10629.594 | CG12: 16033.804 | CH12: 2111815.7 | CI12: 1349335.3 | CJ12: 1000 | CK12: 3090.0385 | CL12: 300 | CM12: 300 | CN12: 400 | CO12: 400 | CP12: 1000 | CQ12: 1518.2757 | CR12: 277092.53 | CS12: 292808.53 | CT12: 2291.7204 | CU12: 1000 | CV12: 3273.2618 | CW12: 1000 | CX12: 2357.2457 | CY12: 1000 | CZ12: 117248.7 | DA12: 123048.57 | DD12: 350 | DE12: 350 | DF12: 53900.028 | DG12: 53611.858 | DH12: 294117.61 | DI12: 317149.2 | DJ12: 754560.06 | DK12: 693760.99 | DN12: 79537.437 | DO12: 74413.391 | DP12: 548492.61 | DQ12: 557754.21 | DR12: 772021.91 | DS12: 524714.72 | DT12: 72292.046 | DU12: 3594.8136 | DV12: 898410.71 | DW12: 1368616.3 | DX12: 391465.85 | DY12: 307378.81 | DZ12: 797166.2 | EA12: 877439.09 | EB12: 926929.14 | EC12: 647764.59 | ED12: 37353.779 | EE12: 32572.33 | EF12: 41726.36 | EG12: 95981.522 | EH12: 123626.29 | EI12: 287392.46 | EJ12: 554577.58 | EK12: 568588.56 | EN12: 323582.58 | EO12: 205355.64 | EP12: 280119.51 | EQ12: 259153.93 | ER12: 1427884 | ES12: 1284997.6 | ET12: 260436.92 | EU12: 163065.72 | EV12: 188932.82 | EW12: 207710.25 | EX12: 65040.115 | EY12: 72477.196 | EZ12: 183178.39 | FA12: 196562.47 | FB12: 117771.64 | FC12: 118612.47 | FD12: 307681.73 | FE12: 310399.08 | FF12: 335350.04 | FG12: 354827.3 | FH12: 74917.9 | FI12: 62669.632 | FJ12: 46967.621 | FK12: 50117.569 | FL12: 180983.15 | FM12: 168684.42 | FN12: 161477.14 | FO12: 161173.92 | FP12: 165269.9 | FQ12: 329813.2 | FR12: 925409.9 | FS12: 835885.6 | FT12: 331223.5 | FU12: 310378.4 | FV12: 232860.8 | FW12: 188575.8 | FX12: 612350.8 | FY12: 370419.4 | FZ12: 270472.3 | GA12: 505717.8 | GB12: 2150936 | GC12: 273332.7 | GD12: 435904.2 | GE12: 140452.1 | GF12: 292154.2 | GG12: 266204.3 | GH12: 201661.36 | GI12: 192402.83 | GJ12: 267056.3 | GK12: 244264.76 | GL12: 72672.699 | GM12: 95189.941 | GN12: 63613.285 | GO12: 77713.989 | GP12: 151869.71 | GQ12: 125513.45 | GR12: 164899.96 | GS12: 113317.94 | GT12: 293706.91 | GU12: 288792.02 | GV12: 416044.07 | GW12: 331282.35 | GX12: 123787.35 | GY12: 39494.453 | GZ12: 225003.69 | HA12: 241600.37 | HB12: 165769.41 | HC12: 157242.8 | HD12: 108650.43 | HE12: 128067.6 | HF12: 148477.14 | HG12: 137314.94 | HH12: 83977.432 | HI12: 81541.313 | HJ12: 85587.746 | HK12: 108099.4 | HL12: 24292.957 | HM12: 34019.341 | HN12: 99603.523 | HO12: 100450.94 | HP12: 68971.519 | HQ12: 82010.864 | HS12: 148430.97 | HU12: 61798.481 | HW12: 81894.577 | HY12: 143629.01 | HZ12: 310549.56 | IA12: 348254.21 | IB12: 48860.184 | IC12: 50790.939 | ID12: 113983.69 | IE12: 127825.57 | IF12: 179623.92 | IG12: 190097.63 | IH12: 191571.29 | II12: 168488.69 | IJ12: 404793.46 | IK12: 417158.42 | IL12: 82866.409 | IM12: 83346.443 | IN12: 80134.361 | IO12: 86698.601 | IP12: 182465.85 | IQ12: 195336.15 | IR12: 227961.88 | IS12: 257903.9 | IT12: 169955.31 | IU12: 186162.17 | IV12: 529539.31 | IW12: 549590.09 | IX12: 147987.75 | IY12: 154125.26 | IZ12: 317606.23 | JA12: 344417.51 | JB12: 151088.09 | JC12: 167057.17
A13: 11 | B13: 100 | C13: 100 | D13: 5836.632 | E13: 1000 | F13: 12600.44 | G13: 24784.28 | J13: 1842296 | K13: 1957775 | L13: 1983.719 | M13: 3660.596 | N13: 5322.637 | O13: 5531.137 | P13: 2170.254 | R13: 5772.689 | S13: 24669.69 | T13: 779301.2 | U13: 1150835 | V13: 1464034 | W13: 1177284 | X13: 325 | Y13: 325 | Z13: 264465.9 | AA13: 380590.2 | AB13: 1331.731 | AC13: 1799.49 | AF13: 2253.544 | AG13: 2146.016 | AH13: 26155.14 | AI13: 23421.76 | AJ13: 400 | AK13: 400 | AL13: 8387.472 | AM13: 7843.945 | AN13: 450 | AO13: 450 | AP13: 4084.315 | AQ13: 9726.545 | AR13: 1311.079 | AS13: 1000 | AV13: 525 | AW13: 525 | AZ13: 575 | BA13: 575 | BB13: 600 | BC13: 600 | BD13: 625 | BE13: 625 | BF13: 650 | BG13: 650 | BH13: 2669.914 | BI13: 1000 | BJ13: 517585.63 | BK13: 500137.94 | BL13: 98481.3 | BM13: 21414.318 | BN13: 595974.06 | BO13: 467576.02 | BP13: 298615.51 | BQ13: 244431.41 | BT13: 3834.3167 | BU13: 1634.8343 | BX13: 81307.198 | BY13: 57053.062 | BZ13: 513301.45 | CA13: 442574.52 | CF13: 875 | CG13: 875 | CH13: 1142259.2 | CI13: 1130533.3 | CJ13: 11828.296 | CK13: 13414.272 | CL13: 2450.5205 | CM13: 1000 | CN13: 400 | CO13: 400 | CR13: 2971417 | CS13: 2605152.1 | CT13: 3541.8646 | CU13: 2795.9862 | CV13: 6727.8643 | CW13: 1076.8489 | CX13: 900 | CY13: 900 | CZ13: 568957.95 | DA13: 540678.77 | DD13: 350 | DE13: 350 | DF13: 177350.02 | DG13: 199690.12 | DH13: 166616.91 | DI13: 193384.51 | DJ13: 530302.8 | DK13: 562218.81 | DN13: 115275.46 | DO13: 121822.88 | DP13: 412243.07 | DQ13: 490824.68 | DR13: 38189.911 | DS13: 36537.693 | DT13: 221186.9 | DU13: 181512.76 | DV13: 612014.83 | DW13: 590062.44 | DZ13: 1860412 | EA13: 1761851.7 | EB13: 332315.58 | EC13: 315436.58 | ED13: 77631.607 | EE13: 14670.07 | EF13: 84153.252 | EG13: 106019.39 | EH13: 310329.65 | EI13: 256241.24 | EJ13: 299506.23 | EK13: 371679.08 | EN13: 429533.87 | EO13: 467475.04 | EP13: 153818.51 | EQ13: 142419.08 | ER13: 726112.73 | ES13: 734977.17 | ET13: 57032.455 | EU13: 21585.623 | EV13: 146405.96 | EW13: 142071.72 | EX13: 35220.135 | EY13: 45236.931 | EZ13: 150611.31 | FA13: 158080.8 | FB13: 71076.141 | FC13: 58731.098 | FD13: 261497.47 | FE13: 281428.5 | FF13: 190240.33 | FG13: 170398.01 | FH13: 51858.227 | FI13: 66518.341 | FJ13: 29094.881 | FK13: 29256.144 | FL13: 59678.474 | FM13: 64132.156 | FN13: 79690.453 | FO13: 79433.815 | FP13: 165617.9 | FQ13: 197643.3 | FR13: 509659.9 | FS13: 246270.5 | FT13: 305478.7 | FU13: 245568.7 | FV13: 315666.7 | FW13: 855933.4 | FX13: 831565 | FY13: 849860.4 | FZ13: 231240.5 | GA13: 141712.9 | GD13: 156981 | GE13: 190463.4 | GF13: 183538.1 | GG13: 229462.2 | GH13: 92163.971 | GI13: 54894.684 | GJ13: 128084.63 | GK13: 227301.45 | GL13: 41268.745 | GM13: 29992.615 | GN13: 87913.597 | GO13: 92614.792 | GP13: 82914.001 | GQ13: 72922.737 | GR13: 154445.85 | GS13: 173335.17 | GT13: 164689.5 | GU13: 106441.89 | GV13: 190057.48 | GW13: 179132.29 | GX13: 111875.75 | GY13: 93804.359 | GZ13: 58178.139 | HA13: 56615.257 | HB13: 94656.677 | HC13: 89673.439 | HD13: 10653.212 | HE13: 7710.7792 | HF13: 192763.95 | HG13: 160028.03 | HH13: 60288.078 | HI13: 72497.765 | HJ13: 62856.846 | HK13: 75484.512 | HL13: 10876.126 | HM13: 9278.594 | HN13: 57131.157 | HO13: 50219.231 | HP13: 115934.34 | HQ13: 134369.42 | HR13: 112873.66 | HS13: 117896.96 | HT13: 45517.681 | HU13: 44237.587 | HV13: 599578.19 | HW13: 582945.25 | HX13: 57422.024 | HY13: 53317.047 | HZ13: 352788.33 | IA13: 329226.59 | IB13: 62139.359 | IC13: 58875.984 | ID13: 161083.83 | IE13: 150555.82 | IF13: 199254.88 | IG13: 194860.21 | IH13: 232827.87 | II13: 198543.06 | IJ13: 580287.48 | IK13: 636138.12 | IL13: 125867.49 | IM13: 126730.8 | IN13: 184381.94 | IO13: 167748.35 | IP13: 152270.48 | IQ13: 152403.75 | IR13: 212057.36 | IS13: 187319.09 | IT13: 102153.34 | IU13: 113807.07 | IV13: 247253.66 | IW13: 239693.85 | IX13: 131223.79 | IY13: 132123.32 | IZ13: 123591.95 | JA13: 150737.44 | JB13: 251671.71 | JC13: 219616.52
A14: 12 | B14: 100 | C14: 100 | D14: 2097.939 | E14: 1000 | F14: 57628.15 | G14: 29132.15 | J14: 507461.9 | K14: 592055.2 | L14: 200 | M14: 200 | O14: 225 | Q14: 250 | R14: 3395.19 | S14: 1000 | T14: 892530.9 | U14: 541578.7 | V14: 1330217 | W14: 1540429 | X14: 170753.6 | Y14: 335914.7 | Z14: 101685 | AA14: 129996.6 | AB14: 2935.849 | AC14: 13279.79 | AF14: 375 | AG14: 375 | AH14: 2386806 | AI14: 1724230 | AJ14: 400 | AK14: 400 | AL14: 425 | AM14: 425 | AN14: 450 | AP14: 475 | AQ14: 475 | AR14: 500 | AS14: 500 | AV14: 525 | AW14: 525 | AZ14: 575 | BA14: 575 | BB14: 10683.74 | BC14: 6272.254 | BJ14: 1422517.1 | BK14: 1206357.2 | BL14: 204330.86 | BM14: 200216.35 | BN14: 496362.03 | BO14: 540157.78 | BP14: 200949.86 | BQ14: 183993.71 | BT14: 192153.73 | BU14: 86676.903 | BX14: 376018.04 | BY14: 2469065.7 | BZ14: 1000 | CA14: 4524.2453 | CF14: 738702.27 | CG14: 731708.98 | CH14: 261404.91 | CI14: 262618.59 | CJ14: 200 | CK14: 200 | CL14: 300 | CM14: 300 | CN14: 400 | CO14: 400 | CR14: 1314850.3 | CS14: 1163766.5 | CT14: 700 | CU14: 700 | CX14: 900 | CY14: 900 | CZ14: 119533.83 | DA14: 116805.05 | DD14: 350 | DE14: 350 | DF14: 195099.52 | DG14: 204458.56 | DH14: 130453.12 | DI14: 111722.53 | DJ14: 606287.78 | DK14: 582046.2 | DN14: 117629.1 | DO14: 138735.66 | DP14: 115223.82 | DQ14: 119149.72 | DR14: 656952.27 | DS14: 729092.77 | DT14: 442313.54 | DU14: 394173.16 | DV14: 524692.81 | DW14: 702711.85 | DZ14: 1508123.3 | EA14: 1015530.6 | ED14: 109326.7 | EE14: 98491.074 | EF14: 318751.92 | EG14: 297185.82 | EH14: 401494.69 | EI14: 313927.8 | EJ14: 338792.3 | EK14: 250499.4 | EN14: 599987.67 | EO14: 565555.73 | EP14: 536363.04 | EQ14: 359821.35 | ER14: 3205862.5 | ES14: 2722077.9 | ET14: 207888.35 | EU14: 171217.86 | EV14: 72762.329 | EW14: 70651.802 | EX14: 33975.407 | EY14: 31281.191 | EZ14: 132846.05 | FA14: 135556.76 | FB14: 43525.356 | FC14: 50383.85 | FD14: 183932.79 | FE14: 178904.42 | FF14: 228838.85 | FG14: 204602.75 | FH14: 46543.144 | FI14: 40966.48 | FJ14: 83664.94 | FK14: 80200.981 | FL14: 76660.675 | FM14: 87570.808 | FN14: 108189.97 | FO14: 100859.9 | FP14: 176830.1 | FQ14: 184525.2 | FR14: 498098.3 | FS14: 352706.1 | FT14: 356409.3 | FU14: 348371.5 | FV14: 96800.95 | FW14: 50597.53 | FX14: 58515.93 | FY14: 69485.6 | FZ14: 212343 | GA14: 211218.7 | GD14: 42782.14 | GE14: 14657.05 | GF14: 279632.2 | GG14: 248520.4 | GH14: 78373.856 | GI14: 36493.462 | GJ14: 112575.16 | GK14: 145291.93 | GL14: 42408.894 | GM14: 33624.966 | GN14: 80122.162 | GO14: 84934.28 | GP14: 186259.25 | GQ14: 168090.03 | GR14: 93072.571 | GS14: 57236.691 | GT14: 39753.769 | GU14: 67945.038 | GV14: 132127.7 | GW14: 112831.02 | GX14: 112100.46 | GY14: 47865.894 | GZ14: 114028.27 | HA14: 103850.27 | HB14: 73037.109 | HC14: 81905.22 | HD14: 251059.42 | HE14: 244631 | HF14: 85136.253 | HG14: 90757.805 | HH14: 179712.81 | HI14: 158516.66 | HJ14: 60282.951 | HK14: 68968.399 | HL14: 16845.984 | HM14: 15427.27 | HN14: 36446.854 | HO14: 35931.74 | HP14: 147067.7 | HQ14: 158166.56 | HR14: 100539 | HS14: 102023.1 | HT14: 69932.365 | HU14: 75354.523 | HV14: 59089.108 | HW14: 55311.974 | HZ14: 282270.78 | IA14: 280592.25 | IB14: 66126.709 | IC14: 86884.75 | ID14: 251493.7 | IE14: 275639.98 | IF14: 278430.51 | IG14: 278692.93 | IH14: 924120.97 | II14: 895520.2 | IJ14: 1116631.1 | IK14: 1109969 | IL14: 176235.18 | IM14: 186992.02 | IN14: 174810.82 | IO14: 174081.57 | IP14: 184366.76 | IQ14: 202986.25 | IR14: 225520.31 | IS14: 225980.85 | IT14: 64080.261 | IU14: 66024.277 | IV14: 357401.37 | IW14: 355253.94 | IX14: 182645.42 | IY14: 190441.12 | IZ14: 130930.22 | JA14: 139200.33 | JB14: 358842.53 | JC14: 354856.23
A15: 13 | B15: 100 | C15: 100 | D15: 1409.507 | E15: 5797.37 | F15: 37029.22 | G15: 48183.79 | J15: 263226.2 | K15: 241339.4 | L15: 200 | M15: 200 | O15: 225 | P15: 1930.37 | Q15: 4312.544 | R15: 1095.942 | T15: 699051.4 | U15: 1135838 | V15: 959804 | W15: 1030323 | X15: 97180.48 | Y15: 138240.7 | Z15: 122794.2 | AA15: 121572.2 | AB15: 1166.982 | AC15: 1839.689 | AF15: 2030.119 | AG15: 2810.009 | AH15: 1104818 | AI15: 1249948 | AJ15: 400 | AK15: 400 | AL15: 425 | AM15: 425 | AN15: 450 | AO15: 450 | AP15: 475 | AQ15: 475 | AR15: 500 | AS15: 500 | AV15: 525 | AZ15: 575 | BA15: 575 | BB15: 5146.928 | BC15: 7058.751 | BJ15: 2407839.8 | BK15: 2944238.8 | BL15: 308781.04 | BM15: 406347.75 | BN15: 558218.63 | BO15: 547877.14 | BP15: 680404.36 | BQ15: 767512.63 | BT15: 246078.9 | BU15: 244896.04 | BX15: 465302.43 | BY15: 539933.23 | BZ15: 800 | CA15: 800 | CF15: 568186.77 | CG15: 596358.03 | CH15: 1910223.3 | CI15: 2636818.4 | CJ15: 1000 | CK15: 3956.1515 | CL15: 8181.7751 | CM15: 6672.6317 | CR15: 837487.73 | CS15: 740272.4 | CT15: 700 | CU15: 700 | CX15: 900 | CY15: 900 | CZ15: 146290.39 | DA15: 146920.85 | DD15: 350 | DE15: 350 | DF15: 162174.77 | DG15: 156007.25 | DH15: 127219.84 | DI15: 126823.65 | DJ15: 482594.64 | DK15: 436675.57 | DN15: 322701.29 | DO15: 288324.95 | DP15: 63382.858 | DQ15: 62076.752 | DR15: 914880.92 | DS15: 899657.35 | DT15: 484707.18 | DU15: 723468.57 | DV15: 863077.82 | DW15: 865800.23 | DZ15: 4006459.5 | EA15: 3982858.4 | ED15: 323797.91 | EE15: 330042.57 | EF15: 276499.18 | EG15: 270178.89 | EH15: 567776.12 | EI15: 706269.41 | EJ15: 2029931 | EK15: 2030761.5 | EN15: 690593.57 | EO15: 686622.31 | EP15: 557297.3 | EQ15: 500272.09 | ET15: 357984.77 | EU15: 372269.99 | EV15: 43314.751 | EW15: 48228.168 | EX15: 74193.336 | EY15: 54770.496 | EZ15: 122242.33 | FA15: 107575.04 | FB15: 80071.625 | FC15: 73222.45 | FD15: 293528.47 | FE15: 313638.09 | FF15: 229012.22 | FG15: 262517.97 | FH15: 6077.1832 | FI15: 7049.6054 | FJ15: 19206.696 | FK15: 16880.63 | FL15: 38360.493 | FM15: 37070.377 | FN15: 111052.89 | FO15: 110439.37 | FP15: 124196.5 | FQ15: 145065.7 | FR15: 147475.5 | FS15: 117603.7 | FT15: 351754.4 | FU15: 376508.1 | FV15: 614168.7 | FW15: 828492.3 | FX15: 494305.1 | FY15: 309400.9 | FZ15: 12173.38 | GA15: 13207.44 | GD15: 4243.209 | GE15: 9858.711 | GF15: 171578.6 | GG15: 103404.6 | GH15: 111677.22 | GI15: 325323.55 | GJ15: 518824.04 | GK15: 328207.37 | GL15: 749536.13 | GM15: 685783.75 | GN15: 168389.97 | GO15: 184755.54 | GP15: 213753.72 | GQ15: 228471.47 | GR15: 88117.493 | GS15: 226589.71 | GT15: 297308.5 | GU15: 226460.39 | GV15: 126584.45 | GW15: 113448.28 | GX15: 154196.47 | GY15: 143258.44 | GZ15: 227757.28 | HA15: 225353.56 | HB15: 347255.71 | HC15: 357459.23 | HD15: 546908.81 | HE15: 488270.17 | HF15: 279137.18 | HG15: 280601.87 | HH15: 303357.6 | HI15: 303237.85 | HJ15: 70282.379 | HK15: 71427.322 | HL15: 46029.606 | HM15: 52260.345 | HN15: 41613.43 | HO15: 41915.359 | HP15: 689052.55 | HQ15: 745294.25 | HR15: 97515.701 | HS15: 114824.34 | HT15: 60222.412 | HU15: 52327.839 | HV15: 102111.4 | HW15: 100252.3 | HZ15: 150626.25 | IA15: 171984.86 | IB15: 17016.375 | IC15: 25697.432 | ID15: 109252.95 | IE15: 114115.41 | IF15: 152443.44 | IG15: 168445.04 | IH15: 445821.96 | II15: 464338.17 | IL15: 51769.615 | IM15: 70505.989 | IN15: 69026.894 | IO15: 64635.368 | IP15: 162486.69 | IQ15: 188738.62 | IR15: 143169.49 | IS15: 147384.09 | IT15: 43504.513 | IU15: 42246.62 | IV15: 170305.36 | IW15: 191148.71 | IX15: 142378.42 | IY15: 185808.72 | IZ15: 90910.622 | JA15: 96642.471 | JB15: 142253.49 | JC15: 162945.57
A16: 14 | B16: 100 | D16: 2233.539 | F16: 232303.8 | G16: 198574.9 | J16: 158187.6 | K16: 148741.7 | L16: 3874.285 | M16: 8772.311 | O16: 225 | P16: 2482.639 | Q16: 2759.661 | S16: 1001.209 | T16: 1476830 | U16: 1777859 | V16: 2851835 | W16: 1632702 | X16: 105999.9 | Y16: 92062.88 | Z16: 112313.8 | AA16: 66051.82 | AB16: 2582.959 | AC16: 5559.808 | AF16: 375 | AG16: 375 | AH16: 175790.2 | AI16: 449717.1 | AJ16: 400 | AK16: 400 | AL16: 7643.307 | AM16: 21998.13 | AN16: 450 | AO16: 450 | AR16: 500 | AS16: 500 | AV16: 525 | AW16: 525 | AZ16: 575 | BA16: 575 | BB16: 449633.9 | BC16: 404561.2 | BJ16: 344600.59 | BK16: 410164.55 | BL16: 87810.989 | BM16: 101780.08 | BN16: 33590.275 | BO16: 29828.512 | BT16: 642895.87 | BU16: 583284.61 | BX16: 3136161.6 | BY16: 2827361.1 | BZ16: 8045.0182 | CA16: 14531.45 | CF16: 418065.64 | CG16: 457300.29 | CH16: 1996891.5 | CI16: 1898689.9 | CJ16: 200 | CK16: 200 | CL16: 300 | CM16: 300 | CR16: 486657.68 | CS16: 461727.97 | CT16: 700 | CU16: 700 | CX16: 900 | CY16: 900 | CZ16: 80093.338 | DA16: 103998.74 | DD16: 350 | DE16: 350 | DF16: 113311.91 | DG16: 123396.09 | DH16: 53568.382 | DI16: 63236.313 | DJ16: 197391.78 | DK16: 202951.46 | DP16: 84882.881 | DQ16: 76510.246 | DR16: 370334.2 | DS16: 366838.71 | DT16: 400524.87 | DU16: 224573.17 | DV16: 125890.64 | DW16: 26049.889 | DZ16: 673759.83 | EA16: 722493.65 | ED16: 161683.52 | EE16: 187222.05 | EF16: 187392.39 | EG16: 199404.59 | EH16: 1175893.9 | EI16: 1071743.4 | EJ16: 439168.58 | EK16: 497414.52 | EN16: 39514.599 | EO16: 25765.345 | EP16: 144887.89 | EQ16: 119418.38 | ET16: 121370.91 | EU16: 13679.074 | EV16: 58930.237 | EW16: 68169.678 | EX16: 32858.07 | EY16: 34884.67 | EZ16: 90693.558 | FA16: 95610.359 | FB16: 36789.516 | FC16: 38421.734 | FD16: 118542.22 | FE16: 114316.87 | FF16: 124407.58 | FG16: 117976.68 | FH16: 30509.01 | FI16: 30779.427 | FJ16: 20181.646 | FK16: 23301.849 | FL16: 34162.533 | FM16: 42958.801 | FN16: 61598.034 | FO16: 61917.08 | FP16: 58148.19 | FQ16: 44145.66 | FR16: 180615.5 | FS16: 283543.9 | FT16: 53521.65 | FU16: 191456.2 | FV16: 17012.98 | FW16: 16170.04 | FX16: 29651.79 | FY16: 52448.56 | FZ16: 2233.062 | GA16: 6096.179 | GD16: 80376.46 | GE16: 68689.86 | GF16: 114647 | GG16: 155902.5 | GH16: 601729.86 | GI16: 586811.71 | GJ16: 265058.72 | GK16: 241098.33 | GL16: 318093.69 | GM16: 159759.41 | GN16: 200832.47 | GO16: 233509.02 | GP16: 120383.45 | GQ16: 123782.61 | GR16: 298641.66 | GS16: 238694.21 | GT16: 529013.79 | GU16: 454818.45 | GV16: 341928.13 | GW16: 387775.48 | GX16: 209596.47 | GY16: 227756.13 | GZ16: 206708.83 | HA16: 193321.81 | HB16: 472768.77 | HC16: 396016.17 | HD16: 420067.6 | HE16: 368194.27 | HF16: 438878.23 | HG16: 486278.38 | HH16: 940825.56 | HI16: 965914.73 | HJ16: 59637.753 | HK16: 63097.87 | HL16: 69046.478 | HM16: 67407.936 | HN16: 78588.234 | HO16: 79438.339 | HP16: 283877.01 | HQ16: 260555.97 | HR16: 121416.56 | HS16: 96226.944 | HT16: 71411.171 | HU16: 58906.048 | HV16: 40045.776 | HW16: 39817.825 | HZ16: 518866.46 | IA16: 521547.61 | IB16: 43249.748 | IC16: 34270.473 | ID16: 148784.64 | IE16: 151252.96 | IF16: 162480.3 | IG16: 148938.69 | IH16: 1921638.7 | II16: 2037289.1 | IL16: 232540.57 | IM16: 252657.33 | IN16: 111565.82 | IO16: 124793.74 | IP16: 229004.04 | IQ16: 196050.7 | IR16: 351318.54 | IS16: 393892.52 | IT16: 55634.159 | IU16: 57824.684 | IV16: 242371.38 | IW16: 234200.87 | IX16: 192056.32 | IY16: 189992.4 | IZ16: 172517.3 | JA16: 171554.4 | JB16: 284501.53 | JC16: 262767.7
A17: 15 | B17: 1716.682 | C17: 2779.38 | D17: 125 | F17: 2726.635 | G17: 11791.13 | J17: 519342 | K17: 286219 | L17: 200 | N17: 225 | P17: 250 | S17: 1766.607 | T17: 706779.1 | U17: 1176172 | V17: 487836.5 | W17: 709204.8 | X17: 260547.6 | Y17: 302589.6 | Z17: 61652.11 | AA17: 139850.9 | AC17: 350 | AF17: 375 | AH17: 316276.2 | AI17: 266839.2 | AJ17: 400 | AK17: 400 | AL17: 425 | AM17: 425 | AN17: 450 | AO17: 450 | AR17: 500 | AS17: 500 | AV17: 525 | AW17: 525 | AZ17: 575 | BA17: 575 | BB17: 892167.1 | BC17: 805545.9 | BJ17: 642822.02 | BK17: 538442.32 | BL17: 126794.28 | BM17: 92355.804 | BN17: 433613.95 | BO17: 424465.82 | BT17: 202809.23 | BU17: 243349.87 | BZ17: 1574.2124 | CA17: 1789.5114 | CF17: 113060.97 | CG17: 89790.764 | CH17: 883303.16 | CI17: 923575.26 | CJ17: 200 | CK17: 200 | CL17: 300 | CM17: 300 | CR17: 420364.17 | CS17: 452163.85 | CT17: 700 | CU17: 700 | CX17: 900 | CY17: 900 | CZ17: 106991.39 | DA17: 85455.437 | DD17: 350 | DE17: 350 | DF17: 20706.81 | DG17: 20512.493 | DH17: 130186.63 | DI17: 131283.43 | DJ17: 259454.74 | DK17: 229702.04 | DP17: 42539.257 | DQ17: 50433.475 | DR17: 347141.54 | DS17: 317156.25 | DT17: 566095.34 | DU17: 645939.7 | DV17: 360100.16 | DW17: 449492.61 | DZ17: 677857.42 | EA17: 544562.13 | ED17: 224989.49 | EE17: 260535.89 | EF17: 22078.842 | EG17: 8764.5731 | EH17: 3124240 | EI17: 2810844.7 | EJ17: 425357.67 | EK17: 454772.43 | EN17: 42198.273 | EO17: 106020.68 | EP17: 321381.56 | EQ17: 334146.03 | ET17: 167778.56 | EU17: 159781.02 | EV17: 17941.45 | EW17: 12745.02 | EX17: 11449.327 | EY17: 13144.686 | EZ17: 27092.855 | FA17: 30484.854 | FB17: 17854.353 | FC17: 18494.732 | FD17: 40421.665 | FE17: 37958.405 | FF17: 98753.09 | FG17: 100001.91 | FH17: 27209.282 | FI17: 25007.975 | FJ17: 17321.264 | FK17: 18142.399 | FL17: 32495.338 | FM17: 32174.957 | FN17: 56585.896 | FO17: 54179.871 | FP17: 32750.66 | FQ17: 55247.36 | FR17: 327481.4 | FS17: 210744.6 | FT17: 189084.6 | FU17: 71873 | FV17: 81097.38 | FW17: 87062.46 | FX17: 114055.9 | FY17: 146418.5 | FZ17: 96235.98 | GA17: 116532 | GD17: 3027.52 | GE17: 8593.368 | GF17: 115159.5 | GG17: 78274.75 | GH17: 341192.35 | GI17: 363488.46 | GJ17: 327412.29 | GK17: 379229.95 | GL17: 671598.69 | GM17: 725701.54 | GN17: 170187.96 | GO17: 192799.79 | GP17: 83825.821 | GQ17: 59696.98 | GR17: 128556.44 | GS17: 121582.33 | GT17: 549095.15 | GU17: 372041.81 | GV17: 431306.3 | GW17: 396499.39 | GX17: 268681.76 | GY17: 218645.11 | GZ17: 93852.211 | HA17: 100699.23 | HB17: 114738.91 | HC17: 117276.54 | HD17: 146992.43 | HE17: 151160.2 | HF17: 438733.25 | HG17: 425431.76 | HH17: 216319.72 | HI17: 193219.89 | HJ17: 53096.737 | HK17: 44048.412 | HL17: 33757.393 | HM17: 27513.136 | HN17: 47165.134 | HO17: 43609.718 | HP17: 119024.28 | HQ17: 115359.05 | HR17: 88726.425 | HS17: 88231.712 | HT17: 37787.197 | HU17: 34614.964 | HV17: 37136.154 | HW17: 31302.345 | HZ17: 228689.04 | IA17: 310198.33 | IB17: 37094.192 | IC17: 28729.82 | ID17: 107576.74 | IE17: 107966.71 | IF17: 222926.24 | IG17: 181869.13 | IH17: 1564500.4 | II17: 1560486.1 | IL17: 251120.74 | IM17: 243965.41 | IN17: 59744.892 | IO17: 55079.998 | IP17: 118398.21 | IQ17: 103709.21 | IR17: 295065.03 | IS17: 313775.76 | IT17: 57034.191 | IU17: 44902.054 | IV17: 222711.3 | IW17: 221538.1 | IX17: 373470.34 | IY17: 420699.34 | IZ17: 142546.36 | JA17: 133292.45 | JB17: 173332.81 | JC17: 192108.9
A18: 16 | B18: 93171.52 | C18: 63042.15 | D18: 125 | E18: 125 | J18: 233704 | K18: 311574.3 | L18: 200 | M18: 200 | N18: 225 | O18: 225 | P18: 250 | R18: 275 | S18: 275 | T18: 224973.5 | U18: 151553.5 | V18: 1565516 | W18: 762523 | X18: 132333.5 | Y18: 172718.7 | Z18: 117812.7 | AA18: 75292.6 | AB18: 11818.99 | AC18: 9931.84 | AF18: 375 | AG18: 375 | AH18: 491531.8 | AI18: 525165.5 | AJ18: 1000 | AK18: 1175.748 | AL18: 425 | AM18: 425 | AN18: 450 | AO18: 450 | AR18: 1000 | AS18: 1312.793 | AV18: 525 | AW18: 525 | AZ18: 575 | BA18: 575 | BB18: 817344.6 | BC18: 941497.4 | BJ18: 413482.79 | BK18: 520231.87 | BL18: 634867.37 | BM18: 540248.6 | BN18: 339564.24 | BO18: 318045.35 | BT18: 628155.94 | BU18: 522339.11 | BZ18: 800 | CA18: 800 | CF18: 423644.38 | CG18: 365921.81 | CH18: 961838.68 | CI18: 978634.95 | CJ18: 200 | CK18: 200 | CR18: 162149.17 | CS18: 127076.51 | CX18: 900 | CY18: 900 | CZ18: 46586.304 | DA18: 62781.067 | DD18: 350 | DE18: 350 | DF18: 104847.22 | DG18: 103292.85 | DH18: 248762.05 | DI18: 239253.25 | DJ18: 516814.45 | DK18: 504125.18 | DP18: 73121.727 | DQ18: 73701.675 | DR18: 1415511.6 | DS18: 1056913.8 | DT18: 3828658.2 | DU18: 3572508.1 | DV18: 953056.64 | DW18: 852019.04 | DZ18: 7027208 | EA18: 6623618.7 | ED18: 1099891.2 | EE18: 1104051 | EF18: 1500571.8 | EG18: 1491089.1 | EH18: 9051199.2 | EI18: 9264226.6 | EJ18: 511078.95 | EK18: 514432.07 | EN18: 1734275.1 | EO18: 1174463.7 | EP18: 2712139.4 | EQ18: 2686937.3 | ET18: 811246.28 | EU18: 715768.01 | EV18: 94752.968 | EW18: 78200.394 | EX18: 34451.008 | EY18: 29693.161 | EZ18: 79651.543 | FA18: 92907.356 | FB18: 56741.68 | FC18: 57777.691 | FD18: 143527.08 | FE18: 135127.29 | FF18: 146584.78 | FG18: 139588.94 | FH18: 23640.707 | FI18: 27566.83 | FJ18: 77617.538 | FK18: 75343.864 | FL18: 115051.72 | FM18: 113508.18 | FN18: 113955.88 | FO18: 119497.36 | FP18: 25223.67 | FQ18: 24091.65 | FR18: 138341.2 | FS18: 148047.7 | FT18: 123166.7 | FU18: 80418.03 | FV18: 112626.2 | FW18: 155384.3 | FX18: 82828.25 | FY18: 94067.01 | FZ18: 58475.7 | GA18: 85251.32 | GD18: 27131.5 | GE18: 21591.93 | GF18: 8774.416 | GG18: 5308.584 | GH18: 704835.69 | GI18: 716958.19 | GJ18: 473570.92 | GK18: 290716.37 | GL18: 73628.334 | GM18: 123872.33 | GN18: 99495.178 | GO18: 78420.319 | GP18: 104192.8 | GQ18: 110769.49 | GR18: 35099.121 | GS18: 87610.306 | GT18: 441636.44 | GU18: 424884.7 | GV18: 122189.9 | GW18: 83297.173 | GX18: 68313.614 | GY18: 183447.95 | GZ18: 184390.96 | HA18: 184974.26 | HB18: 174703.26 | HC18: 162124.28 | HD18: 134876.16 | HE18: 118154.27 | HF18: 648784.06 | HG18: 699257.08 | HH18: 80428.665 | HI18: 84192.81 | HJ18: 39983.883 | HK18: 49412.746 | HL18: 27995.588 | HM18: 26800.051 | HN18: 60243.042 | HO18: 50842.495 | HP18: 227790.15 | HQ18: 201616 | HR18: 131436.61 | HS18: 134446.49 | HV18: 32701.29 | HW18: 43759.476 | HZ18: 293217.41 | IA18: 313809.72 | IB18: 31659.349 | IC18: 22672.432 | ID18: 87680.717 | IE18: 79135.223 | IF18: 177101.61 | IG18: 205945.42 | IH18: 1279270.8 | II18: 1436828.9 | IL18: 283953.64 | IM18: 263903.75 | IN18: 56651.913 | IO18: 46346.996 | IP18: 110233.75 | IQ18: 128667.68 | IR18: 324574.31 | IS18: 303263.37 | IT18: 58422.222 | IU18: 62769.878 | IV18: 374150.54 | IW18: 333863.95 | IX18: 374040.83 | IY18: 343320.59 | IZ18: 197781.46 | JA18: 194543.93 | JB18: 363038.39 | JC18: 332580.47
A19: 17 | B19: 227807 | C19: 191853.3 | E19: 125 | J19: 306417 | K19: 400268.2 | L19: 200 | M19: 200 | N19: 225 | O19: 225 | P19: 250 | Q19: 250 | R19: 1000 | S19: 2348.574 | T19: 513040.7 | U19: 587981.8 | V19: 452318.1 | W19: 473273.8 | X19: 523032.3 | Y19: 746018.2 | Z19: 145769.7 | AA19: 217988.9 | AB19: 350 | AC19: 350 | AG19: 375 | AH19: 10327.81 | AI19: 87039.72 | AJ19: 400 | AK19: 400 | AN19: 450 | AO19: 450 | AR19: 500 | AS19: 500 | AV19: 525 | AW19: 525 | AZ19: 575 | BA19: 575 | BB19: 1766510 | BC19: 1436190 | BJ19: 110409.38 | BK19: 91811.378 | BL19: 28535.683 | BM19: 1000 | BN19: 144404.65 | BO19: 94846.199 | BT19: 488628.33 | BU19: 381194.21 | BZ19: 1000 | CA19: 1995.5169 | CF19: 560784.18 | CG19: 622202.33 | CH19: 523242.61 | CI19: 456574.13 | CR19: 174362.81 | CS19: 177010.64 | CX19: 1625.0367 | CY19: 1249.1772 | CZ19: 43011.063 | DA19: 40410.397 | DD19: 350 | DE19: 350 | DF19: 14049.36 | DG19: 10512.305 | DH19: 243125.78 | DI19: 265243.13 | DJ19: 20477.785 | DK19: 19795.095 | DP19: 71536.926 | DQ19: 85512.07 | DT19: 4830093.3 | DU19: 5027423.3 | DV19: 171397.52 | DW19: 156647.29 | DZ19: 814350.71 | EA19: 974541.08 | ED19: 80785.934 | EE19: 26089.117 | EF19: 360094.88 | EG19: 336101.84 | EH19: 2116856.2 | EI19: 2192461.2 | EJ19: 51973.892 | EK19: 49184.463 | EN19: 85291.008 | EO19: 54880.104 | EP19: 7139663.6 | EQ19: 3136815.2 | ET19: 378700.35 | EU19: 237054.66 | EV19: 64036.591 | EW19: 65556.534 | EX19: 90481.926 | EY19: 76479.691 | EZ19: 115878.23 | FA19: 107083.49 | FB19: 135477.68 | FC19: 109677.48 | FD19: 100493.97 | FE19: 344359.8 | FF19: 323637.85 | FG19: 298042.82 | FH19: 38910.454 | FI19: 36370.77 | FJ19: 102992.72 | FK19: 107749.79 | FL19: 184159.15 | FM19: 169478.13 | FN19: 150415.63 | FO19: 155125.47 | FP19: 5165.801 | FQ19: 6541.913 | FR19: 188903.1 | FS19: 161503.5 | FT19: 59591.91 | FU19: 56326.27 | FV19: 12807.53 | FW19: 12540.92 | FX19: 12640.44 | FY19: 26449.92 | FZ19: 66425.13 | GA19: 58114.12 | GD19: 8801.215 | GE19: 24257.39 | GF19: 12294.14 | GG19: 93032.82 | GH19: 327092.5 | GI19: 237703.66 | GJ19: 203143.49 | GK19: 119018.01 | GL19: 230491.87 | GM19: 153927.51 | GN19: 78498.672 | GO19: 77907.623 | GP19: 164835.98 | GQ19: 100519.33 | GR19: 94304.298 | GS19: 78955.498 | GT19: 425578.25 | GU19: 508704.04 | GV19: 207691.16 | GW19: 218877.5 | GX19: 381239.26 | GY19: 309962.62 | GZ19: 55684.441 | HA19: 35744.575 | HB19: 43076.397 | HC19: 42918.076 | HD19: 63283.375 | HE19: 55802.261 | HF19: 214743.96 | HG19: 196437.29 | HH19: 21678.013 | HI19: 18786.51 | HJ19: 25754.078 | HK19: 24657.887 | HL19: 13565.212 | HM19: 10862.709 | HN19: 9992.9914 | HO19: 13419.74 | HP19: 68078.308 | HQ19: 82356.316 | HR19: 56978.119 | HS19: 52996.571 | HV19: 16276.447 | HW19: 16832.111 | HZ19: 153665.05 | IA19: 176858.84 | IB19: 23914.558 | IC19: 25176.657 | ID19: 54071.346 | IE19: 58591.721 | IF19: 362808.2 | IG19: 353565.89 | IH19: 1651811.8 | II19: 1654158.6 | IL19: 181415.28 | IM19: 235841.14 | IN19: 89953.545 | IO19: 76236.572 | IP19: 60622.498 | IQ19: 57041.454 | IR19: 95651.169 | IS19: 98040.184 | IT19: 70075.928 | IU19: 73688.751 | IV19: 415137.76 | IW19: 388593.2 | IX19: 941644.41 | IY19: 849207.95 | IZ19: 486396.48 | JA19: 467671.39 | JB19: 174143.72 | JC19: 199493.18
A20: 18 | B20: 578670.8 | C20: 777628.8 | D20: 1216.247 | E20: 2344.503 | J20: 57327.1 | K20: 205529.5 | L20: 200 | M20: 200 | N20: 225 | O20: 225 | P20: 25107.42 | Q20: 34446.01 | R20: 275 | T20: 372010.9 | U20: 456959 | V20: 327184.1 | W20: 706439.6 | X20: 191416.8 | Y20: 309485.6 | Z20: 48575.08 | AA20: 83067.55 | AB20: 350 | AC20: 350 | AF20: 375 | AG20: 375 | AH20: 1405804 | AI20: 1562629 | AJ20: 400 | AK20: 400 | AN20: 450 | AO20: 450 | AR20: 500 | AS20: 500 | AV20: 525 | AW20: 525 | AZ20: 575 | BA20: 575 | BB20: 399708.7 | BC20: 588611.4 | BJ20: 262666.38 | BK20: 257824.98 | BL20: 179415.22 | BM20: 224625.15 | BN20: 93144.173 | BO20: 95595.108 | BZ20: 13406.287 | CA20: 6469.4443 | CH20: 71424.255 | CI20: 70183.304 | CR20: 44312.363 | CS20: 42399.818 | CX20: 391656.22 | CY20: 429271.73 | CZ20: 109964.52 | DA20: 117491.01 | DD20: 1402024.3 | DE20: 1328823 | DF20: 100557.88 | DG20: 95384.338 | DH20: 547144.29 | DI20: 548356.45 | DJ20: 320777.34 | DK20: 295451.87 | DP20: 105237.63 | DQ20: 113150.62 | DR20: 494271.51 | DS20: 498869.38 | DV20: 259894.04 | DW20: 243135.93 | DZ20: 1208339.4 | EA20: 1126896.1 | ED20: 123936.07 | EE20: 50410.69 | EF20: 1427030.5 | EG20: 1401058.6 | EH20: 1935750.1 | EI20: 2247674.1 | EJ20: 53726.379 | EK20: 56229.164 | EN20: 688682.86 | EO20: 747027.71 | EP20: 20373881 | EQ20: 19687996 | ET20: 537814.09 | EU20: 485536.38 | EV20: 71488.518 | EW20: 67094.49 | EX20: 65344.04 | EY20: 63725.281 | EZ20: 177857.85 | FA20: 165036.62 | FB20: 147952.79 | FC20: 148864.96 | FD20: 151752.98 | FE20: 158060.36 | FF20: 706752.44 | FG20: 675612.92 | FH20: 20432.943 | FI20: 16066.36 | FJ20: 187007.11 | FK20: 193598.21 | FL20: 318313.63 | FM20: 265651.61 | FN20: 187565.7 | FO20: 187570.37 | FP20: 8858.421 | FQ20: 8143.464 | FT20: 81149.7 | FU20: 59196.04 | FV20: 194826.6 | FW20: 208207.8 | FX20: 30146.07 | FY20: 5442.031 | FZ20: 60492.16 | GA20: 45568.63 | GD20: 8008.157 | GE20: 12358.73 | GF20: 4363.493 | GG20: 9808.53 | GH20: 180809.16 | GI20: 100883.23 | GJ20: 38109.035 | GK20: 33927.238 | GL20: 122615.55 | GM20: 103194.24 | GN20: 45084.663 | GO20: 47663.811 | GP20: 97979.019 | GQ20: 25381.624 | GR20: 9265.9073 | GS20: 16864.317 | GT20: 202639.19 | GU20: 172745.44 | GV20: 71107.613 | GW20: 65632.24 | GX20: 117328.01 | GY20: 122607.57 | GZ20: 26185.276 | HA20: 22537.636 | HB20: 44233.021 | HC20: 39050.32 | HD20: 79140.846 | HE20: 72081.284 | HF20: 243358.23 | HG20: 229110.47 | HH20: 14195.476 | HI20: 15588.533 | HJ20: 31161.951 | HK20: 26497.082 | HL20: 12809.363 | HM20: 13446.23 | HN20: 11485.508 | HO20: 15434.308 | HP20: 91495.369 | HQ20: 99801.491 | HR20: 158051.56 | HS20: 165360.89 | HV20: 18279.392 | HW20: 22392.399 | HZ20: 252101.55 | IA20: 262017.09 | IB20: 47572.128 | IC20: 52227.619 | ID20: 69454.056 | IE20: 68643.99 | IF20: 241270.25 | IG20: 272140.32 | IH20: 1768776.7 | II20: 1714924.4 | IL20: 241077.77 | IM20: 261065.73 | IN20: 122174.5 | IO20: 121740.5 | IP20: 187144.88 | IQ20: 171075.1 | IR20: 68401.245 | IS20: 86821.281 | IT20: 79227.242 | IU20: 74163.803 | IV20: 306415.25 | IW20: 326956.6 | IX20: 562719.24 | IY20: 597288.39 | IZ20: 515250.31 | JA20: 465162.99 | JB20: 131938.49 | JC20: 133576.54
A21: 19 | B21: 1719207 | C21: 1023492 | D21: 125 | E21: 125 | J21: 59796.07 | K21: 32493.35 | L21: 200 | M21: 200 | P21: 6178.556 | Q21: 14270.33 | R21: 275 | S21: 275 | T21: 351730.7 | U21: 495984.8 | V21: 683511.2 | W21: 723216.6 | Z21: 96586.16 | AA21: 101797.7 | AB21: 350 | AC21: 350 | AF21: 375 | AG21: 375 | AH21: 642270.9 | AI21: 838849.9 | AJ21: 400 | AK21: 400 | AN21: 450 | AO21: 450 | AR21: 500 | AS21: 500 | AV21: 525 | AW21: 525 | AZ21: 575 | BA21: 575 | BB21: 273141.9 | BC21: 280707.2 | BJ21: 832585.63 | BK21: 896641.6 | BL21: 333374.3 | BM21: 310780.76 | BN21: 177269.52 | BO21: 201816.53 | BZ21: 8713.603 | CA21: 17609.573 | CH21: 267376.95 | CI21: 251711.46 | CR21: 78460.22 | CS21: 79069.832 | CX21: 3944.777 | CY21: 1000 | CZ21: 115863.8 | DA21: 118543.17 | DD21: 1501728.5 | DE21: 1490758.7 | DF21: 123106.6 | DG21: 147079.61 | DH21: 392433.14 | DI21: 446174.84 | DJ21: 234358.08 | DK21: 239511.06 | DP21: 110139.25 | DQ21: 115421.84 | DR21: 920223.27 | DS21: 1095076.8 | DV21: 240651.02 | DW21: 223061.71 | DZ21: 2812683.4 | EA21: 2973599.9 | ED21: 291777.71 | EE21: 340951.26 | EF21: 4169975.1 | EG21: 4628181.6 | EH21: 534013.49 | EI21: 523922.3 | EJ21: 84911.919 | EK21: 74183.128 | EN21: 2125826.4 | EO21: 1993111.7 | EP21: 9996710 | EQ21: 11913148 | ET21: 2135615 | EU21: 2129277.6 | EV21: 88710.999 | EW21: 87726.7 | EX21: 89163.925 | EY21: 80053.589 | EZ21: 194487.73 | FA21: 204017.97 | FB21: 198919.94 | FC21: 211872.07 | FD21: 345584.05 | FE21: 339205.51 | FH21: 36822.804 | FI21: 37702.019 | FL21: 361451.48 | FM21: 324598.57 | FN21: 414422.55 | FO21: 420298.22 | FP21: 5183.453 | FQ21: 8186.387 | FT21: 56747.05 | FU21: 48601.32 | FV21: 181022.6 | FW21: 175211.3 | FX21: 43712.77 | FY21: 42498.53 | FZ21: 19855.35 | GA21: 12326.55 | GD21: 6350.68 | GE21: 18707.59 | GF21: 46339.43 | GG21: 73318.27 | GH21: 324292.33 | GI21: 274476.56 | GJ21: 383884.49 | GK21: 275554.2 | GN21: 22309.582 | GO21: 18302.637 | GP21: 43741.871 | GQ21: 57049.553 | GR21: 21202.673 | GS21: 24763.243 | GT21: 401374.24 | GU21: 307217.86 | GV21: 126481.22 | GW21: 87816.437 | GX21: 93514.03 | GY21: 6405.489 | GZ21: 26470.976 | HA21: 22284.103 | HB21: 41740.116 | HC21: 35517.544 | HD21: 174280.93 | HE21: 147774.25 | HF21: 272004.64 | HG21: 317285.92 | HH21: 12849.875 | HI21: 18965.305 | HJ21: 39521.854 | HK21: 42240.116 | HL21: 17182.312 | HM21: 16064.354 | HN21: 15365.022 | HO21: 17452.631 | HP21: 168120.5 | HQ21: 154412.23 | HR21: 124270.11 | HS21: 120386.99 | HV21: 66711.349 | HW21: 65146.141 | HZ21: 285387.97 | IA21: 319815.19 | IB21: 42493.927 | IC21: 50415.474 | ID21: 148094.59 | IE21: 145274.32 | IF21: 557046.02 | IG21: 513426.15 | IH21: 1113726.9 | II21: 1117627.1 | IL21: 98559.509 | IM21: 116976.98 | IN21: 99876.434 | IO21: 103984.73 | IP21: 101063.32 | IQ21: 99724.876 | IR21: 93909.172 | IS21: 84433.975 | IT21: 105487.74 | IU21: 89478.249 | IV21: 97404.77 | IW21: 104274.41 | IX21: 518496.4 | IY21: 516982.73 | IZ21: 593119.87 | JA21: 661398.25 | JB21: 98772.133 | JC21: 96475.227
A22: 20 | B22: 28249 | C22: 26319.44 | D22: 125 | E22: 125 | J22: 842978 | K22: 967243.9 | L22: 200 | M22: 200 | P22: 386223.3 | Q22: 202942.2 | T22: 291633.3 | U22: 335881.4 | V22: 399171.4 | W22: 347496.4 | Z22: 91245.54 | AA22: 112005.7 | AB22: 350 | AC22: 350 | AF22: 375 | AH22: 195073.6 | AI22: 293042.4 | AJ22: 400 | AK22: 400 | AN22: 1000 | AO22: 2356.522 | AR22: 8338.65 | AS22: 1945.527 | AV22: 9618.649 | AW22: 3183.418 | AZ22: 1498.146 | BA22: 1292.158 | BB22: 771676.9 | BC22: 841781.9 | BL22: 304280.33 | BM22: 366583.34 | CH22: 26225.132 | CI22: 24939.875 | CR22: 249427.86 | CS22: 188437.35 | CX22: 900 | CY22: 900 | CZ22: 129645.49 | DA22: 167011.32 | DD22: 599690.37 | DE22: 647584.53 | DF22: 49840.611 | DG22: 51985.68 | DH22: 215402.88 | DI22: 223880.39 | DJ22: 169741.5 | DK22: 180892 | DP22: 73440.193 | DQ22: 72275.932 | DV22: 176386.8 | DW22: 183021.3 | DZ22: 2266861.8 | EA22: 2317127 | ED22: 3501260.7 | EE22: 4343434.6 | EN22: 1667515.4 | EO22: 1668714.2 | EP22: 19438562 | EQ22: 20699361 | EV22: 135068.54 | EW22: 145662.08 | EX22: 177626.89 | EY22: 161757.81 | EZ22: 562852.48 | FA22: 570106.26 | FB22: 446141.63 | FC22: 346754.33 | FD22: 114840.74 | FE22: 113586.06 | FH22: 38853.336 | FI22: 33950.874 | FP22: 21023.92 | FQ22: 23949.92 | FT22: 174882.3 | FU22: 169216.5 | FV22: 92102.47 | FW22: 132543.6 | FX22: 95563.69 | FY22: 111494.3 | FZ22: 34971.93 | GA22: 55023.38 | GD22: 45041.66 | GE22: 60249.3 | GF22: 36621.93 | GG22: 47265.5 | GH22: 285961.27 | GI22: 155174.13 | GJ22: 344601.84 | GK22: 355105.5 | GN22: 46102.772 | GO22: 38762.92 | GP22: 80411.385 | GQ22: 74926.903 | GR22: 539793.4 | GS22: 544580.99 | GT22: 330336.43 | GU22: 358502.84 | GV22: 92676.262 | GW22: 65568.97 | GX22: 65785.004 | GY22: 62370.674 | HZ22: 203005.58 | IA22: 194772.54 | IB22: 26794.724 | IC22: 25419.243 | ID22: 35760.731 | IE22: 48040.634 | IF22: 449148.5 | IG22: 412424.01 | IH22: 1101349.9 | II22: 905021.12 | IL22: 108070.23 | IM22: 101579.03 | IN22: 75295.86 | IO22: 67622.894 | IP22: 117580 | IQ22: 123364.17 | IR22: 50578.045 | IS22: 55790.184 | IT22: 50619.999 | IU22: 52247.467 | IV22: 116942.21 | IW22: 112887.98 | IX22: 530389.83 | IY22: 447110.11 | IZ22: 595008.85 | JA22: 550199.4 | JB22: 78505.539 | JC22: 82945.48
A23: 21 | B23: 980134.1 | C23: 967316.1 | D23: 125 | J23: 386139.9 | K23: 509682.7 | L23: 2318.991 | M23: 1000 | P23: 75505.47 | Q23: 78437.17 | T23: 309192.1 | U23: 325842.7 | V23: 286650.6 | W23: 296292.8 | Z23: 62559.81 | AA23: 103411.4 | AB23: 350 | AC23: 350 | AF23: 375 | AG23: 375 | AH23: 534163.8 | AI23: 691142.8 | AJ23: 2349.626 | AK23: 1234.458 | AN23: 5548.438 | AO23: 7721.995 | AR23: 500 | AS23: 500 | AV23: 2284.573 | AW23: 1000 | BB23: 849287.9 | BC23: 790755.8 | CH23: 81532.822 | CI23: 86348.351 | CR23: 53181.263 | CS23: 19503.674 | CX23: 900 | CY23: 900 | DD23: 466477.26 | DE23: 465682.83 | DF23: 77457.329 | DG23: 77268.059 | DH23: 320704.56 | DI23: 303473.17 | DJ23: 129528.34 | DK23: 107276.64 | DP23: 152536.12 | DQ23: 139146.76 | EV23: 42191.65 | EW23: 28684.849 | EX23: 83194.893 | EY23: 78522.53 | EZ23: 346878.36 | FA23: 403491.91 | FD23: 199651.63 | FE23: 183932.82 | FH23: 35476.898 | FI23: 38361.637 | FP23: 26092.66 | FQ23: 36539.89 | FT23: 26944.18 | FU23: 42213.8 | FV23: 226049 | FW23: 260664.7 | FX23: 86655.97 | FY23: 109422 | FZ23: 328169.9 | GA23: 419690 | GD23: 22188.41 | GE23: 22879.78 | GF23: 34940 | GG23: 32926.45
A24: 22 | B24: 806567 | C24: 1020402 | D24: 125 | E24: 125 | J24: 328457.5 | K24: 334938.4 | M24: 200 | P24: 225092.3 | Q24: 227012.1 | T24: 526392.9 | U24: 482534.1 | V24: 427543 | W24: 460356.5 | Z24: 84860.02 | AA24: 94355.42 | AC24: 350 | AG24: 375 | AH24: 460181.8 | AI24: 517593 | AV24: 525 | AW24: 525 | BB24: 819423.2 | BC24: 1191571 | CH24: 278484.5 | CI24: 168890.81 | CR24: 194025.97 | CS24: 206828.11 | CX24: 900 | CY24: 900 | DD24: 2533737.3 | DE24: 2642066.6 | DF24: 101393.36 | DG24: 99353.874 | DH24: 62137.501 | DI24: 69556.007 | DJ24: 121883.29 | DK24: 123629.02 | DP24: 156890.05 | DQ24: 153065.11 | EV24: 82346.191 | EW24: 82156.418 | EX24: 43724.628 | EY24: 43831.402 | EZ24: 289529.94 | FA24: 329592.53 | FD24: 203764.16 | FE24: 202994.78 | FH24: 30396.807 | FI24: 34452.633 | FP24: 20000.72 | FQ24: 12272.35 | FT24: 68592.28 | FU24: 77522.34 | FV24: 61124.76 | FW24: 76707.41 | FX24: 46714.44 | FY24: 53985.41 | FZ24: 55174.68 | GA24: 46762.42 | GD24: 23408.41 | GE24: 30541.46 | GF24: 24064.69 | GG24: 23785.22
A25: 23 | B25: 1029225 | C25: 757574.1 | D25: 125 | E25: 125 | J25: 117554.5 | K25: 158365.4 | M25: 200 | T25: 351283.6 | U25: 327619 | V25: 249775 | W25: 265978 | Z25: 31863.06 | AA25: 23539.81 | AB25: 350 | AC25: 350 | AF25: 375 | AG25: 375 | AH25: 544274.6 | AI25: 454741.8 | AV25: 525 | AW25: 525 | BB25: 609657.5 | BC25: 633080 | CX25: 900 | CY25: 900 | DF25: 165349.76 | DG25: 180010.24 | DH25: 43320.721 | DI25: 52233.395 | DJ25: 160821.24 | DK25: 164694.98 | DP25: 256232.36 | DQ25: 261820.07 | FP25: 99194.32 | FQ25: 92581.16 | FT25: 145256.7 | FU25: 140441.1 | FV25: 189480.9 | FW25: 172199.1 | FX25: 106414.4 | FY25: 104281.6 | FZ25: 44304.43 | GA25: 46853.53 | GD25: 31733.75 | GE25: 26515.37 | GF25: 85715.84 | GG25: 86115.34
A26: 24 | B26: 1465158 | C26: 1299702 | D26: 125 | E26: 125 | J26: 107554 | K26: 99928.87 | M26: 200 | T26: 630078.2 | U26: 474037.8 | V26: 360697.5 | W26: 338888 | Z26: 43277.02 | AA26: 48221.32 | AB26: 350 | AC26: 350 | AF26: 375 | AG26: 375 | AH26: 347353.2 | AI26: 753954.8 | AV26: 525 | AW26: 525 | BB26: 525044.5 | BC26: 620418.9 | CX26: 900 | CY26: 900 | DF26: 147307.25 | DG26: 169112.21 | DH26: 21435.585 | DI26: 19294.533 | DJ26: 99646.172 | DK26: 106996.18 | DP26: 175880.6 | DQ26: 190160.13 | FP26: 92121.62 | FQ26: 66073.48 | FT26: 44758.72 | FU26: 38044.76 | FV26: 68256.62 | FW26: 60704.4 | FX26: 85393.16 | FY26: 61311.61 | FZ26: 28463.86 | GA26: 32838.09 | GD26: 18402.47 | GE26: 17004.51 | GF26: 800* | GG26: 800*
A27: 25 | J27: 51408.15 | K27: 93630.23 | L27: 200 | T27: 326685.6 | U27: 244685.7 | V27: 656149.2 | W27: 512543.2 | Z27: 116826.5 | AA27: 115840.1 | AB27: 350 | AC27: 350 | AF27: 375 | AG27: 375 | AH27: 694006.3 | AI27: 629717.1 | AV27: 525 | AW27: 525 | FP27: 18128.3 | FQ27: 25745.08 | FT27: 52650.2 | FU27: 62039.27 | FV27: 46309.49 | FW27: 59115.76 | FX27: 38768.11 | FY27: 57977.04 | FZ27: 31651.42 | GA27: 46879.42 | GD27: 27802.27 | GE27: 32327.69 | GF27: 28290.57 | GG27: 24405.27
A28: 26 | J28: 21061.04 | K28: 18361.84 | L28: 200 | T28: 494249.6 | U28: 499487.7 | V28: 324366.2 | W28: 406361.5 | Z28: 112102.2 | AA28: 121247.9 | AB28: 350 | AC28: 350 | AF28: 375 | AG28: 375 | AH28: 468170.5 | AI28: 516239.9 | AV28: 525 | AW28: 525 | FP28: 1.5e+002* | FQ28: 1.5e+002* | FT28: 34705.36 | FU28: 28523.24 | FV28: 30327.6 | FW28: 48792.89 | FZ28: 27081.9 | GA28: 38889.73 | GD28: 36434.25 | GE28: 56069.93

Sheet raw viral loads
A1: Weeks | B1: CD5-m260 | D1: CD5-m261 | F1: CD5-m263 | H1: CD5-m264 | J1: CD5-m265 | L1: CD5-m266 | N1: CD5-m267 | P1: CD5-m269 | R1: CD5-m270 | T1: CD5-m271 | V1: CD5-m272 | X1: CD5-m273 | Z1: CD5-m281 | AB1: CD5-m282 | AD1: CD5-m283 | AF1: CD5-m284 | AH1: CD5-m285 | AJ1: CD10-m881 | AL1: CD10-m882 | AN1: CD10-m883 | AP1: CD10-m884 | AR1: CD10- m885 | AT1: CD10-m876 | AV1: CD10-m877 | AX1: CD10- m878 | AZ1: CD10-m879 | BB1: CD10-m880 | BD1: CD20-m014 | BF1: CD20-m016 | BH1: CD20-m018 | BJ1: CD20-m020 | BL1: CD20-m021 | BN1: CD20-m022 | BP1: CD20-m023 | BR1: CD20-m025 | BT1: CD20-m026 | BV1: CD20-m027 | BX1: CD20-m028 | BZ1: CD20-m034 | CB1: CD20-m035 | CD1: CD20-m036 | CF1: CD20-m038 | CH1: CD21-m010 | CJ1: CD21-m011 | CL1: CD21-m014 | CN1: CD21-m015 | CP1: CD21-m016 | CR1: CD21-m017 | CT1: CD21-m018 | CV1: CD21-m019 | CX1: CD21-m020 | CZ1: CD46-m331 | DB1: CD46-m332 | DD1: CD46-m333 | DF1: CD46-m334 | DH1: CD46-m336 | DJ1: CD46-m337 | DL1: CD46-m338 | DN1: CD46-m339 | DP1: CD46-m340 | DR1: CD20-m004 | DT1: CD20-m005 | DV1: CD20-m006 | DX1: CD20-m007 | DZ1: CD20-m008 | EB1: CD20-m009 | ED1: CD20-m010 | EF1: CD20-m011 | EH1: CD20-m012 | EJ1: CD20-m013 | EL1: CD20-m029 | EN1: CD20-m030 | EP1: CD20-m031 | ER1: CD20-m032 | ET1: CD20-m033 | EV1: CD41-m722 | EX1: CD41-m723 | EZ1: CD41-m724 | FB1: CD41-m725 | FD1: CD41-m726 | FF1: CD41-m727 | FH1: CD41-m729 | FJ1: CD41-m730 | FL1: CD41-m731 | FN1: CD41-m774 | FP1: CD10-m851 | FR1: CD10-m852 | FT1: CD10-m853 | FV1: CD10-m854 | FX1: CD10-m855 | FZ1: CD10-m896 | GB1: CD10-m898 | GD1: CD10-m899 | GF1: CD10-m900 | GH1: CD21-m998 | GJ1: CD21-m999 | GL1: CD21-m002 | GN1: CD21-m003 | GP1: CD21-m004 | GR1: CD21-m006 | GT1: CD21-m007 | GV1: CD21-m008 | GX1: CD21-m009 | GZ1: CD30-m193 | HB1: CD30-m195 | HD1: CD30-m196 | HF1: CD30-m197 | HH1: CD30-m203 | HJ1: CD30-m204 | HL1: CD30-m205 | HN1: CD30-m206 | HP1: CD30-m207 | HR1: CD30-m229 | HT1: CD30-m230 | HV1: CD30-m231 | HX1: CD30-m232 | HZ1: CD27-m740 | IB1: CD27-m806 | ID1: CD27-m807 | IF1: CD27-m808 | IH1: CD27-m809 | IJ1: CD27-m810 | IL1: CD27-m756 | IN1: CD27-m757 | IP1: CD27-m783 | IR1: CD27-m784 | IT1: CD27-m785 | IV1: CD27-m786 | IX1: CD27-m787 | IZ1: CD27-m788 | JB1: CD27-m789
A2: =A1 -> Weeks | B2: =B1 -> CD5-m260 | C2: =B1 -> CD5-m260 | D2: =D1 -> CD5-m261 | E2: =D1 -> CD5-m261 | F2: =F1 -> CD5-m263 | G2: =F1 -> CD5-m263 | H2: =H1 -> CD5-m264 | I2: =H1 -> CD5-m264 | J2: =J1 -> CD5-m265 | K2: =J1 -> CD5-m265 | L2: =L1 -> CD5-m266 | M2: =L1 -> CD5-m266 | N2: =N1 -> CD5-m267 | O2: =N1 -> CD5-m267 | P2: =P1 -> CD5-m269 | Q2: =P1 -> CD5-m269 | R2: =R1 -> CD5-m270 | S2: =R1 -> CD5-m270 | T2: =T1 -> CD5-m271 | U2: =T1 -> CD5-m271 | V2: =V1 -> CD5-m272 | W2: =V1 -> CD5-m272 | X2: =X1 -> CD5-m273 | Y2: =X1 -> CD5-m273 | Z2: =Z1 -> CD5-m281 | AA2: =Z1 -> CD5-m281 | AB2: =AB1 -> CD5-m282 | AC2: =AB1 -> CD5-m282 | AD2: =AD1 -> CD5-m283 | AE2: =AD1 -> CD5-m283 | AF2: =AF1 -> CD5-m284 | AG2: =AF1 -> CD5-m284 | AH2: =AH1 -> CD5-m285 | AI2: =AH1 -> CD5-m285 | AJ2: =AJ1 -> CD10-m881 | AK2: =AJ1 -> CD10-m881 | AL2: =AL1 -> CD10-m882 | AM2: =AL1 -> CD10-m882 | AN2: =AN1 -> CD10-m883 | AO2: =AN1 -> CD10-m883 | AP2: =AP1 -> CD10-m884 | AQ2: =AP1 -> CD10-m884 | AR2: =AR1 -> CD10- m885 | AS2: =AR1 -> CD10- m885 | AT2: =AT1 -> CD10-m876 | AU2: =AT1 -> CD10-m876 | AV2: =AV1 -> CD10-m877 | AW2: =AV1 -> CD10-m877 | AX2: =AX1 -> CD10- m878 | AY2: =AX1 -> CD10- m878 | AZ2: =AZ1 -> CD10-m879 | BA2: =AZ1 -> CD10-m879 | BB2: =BB1 -> CD10-m880 | BC2: =BB1 -> CD10-m880 | BD2: =BD1 -> CD20-m014 | BE2: =BD1 -> CD20-m014 | BF2: =BF1 -> CD20-m016 | BG2: =BF1 -> CD20-m016 | BH2: =BH1 -> CD20-m018 | BI2: =BH1 -> CD20-m018 | BJ2: =BJ1 -> CD20-m020 | BK2: =BJ1 -> CD20-m020 | BL2: =BL1 -> CD20-m021 | BM2: =BL1 -> CD20-m021 | BN2: =BN1 -> CD20-m022 | BO2: =BN1 -> CD20-m022 | BP2: =BP1 -> CD20-m023 | BQ2: =BP1 -> CD20-m023 | BR2: =BR1 -> CD20-m025 | BS2: =BR1 -> CD20-m025 | BT2: =BT1 -> CD20-m026 | BU2: =BT1 -> CD20-m026 | BV2: =BV1 -> CD20-m027 | BW2: =BV1 -> CD20-m027 | BX2: =BX1 -> CD20-m028 | BY2: =BX1 -> CD20-m028 | BZ2: =BZ1 -> CD20-m034 | CA2: =BZ1 -> CD20-m034 | CB2: =CB1 -> CD20-m035 | CC2: =CB1 -> CD20-m035 | CD2: =CD1 -> CD20-m036 | CE2: =CD1 -> CD20-m036 | CF2: =CF1 -> CD20-m038 | CG2: =CF1 -> CD20-m038 | CH2: =CH1 -> CD21-m010 | CI2: =CH1 -> CD21-m010 | CJ2: =CJ1 -> CD21-m011 | CK2: =CJ1 -> CD21-m011 | CL2: =CL1 -> CD21-m014 | CM2: =CL1 -> CD21-m014 | CN2: =CN1 -> CD21-m015 | CO2: =CN1 -> CD21-m015 | CP2: =CP1 -> CD21-m016 | CQ2: =CP1 -> CD21-m016 | CR2: =CR1 -> CD21-m017 | CS2: =CR1 -> CD21-m017 | CT2: =CT1 -> CD21-m018 | CU2: =CT1 -> CD21-m018 | CV2: =CV1 -> CD21-m019 | CW2: =CV1 -> CD21-m019 | CX2: =CX1 -> CD21-m020 | CY2: =CX1 -> CD21-m020 | CZ2: =CZ1 -> CD46-m331 | DA2: =CZ1 -> CD46-m331 | DB2: =DB1 -> CD46-m332 | DC2: =DB1 -> CD46-m332 | DD2: =DD1 -> CD46-m333 | DE2: =DD1 -> CD46-m333 | DF2: =DF1 -> CD46-m334 | DG2: =DF1 -> CD46-m334 | DH2: =DH1 -> CD46-m336 | DI2: =DH1 -> CD46-m336 | DJ2: =DJ1 -> CD46-m337 | DK2: =DJ1 -> CD46-m337 | DL2: =DL1 -> CD46-m338 | DM2: =DL1 -> CD46-m338 | DN2: =DN1 -> CD46-m339 | DO2: =DN1 -> CD46-m339 | DP2: =DP1 -> CD46-m340 | DQ2: =DP1 -> CD46-m340 | DR2: =DR1 -> CD20-m004 | DS2: =DR1 -> CD20-m004 | DT2: =DT1 -> CD20-m005 | DU2: =DT1 -> CD20-m005 | DV2: =DV1 -> CD20-m006 | DW2: =DV1 -> CD20-m006 | DX2: =DX1 -> CD20-m007 | DY2: =DX1 -> CD20-m007 | DZ2: =DZ1 -> CD20-m008 | EA2: =DZ1 -> CD20-m008 | EB2: =EB1 -> CD20-m009 | EC2: =EB1 -> CD20-m009 | ED2: =ED1 -> CD20-m010 | EE2: =ED1 -> CD20-m010 | EF2: =EF1 -> CD20-m011 | EG2: =EF1 -> CD20-m011 | EH2: =EH1 -> CD20-m012 | EI2: =EH1 -> CD20-m012 | EJ2: =EJ1 -> CD20-m013 | EK2: =EJ1 -> CD20-m013 | EL2: =EL1 -> CD20-m029 | EM2: =EL1 -> CD20-m029 | EN2: =EN1 -> CD20-m030 | EO2: =EN1 -> CD20-m030 | EP2: =EP1 -> CD20-m031 | EQ2: =EP1 -> CD20-m031 | ER2: =ER1 -> CD20-m032 | ES2: =ER1 -> CD20-m032 | ET2: =ET1 -> CD20-m033 | EU2: =ET1 -> CD20-m033 | EV2: =EV1 -> CD41-m722 | EW2: =EV1 -> CD41-m722 | EX2: =EX1 -> CD41-m723 | EY2: =EX1 -> CD41-m723 | EZ2: =EZ1 -> CD41-m724 | FA2: =EZ1 -> CD41-m724 | FB2: =FB1 -> CD41-m725 | FC2: =FB1 -> CD41-m725 | FD2: =FD1 -> CD41-m726 | FE2: =FD1 -> CD41-m726 | FF2: =FF1 -> CD41-m727 | FG2: =FF1 -> CD41-m727 | FH2: =FH1 -> CD41-m729 | FI2: =FH1 -> CD41-m729 | FJ2: =FJ1 -> CD41-m730 | FK2: =FJ1 -> CD41-m730 | FL2: =FL1 -> CD41-m731 | FM2: =FL1 -> CD41-m731 | FN2: =FN1 -> CD41-m774 | FO2: =FN1 -> CD41-m774 | FP2: =FP1 -> CD10-m851 | FQ2: =FP1 -> CD10-m851 | FR2: =FR1 -> CD10-m852 | FS2: =FR1 -> CD10-m852 | FT2: =FT1 -> CD10-m853 | FU2: =FT1 -> CD10-m853 | FV2: =FV1 -> CD10-m854 | FW2: =FV1 -> CD10-m854 | FX2: =FX1 -> CD10-m855 | FY2: =FX1 -> CD10-m855 | FZ2: =FZ1 -> CD10-m896 | GA2: =FZ1 -> CD10-m896 | GB2: =GB1 -> CD10-m898 | GC2: =GB1 -> CD10-m898 | GD2: =GD1 -> CD10-m899 | GE2: =GD1 -> CD10-m899 | GF2: =GF1 -> CD10-m900 | GG2: =GF1 -> CD10-m900 | GH2: =GH1 -> CD21-m998 | GI2: =GH1 -> CD21-m998 | GJ2: =GJ1 -> CD21-m999 | GK2: =GJ1 -> CD21-m999 | GL2: =GL1 -> CD21-m002 | GM2: =GL1 -> CD21-m002 | GN2: =GN1 -> CD21-m003 | GO2: =GN1 -> CD21-m003 | GP2: =GP1 -> CD21-m004 | GQ2: =GP1 -> CD21-m004 | GR2: =GR1 -> CD21-m006 | GS2: =GR1 -> CD21-m006 | GT2: =GT1 -> CD21-m007 | GU2: =GT1 -> CD21-m007 | GV2: =GV1 -> CD21-m008 | GW2: =GV1 -> CD21-m008 | GX2: =GX1 -> CD21-m009 | GY2: =GX1 -> CD21-m009 | GZ2: =GZ1 -> CD30-m193 | HA2: =GZ1 -> CD30-m193 | HB2: =HB1 -> CD30-m195 | HC2: =HB1 -> CD30-m195 | HD2: =HD1 -> CD30-m196 | HE2: =HD1 -> CD30-m196 | HF2: =HF1 -> CD30-m197 | HG2: =HF1 -> CD30-m197 | HH2: =HH1 -> CD30-m203 | HI2: =HH1 -> CD30-m203 | HJ2: =HJ1 -> CD30-m204 | HK2: =HJ1 -> CD30-m204 | HL2: =HL1 -> CD30-m205 | HM2: =HL1 -> CD30-m205 | HN2: =HN1 -> CD30-m206 | HO2: =HN1 -> CD30-m206 | HP2: =HP1 -> CD30-m207 | HQ2: =HP1 -> CD30-m207 | HR2: =HR1 -> CD30-m229 | HS2: =HR1 -> CD30-m229 | HT2: =HT1 -> CD30-m230 | HU2: =HT1 -> CD30-m230 | HV2: =HV1 -> CD30-m231 | HW2: =HV1 -> CD30-m231 | HX2: =HX1 -> CD30-m232 | HY2: =HX1 -> CD30-m232 | HZ2: =HZ1 -> CD27-m740 | IA2: =HZ1 -> CD27-m740 | IB2: =IB1 -> CD27-m806 | IC2: =IB1 -> CD27-m806 | ID2: =ID1 -> CD27-m807 | IE2: =ID1 -> CD27-m807 | IF2: =IF1 -> CD27-m808 | IG2: =IF1 -> CD27-m808 | IH2: =IH1 -> CD27-m809 | II2: =IH1 -> CD27-m809 | IJ2: =IJ1 -> CD27-m810 | IK2: =IJ1 -> CD27-m810 | IL2: =IL1 -> CD27-m756 | IM2: =IL1 -> CD27-m756 | IN2: =IN1 -> CD27-m757 | IO2: =IN1 -> CD27-m757 | IP2: =IP1 -> CD27-m783 | IQ2: =IP1 -> CD27-m783 | IR2: =IR1 -> CD27-m784 | IS2: =IR1 -> CD27-m784 | IT2: =IT1 -> CD27-m785 | IU2: =IT1 -> CD27-m785 | IV2: =IV1 -> CD27-m786 | IW2: =IV1 -> CD27-m786 | IX2: =IX1 -> CD27-m787 | IY2: =IX1 -> CD27-m787 | IZ2: =IZ1 -> CD27-m788 | JA2: =IZ1 -> CD27-m788 | JB2: =JB1 -> CD27-m789 | JC2: =JB1 -> CD27-m789
A3: Weeks | B3: CD5-m260 | C3: CD5-m260 | D3: CD5-m261 | E3: CD5-m261 | F3: CD5-m263 | G3: CD5-m263 | H3: CD5-m264 | I3: CD5-m264 | J3: CD5-m265 | K3: CD5-m265 | L3: CD5-m266 | M3: CD5-m266 | N3: CD5-m267 | O3: CD5-m267 | P3: CD5-m269 | Q3: CD5-m269 | R3: CD5-m270 | S3: CD5-m270 | T3: CD5-m271 | U3: CD5-m271 | V3: CD5-m272 | W3: CD5-m272 | X3: CD5-m273 | Y3: CD5-m273 | Z3: CD5-m281 | AA3: CD5-m281 | AB3: CD5-m282 | AC3: CD5-m282 | AD3: CD5-m283 | AE3: CD5-m283 | AF3: CD5-m284 | AG3: CD5-m284 | AH3: CD5-m285 | AI3: CD5-m285 | AJ3: CD10-m881 | AK3: CD10-m881 | AL3: CD10-m882 | AM3: CD10-m882 | AN3: CD10-m883 | AO3: CD10-m883 | AP3: CD10-m884 | AQ3: CD10-m884 | AR3: CD10- m885 | AS3: CD10- m885 | AT3: CD10-m876 | AU3: CD10-m876 | AV3: CD10-m877 | AW3: CD10-m877 | AX3: CD10- m878 | AY3: CD10- m878 | AZ3: CD10-m879 | BA3: CD10-m879 | BB3: CD10-m880 | BC3: CD10-m880 | BD3: CD20-m014 | BE3: CD20-m014 | BF3: CD20-m016 | BG3: CD20-m016 | BH3: CD20-m018 | BI3: CD20-m018 | BJ3: CD20-m020 | BK3: CD20-m020 | BL3: CD20-m021 | BM3: CD20-m021 | BN3: CD20-m022 | BO3: CD20-m022 | BP3: CD20-m023 | BQ3: CD20-m023 | BR3: CD20-m025 | BS3: CD20-m025 | BT3: CD20-m026 | BU3: CD20-m026 | BV3: CD20-m027 | BW3: CD20-m027 | BX3: CD20-m028 | BY3: CD20-m028 | BZ3: CD20-m034 | CA3: CD20-m034 | CB3: CD20-m035 | CC3: CD20-m035 | CD3: CD20-m036 | CE3: CD20-m036 | CF3: CD20-m038 | CG3: CD20-m038 | CH3: CD21-m010 | CI3: CD21-m010 | CJ3: CD21-m011 | CK3: CD21-m011 | CL3: CD21-m014 | CM3: CD21-m014 | CN3: CD21-m015 | CO3: CD21-m015 | CP3: CD21-m016 | CQ3: CD21-m016 | CR3: CD21-m017 | CS3: CD21-m017 | CT3: CD21-m018 | CU3: CD21-m018 | CV3: CD21-m019 | CW3: CD21-m019 | CX3: CD21-m020 | CY3: CD21-m020 | CZ3: CD46-m331 | DA3: CD46-m331 | DB3: CD46-m332 | DC3: CD46-m332 | DD3: CD46-m333 | DE3: CD46-m333 | DF3: CD46-m334 | DG3: CD46-m334 | DH3: CD46-m336 | DI3: CD46-m336 | DJ3: CD46-m337 | DK3: CD46-m337 | DL3: CD46-m338 | DM3: CD46-m338 | DN3: CD46-m339 | DO3: CD46-m339 | DP3: CD46-m340 | DQ3: CD46-m340 | DR3: CD20-m004 | DS3: CD20-m004 | DT3: CD20-m005 | DU3: CD20-m005 | DV3: CD20-m006 | DW3: CD20-m006 | DX3: CD20-m007 | DY3: CD20-m007 | DZ3: CD20-m008 | EA3: CD20-m008 | EB3: CD20-m009 | EC3: CD20-m009 | ED3: CD20-m010 | EE3: CD20-m010 | EF3: CD20-m011 | EG3: CD20-m011 | EH3: CD20-m012 | EI3: CD20-m012 | EJ3: CD20-m013 | EK3: CD20-m013 | EL3: CD20-m029 | EM3: CD20-m029 | EN3: CD20-m030 | EO3: CD20-m030 | EP3: CD20-m031 | EQ3: CD20-m031 | ER3: CD20-m032 | ES3: CD20-m032 | ET3: CD20-m033 | EU3: CD20-m033 | EV3: CD41-m722 | EW3: CD41-m722 | EX3: CD41-m723 | EY3: CD41-m723 | EZ3: CD41-m724 | FA3: CD41-m724 | FB3: CD41-m725 | FC3: CD41-m725 | FD3: CD41-m726 | FE3: CD41-m726 | FF3: CD41-m727 | FG3: CD41-m727 | FH3: CD41-m729 | FI3: CD41-m729 | FJ3: CD41-m730 | FK3: CD41-m730 | FL3: CD41-m731 | FM3: CD41-m731 | FN3: CD41-m774 | FO3: CD41-m774 | FP3: CD10-m851 | FQ3: CD10-m851 | FR3: CD10-m852 | FS3: CD10-m852 | FT3: CD10-m853 | FU3: CD10-m853 | FV3: CD10-m854 | FW3: CD10-m854 | FX3: CD10-m855 | FY3: CD10-m855 | FZ3: CD10-m896 | GA3: CD10-m896 | GB3: CD10-m898 | GC3: CD10-m898 | GD3: CD10-m899 | GE3: CD10-m899 | GF3: CD10-m900 | GG3: CD10-m900 | GH3: CD21-m998 | GI3: CD21-m998 | GJ3: CD21-m999 | GK3: CD21-m999 | GL3: CD21-m002 | GM3: CD21-m002 | GN3: CD21-m003 | GO3: CD21-m003 | GP3: CD21-m004 | GQ3: CD21-m004 | GR3: CD21-m006 | GS3: CD21-m006 | GT3: CD21-m007 | GU3: CD21-m007 | GV3: CD21-m008 | GW3: CD21-m008 | GX3: CD21-m009 | GY3: CD21-m009 | GZ3: CD30-m193 | HA3: CD30-m193 | HB3: CD30-m195 | HC3: CD30-m195 | HD3: CD30-m196 | HE3: CD30-m196 | HF3: CD30-m197 | HG3: CD30-m197 | HH3: CD30-m203 | HI3: CD30-m203 | HJ3: CD30-m204 | HK3: CD30-m204 | HL3: CD30-m205 | HM3: CD30-m205 | HN3: CD30-m206 | HO3: CD30-m206 | HP3: CD30-m207 | HQ3: CD30-m207 | HR3: CD30-m229 | HS3: CD30-m229 | HT3: CD30-m230 | HU3: CD30-m230 | HV3: CD30-m231 | HW3: CD30-m231 | HX3: CD30-m232 | HY3: CD30-m232 | HZ3: CD27-m740 | IA3: CD27-m740 | IB3: CD27-m806 | IC3: CD27-m806 | ID3: CD27-m807 | IE3: CD27-m807 | IF3: CD27-m808 | IG3: CD27-m808 | IH3: CD27-m809 | II3: CD27-m809 | IJ3: CD27-m810 | IK3: CD27-m810 | IL3: CD27-m756 | IM3: CD27-m756 | IN3: CD27-m757 | IO3: CD27-m757 | IP3: CD27-m783 | IQ3: CD27-m783 | IR3: CD27-m784 | IS3: CD27-m784 | IT3: CD27-m785 | IU3: CD27-m785 | IV3: CD27-m786 | IW3: CD27-m786 | IX3: CD27-m787 | IY3: CD27-m787 | IZ3: CD27-m788 | JA3: CD27-m788 | JB3: CD27-m789 | JC3: CD27-m789
A4: 0 | B4: 100 | C4: 100 | D4: 125 | E4: 125 | F4: 150 | G4: 150 | H4: 175 | I4: 175 | J4: 188 | K4: 188 | L4: 200 | M4: 200 | N4: 225 | O4: 225 | P4: 250 | Q4: 250 | R4: 275 | S4: 275 | T4: 288 | U4: 288 | V4: 300 | W4: 300 | X4: 325 | Y4: 325 | Z4: 338 | AA4: 338 | AB4: 350 | AC4: 350 | AD4: 3.63e+002* | AE4: 3.63e+002* | AF4: 375 | AG4: 375 | AH4: 383 | AI4: 383 | AJ4: 400 | AK4: 400 | AL4: 425 | AM4: 425 | AN4: 450 | AO4: 450 | AP4: 475 | AQ4: 475 | AR4: 500 | AS4: 500 | AT4: 5.13e+002* | AU4: 5.13e+002* | AV4: 525 | AW4: 525 | AX4: 550 | AY4: 550 | AZ4: 575 | BA4: 575 | BB4: 600 | BC4: 600 | BD4: 625 | BE4: 625 | BF4: 650 | BG4: 650 | BH4: 675 | BI4: 675 | BJ4: 688 | BK4: 688 | BL4: 700 | BM4: 700 | BN4: 713 | BO4: 713 | BP4: 725 | BQ4: 725 | BR4: 7.38e+002* | BS4: 7.38e+002* | BT4: 750 | BU4: 750 | BV4: 763 | BW4: 763 | BX4: 775 | BY4: 775 | BZ4: 800 | CA4: 800 | CB4: 8.25e+002* | CC4: 8.25e+002* | CD4: 8.5e+002* | CE4: 8.5e+002* | CF4: 875 | CG4: 875 | CH4: 150 | CI4: 150 | CJ4: 200 | CK4: 200 | CL4: 300 | CM4: 300 | CN4: 400 | CO4: 400 | CP4: 500 | CQ4: 500 | CR4: 600 | CS4: 600 | CT4: 700 | CU4: 700 | CV4: 800 | CW4: 800 | CX4: 900 | CY4: 900 | CZ4: 150 | DA4: 150 | DB4: 250 | DC4: 250 | DD4: 350 | DE4: 350 | DF4: 450 | DG4: 450 | DH4: 550 | DI4: 550 | DJ4: 650 | DK4: 650 | DL4: 750* | DM4: 750* | DN4: 850 | DO4: 850 | DP4: 850 | DQ4: 850 | DR4: 150 | DS4: 150 | DT4: 200 | DU4: 200 | DV4: 250 | DW4: 250 | DX4: 300 | DY4: 300 | DZ4: 350 | EA4: 350 | EB4: 400 | EC4: 400 | ED4: 450 | EE4: 450 | EF4: 500 | EG4: 500 | EH4: 550 | EI4: 550 | EJ4: 600 | EK4: 600 | EL4: 650 | EM4: 650 | EN4: 700 | EO4: 700 | EP4: 750 | EQ4: 750 | ER4: 800 | ES4: 800 | ET4: 900 | EU4: 900 | EV4: 150 | EW4: 150 | EX4: 200 | EY4: 200 | EZ4: 250 | FA4: 250 | FB4: 300 | FC4: 300 | FD4: 350 | FE4: 350 | FF4: 400 | FG4: 400 | FH4: 450 | FI4: 450 | FJ4: 500 | FK4: 500 | FL4: 550 | FM4: 550 | FN4: 600 | FO4: 600 | FP4: 150 | FQ4: 150 | FR4: 200 | FS4: 200 | FT4: 250 | FU4: 250 | FV4: 300 | FW4: 300 | FX4: 400 | FY4: 400 | FZ4: 500 | GA4: 500 | GB4: 600 | GC4: 600 | GD4: 700 | GE4: 700 | GF4: 800 | GG4: 800 | GH4: 150 | GI4: 150 | GJ4: 200 | GK4: 200 | GL4: 300 | GM4: 300 | GN4: 400 | GO4: 400 | GP4: 500 | GQ4: 500 | GR4: 600 | GS4: 600 | GT4: 700 | GU4: 700 | GV4: 800 | GW4: 800 | GX4: 900 | GY4: 900 | GZ4: 150 | HA4: 150 | HB4: 200 | HC4: 200 | HD4: 300 | HE4: 300 | HF4: 400 | HG4: 400 | HH4: 500 | HI4: 500 | HJ4: 600 | HK4: 600 | HL4: 700 | HM4: 700 | HN4: 800 | HO4: 800 | HP4: 900 | HQ4: 900 | HR4: 200 | HS4: 200 | HT4: 300 | HU4: 300 | HV4: 400 | HW4: 400 | HX4: 500 | HY4: 500 | HZ4: 300 | IA4: 300 | IB4: 200 | IC4: 200 | ID4: 300 | IE4: 300 | IF4: 400 | IG4: 400 | IH4: 500 | II4: 500 | IJ4: 600 | IK4: 600 | IL4: 800 | IM4: 800 | IN4: 900 | IO4: 900 | IP4: 300 | IQ4: 300 | IR4: 400 | IS4: 400 | IT4: 500 | IU4: 500 | IV4: 600 | IW4: 600 | IX4: 700 | IY4: 700 | IZ4: 800 | JA4: 800 | JB4: 900 | JC4: 900
A5: 1 | B5: 3427.595 | D5: 69840.86 | F5: 248850.2 | H5: 47154.75 | J5: 96924.43 | L5: 9785.094 | N5: 2750.64 | O5: 1894.282 | P5: 101479.1 | Q5: 53751.47 | R5: 28746.14 | S5: 36254.73 | T5: 111834.9 | U5: 91788.58 | V5: 100508.1 | W5: 79888.88 | X5: 225019.4 | Z5: 372125.5 | AB5: 146178.3 | AD5: 2.814206e+004* | AE5: 3.596149e+004* | AF5: 559363.4 | AG5: 756122.2 | AH5: 54868.17 | AI5: 35825.87 | AJ5: 297243 | AK5: 224135.6 | AL5: 203275.8 | AM5: 12052.86 | AN5: 1631.012 | AO5: 2691.839 | AP5: 2290903 | AQ5: 2783205 | AR5: 7328.624 | AS5: 3197.484 | AT5: 2.435722e+004* | AU5: 5.441707e+004* | AV5: 46080.62 | AW5: 51737.37 | AX5: 177505.4 | AY5: 371015.3 | AZ5: 617873.3 | BA5: 853149.8 | BB5: 58460.17 | BC5: 81964.56 | BD5: 1648.2079 | BE5: 1049.8799 | BF5: 19715.384 | BG5: 21011.837 | BH5: 1120.5838 | BI5: 2163.6972 | BJ5: 132928.18 | BK5: 75220.169 | BL5: 5246.0794 | BM5: 24689.907 | BN5: 3777.3564 | BO5: 7815.2509 | BP5: 87265.625 | BQ5: 82816.658 | BR5: 7.38e+002* | BS5: 7.38e+002* | BT5: 230144.97 | BU5: 75509.064 | BV5: 13325.337 | BW5: 1950.2518 | BX5: 25164.734 | BY5: 34329.453 | BZ5: 5240.0098 | CA5: 8293.5934 | CB5: 1.142382145e+004* | CC5: 4.607697487e+003* | CD5: 2.433984041e+003* | CE5: 1.237808228e+003* | CF5: 875 | CG5: 875 | CH5: 261588.47 | CI5: 248814.87 | CJ5: 385861.02 | CK5: 359675.93 | CL5: 12667.118 | CM5: 2476.1484 | CN5: 72464.386 | CO5: 82735.069 | CP5: 108457.47 | CQ5: 63352.047 | CR5: 250040.28 | CS5: 97204.468 | CT5: 387922.91 | CU5: 410775.02 | CV5: 6503.2964 | CW5: 4022.7132 | CX5: 275206.73 | CY5: 250261.15 | CZ5: 1504.8711 | DA5: 1888.3488 | DB5: 9481.0514 | DC5: 8759.4614 | DD5: 17962.955 | DE5: 15778.524 | DF5: 1416.6386 | DG5: 1931.7822 | DH5: 1385.2108 | DI5: 1000 | DJ5: 1683.1639 | DK5: 1338.1785 | DL5: 19231.21834* | DM5: 26263.4449* | DN5: 8067.0872 | DO5: 7501.1888 | DP5: 8099.3557 | DQ5: 8730.4296 | DR5: 1000 | DS5: 1412.1687 | DT5: 1359.1089 | DU5: 1000 | DV5: 106442.57 | DW5: 120001.48 | DX5: 36401.035 | DY5: 11308.42 | DZ5: 263013.34 | EA5: 202853.1 | EB5: 400 | EC5: 400 | ED5: 1484.9164 | EE5: 1487.4687 | EF5: 122303.52 | EG5: 137337.75 | EH5: 24828.981 | EI5: 26171.503 | EJ5: 25472.912 | EK5: 19928.593 | EL5: 3112.3178 | EM5: 1000 | EN5: 700 | EO5: 700 | EP5: 5741.7312 | EQ5: 1000 | ER5: 25043.865 | ES5: 25850.315 | ET5: 101001.85 | EU5: 71471.458 | EV5: 7667.1124 | EW5: 5118.3763 | EX5: 200 | EY5: 200 | EZ5: 8413.0182 | FA5: 5425.571 | FB5: 4855.2599 | FC5: 2000 | FD5: 7464.3698 | FE5: 4607.9602 | FF5: 2301.5709 | FG5: 3277.1688 | FH5: 7649.9867 | FI5: 6601.2092 | FJ5: 500 | FK5: 500 | FL5: 2000 | FM5: 2390.3124 | FN5: 600 | FO5: 600 | FP5: 76973.8 | FQ5: 54434.8 | FR5: 404603.6 | FS5: 293440.8 | FT5: 1000 | FU5: 6873.81 | FV5: 1509.654 | FW5: 1000 | FX5: 42752.36 | FY5: 25104.14 | FZ5: 12731.76 | GA5: 3725.392 | GB5: 3804.367 | GC5: 1000 | GD5: 19221.64 | GE5: 8855.06 | GF5: 53206.13 | GG5: 98665.53 | GH5: 221055 | GI5: 197732.5 | GJ5: 285070.25 | GK5: 180844 | GL5: 180337 | GM5: 241932.5 | GN5: 8774.25 | GO5: 10543.25 | GP5: 189604 | GQ5: 169002.75 | GR5: 5202.5 | GS5: 7364 | GT5: 90673.75 | GU5: 64333.25 | GV5: 12792.5 | GW5: 9324.5 | GX5: 80506.25 | GY5: 53927.75 | GZ5: 150 | HA5: 150 | HB5: 200 | HC5: 200 | HD5: 52099.739 | HE5: 63037.361 | HF5: 300 | HG5: 300 | HH5: 135330 | HI5: 135938.49 | HJ5: 400 | HK5: 400 | HL5: 223172.41 | HM5: 219728.09 | HN5: 78023.46 | HO5: 98323.257 | HP5: 148328.55 | HQ5: 135093.95 | HR5: 392180.51 | HS5: 449587.92 | HT5: 237670.3 | HU5: 191498.86 | HV5: 307113.53 | HW5: 323158.78 | HX5: 215920.14 | HY5: 230591.8 | HZ5: 300 | IA5: 300 | IB5: 12799.677 | IC5: 22558.243 | ID5: 12779.493 | IE5: 11075.739 | IF5: 13547.158 | IG5: 22370.617 | IH5: 500 | II5: 500 | IJ5: 600 | IK5: 600 | IL5: 800 | IM5: 800 | IN5: 900 | IO5: 900 | IP5: 300 | IQ5: 300 | IR5: 1012.8438 | IS5: 1000 | IT5: 500 | IU5: 500 | IV5: 5228.4927 | IW5: 4356.3671 | IX5: 700 | IY5: 700 | IZ5: 1000 | JA5: 1439.9335 | JB5: 900 | JC5: 900
A6: 2 | B6: 54766 | C6: 58483.76 | D6: 167730.7 | E6: 202032.2 | F6: 182883.7 | G6: 227723 | H6: 103789.9 | I6: 147608.9 | J6: 357531.9 | K6: 364034.2 | L6: 199679.2 | M6: 474861.3 | N6: 115140.3 | O6: 196744.7 | P6: 434650.1 | Q6: 579362.9 | R6: 82442.55 | S6: 89464.82 | T6: 245710.2 | U6: 525100.5 | V6: 410459 | W6: 768735.1 | X6: 538880.1 | Y6: 603571.8 | Z6: 387136.4 | AA6: 469583.4 | AB6: 1413134 | AC6: 936128.4 | AD6: 1.33246e+006* | AE6: 1.971867e+006* | AF6: 389906.9 | AG6: 333077.2 | AH6: 445374.4 | AI6: 443890.2 | AJ6: 450866.9 | AK6: 380270.1 | AL6: 753353.8 | AM6: 703738 | AN6: 574275.9 | AO6: 626590.9 | AP6: 1992870 | AQ6: 1734511 | AR6: 1399044 | AS6: 1573943 | AT6: 6.971054e+004* | AU6: 6.010169e+004* | AV6: 719142.5 | AW6: 938547.2 | AX6: 481775.4 | AY6: 405219.7 | AZ6: 744078.1 | BA6: 702291.7 | BB6: 945182.4 | BC6: 602763.9 | BD6: 370550.02 | BE6: 312037.84 | BF6: 738136.54 | BG6: 575595.58 | BH6: 1072669.6 | BI6: 589380.92 | BJ6: 1137166.9 | BK6: 1303142 | BL6: 979689.03 | BM6: 613415.34 | BN6: 3823600.3 | BO6: 1885801.4 | BP6: 1314754.8 | BQ6: 629888.98 | BR6: 1e+003* | BS6: 2.251561737e+005* | BT6: 85504.333 | BU6: 517262.33 | BV6: 38133.583 | BW6: 1183718 | BX6: 104589.56 | BY6: 924174.19 | BZ6: 313942.32 | CA6: 397298.71 | CB6: 7.481554565e+005* | CC6: 6.772858887e+005* | CD6: 1.124658585e+005* | CE6: 6.889674377e+004* | CF6: 875 | CG6: 875 | CH6: 20973.003 | CI6: 18141.268 | CJ6: 137617.75 | CK6: 77739.113 | CL6: 107412.29 | CM6: 75431.488 | CN6: 14496.294 | CO6: 5900.5914 | CP6: 120452.35 | CQ6: 31181.637 | CR6: 16433.767 | CS6: 6769.9432 | CT6: 23312.632 | CU6: 13016.19 | CV6: 472280.4 | CW6: 287470.46 | CX6: 647553.77 | CY6: 451040.41 | CZ6: 373981.26 | DA6: 338900.51 | DB6: 368617.52 | DC6: 308812.77 | DD6: 420398.44 | DE6: 405656.92 | DF6: 167781.94 | DG6: 162292.65 | DH6: 198767.91 | DI6: 156669.83 | DJ6: 1938159.1 | DK6: 1508030.9 | DL6: 1366762.817* | DM6: 1320554.443* | DN6: 323702.79 | DO6: 314027.56 | DP6: 1116915.5 | DQ6: 1051001 | DR6: 731825.81 | DS6: 429929.99 | DT6: 229954.47 | DU6: 467513.43 | DV6: 494556.85 | DW6: 408751.59 | DX6: 599752.5 | DY6: 839378.3 | DZ6: 345488.13 | EA6: 304043.7 | EB6: 579665.83 | EC6: 443877.32 | ED6: 56727.802 | EE6: 366213.04 | EF6: 456219.82 | EG6: 981401.55 | EH6: 187610.93 | EI6: 156562.85 | EJ6: 289833.53 | EK6: 80086.113 | EL6: 61651.234 | EM6: 592588.75 | EN6: 43053.49 | EO6: 232066.76 | EP6: 8739.5763 | EQ6: 71790.375 | ER6: 221119.52 | ES6: 278875.37 | ET6: 1332190.8 | EU6: 483727.02 | EV6: 948447.51 | EW6: 738240.84 | EX6: 29610.737 | EY6: 33166.321 | EZ6: 77446.64 | FA6: 74008.736 | FB6: 148967.19 | FC6: 157124.11 | FD6: 21747.124 | FE6: 19693.516 | FF6: 103155.9 | FG6: 117071.05 | FH6: 13226.558 | FI6: 14546.884 | FJ6: 5189.6625 | FK6: 4160.5391 | FL6: 32644.394 | FM6: 37757.397 | FN6: 99461.632 | FO6: 100091.32 | FP6: 504429.9 | FQ6: 390306.4 | FR6: 1495462 | FS6: 1495857 | FT6: 162568 | FU6: 97754.67 | FV6: 513224.3 | FW6: 393542.3 | FX6: 493647.8 | FY6: 350089.8 | FZ6: 1109.462 | GA6: 1000 | GB6: 85409.29 | GC6: 85789.06 | GD6: 1067549 | GE6: 1292940 | GF6: 1369468 | GG6: 1393732 | GH6: 369094.67 | GI6: 315156.43 | GJ6: 341345 | GK6: 212067.75 | GL6: 58565.5 | GM6: 46116.5 | GN6: 422416.5 | GO6: 275682.5 | GP6: 205237.25 | GQ6: 172485.25 | GR6: 79817.5 | GS6: 85936.75 | GT6: 299889.56 | GU6: 264692.17 | GV6: 84992 | GW6: 11961.75 | GX6: 43398.029 | GY6: 29855.486 | GZ6: 36108.318 | HA6: 19201.366 | HB6: 43385.044 | HC6: 46825.5 | HD6: 402439.82 | HE6: 331356.29 | HF6: 6879.0846 | HG6: 7755.7478 | HH6: 424640.01 | HI6: 386378.05 | HJ6: 387127.23 | HK6: 294935.18 | HL6: 228637.88 | HM6: 151342.03 | HN6: 386177.64 | HO6: 300186.4 | HP6: 90756.386 | HQ6: 103162.67 | HR6: 701868.29 | HS6: 648418.64 | HT6: 299859.86 | HU6: 453543.88 | HV6: 338482.64 | HW6: 486259.67 | HX6: 679275.94 | HY6: 373912.99 | IB6: 76500.969 | IC6: 87809.235 | ID6: 72074.196 | IE6: 74947.563 | IF6: 21474.403 | IG6: 14405.559 | IH6: 11474.228 | II6: 7524.9438 | IJ6: 6454.9494 | IK6: 1047.471 | IL6: 41769.497 | IM6: 41028.87 | IN6: 4926.3482 | IO6: 1326.8404 | IP6: 73789.139 | IQ6: 49211.163 | IR6: 82655.304 | IS6: 90363.174 | IT6: 78581.665 | IU6: 49657.715 | IV6: 34054.878 | IW6: 52189.342 | IX6: 7921.618 | IY6: 14382.214 | IZ6: 71959.801 | JA6: 54198.383 | JB6: 39500.637 | JC6: 17760.599
A7: 3 | B7: 48150.25 | C7: 45915.25 | D7: 620842.1 | E7: 324218.7 | F7: 1231278 | G7: 424368.3 | H7: 209880.9 | I7: 156009.4 | J7: 1002010 | K7: 943357.4 | L7: 791185.8 | M7: 1017687 | N7: 98744.64 | O7: 839722.8 | P7: 625626.6 | Q7: 480973.2 | R7: 80511.17 | S7: 125548.6 | T7: 294744.7 | U7: 66367.28 | V7: 92875.9 | W7: 43290.84 | X7: 134096.2 | Y7: 111825.1 | Z7: 1264375 | AA7: 1110108 | AB7: 2795059 | AC7: 1472671 | AD7: 1.47405e+006* | AE7: 8.065103e+005* | AF7: 767116.6 | AG7: 895140.7 | AH7: 626895.3 | AJ7: 103521.5 | AK7: 98325.59 | AL7: 513612.4 | AM7: 611041.5 | AN7: 137076.6 | AO7: 154396.4 | AP7: 858132.7 | AQ7: 747297.2 | AR7: 966714.4 | AS7: 835936.7 | AT7: 8.485795e+004* | AU7: 9.543111e+004* | AV7: 265551.1 | AW7: 345897.4 | AX7: 330716.4 | AY7: 308737.3 | AZ7: 469364.4 | BA7: 490019 | BB7: 204905.1 | BC7: 133806.8 | BD7: 1204538.8 | BE7: 739797.73 | BF7: 1733738.3 | BG7: 531259.34 | BH7: 309900.24 | BI7: 426654.21 | BJ7: 1568522.9 | BK7: 1153568.7 | BL7: 252139.66 | BM7: 522378.17 | BN7: 136113.91 | BO7: 52961.006 | BP7: 2212772 | BQ7: 1440573.7 | BR7: 9.385163116e+004* | BS7: 2.441060066e+004* | BT7: 704895.39 | BU7: 845159.42 | BV7: 170059.86 | BW7: 172293.81 | BX7: 276381.23 | BY7: 318930.94 | BZ7: 368930.36 | CA7: 485308.2 | CB7: 7.920079102e+006* | CC7: 6.027200684e+006* | CD7: 2.611281738e+005* | CE7: 1.883332214e+005* | CF7: 343178.59 | CG7: 613953 | CH7: 274522.13 | CI7: 255016.36 | CJ7: 43120.201 | CK7: 45412.823 | CL7: 355679.08 | CM7: 262537.81 | CN7: 390416.84 | CO7: 305458.1 | CP7: 251433.04 | CQ7: 219339.23 | CR7: 40963.936 | CS7: 25309.132 | CT7: 847155.94 | CU7: 711135.5 | CV7: 214757.98 | CW7: 231836.73 | CX7: 544401.55 | CY7: 395378.33 | CZ7: 552131.23 | DA7: 547552.43 | DB7: 387300.78 | DC7: 318821.66 | DD7: 376346.41 | DE7: 275580.75 | DF7: 265091.25 | DG7: 277124.82 | DH7: 479256.32 | DI7: 510713.78 | DJ7: 943220.28 | DK7: 765076.84 | DL7: 2247489.258* | DM7: 2706646.484* | DN7: 616120.12 | DO7: 539353.45 | DP7: 986113.1 | DQ7: 983633.3 | DR7: 350372.38 | DS7: 544603.27 | DT7: 457444.55 | DU7: 222580.15 | DV7: 1669006 | DW7: 978245.42 | DX7: 1090101.8 | DY7: 4914843.3 | DZ7: 545981.08 | EA7: 269199.07 | EB7: 1730618 | EC7: 967378.05 | ED7: 574137.21 | EE7: 631118.35 | EF7: 560442.02 | EG7: 217197.65 | EH7: 739867.86 | EI7: 682333.19 | EJ7: 2015854.2 | EK7: 1439958.4 | EL7: 3089989.3 | EM7: 1119659.7 | EN7: 846978.21 | EO7: 204100.22 | EP7: 238467.32 | EQ7: 338364.87 | ER7: 2841195.3 | ES7: 1257097.4 | ET7: 853386.66 | EU7: 301033.08 | EV7: 149180.73 | EW7: 149685.09 | EX7: 60919.079 | EY7: 63701.069 | EZ7: 70712.845 | FA7: 71343.193 | FB7: 44191.006 | FC7: 48753.429 | FD7: 90690.376 | FE7: 91827.354 | FF7: 122499.31 | FG7: 109570.42 | FH7: 23316.74 | FI7: 20143.612 | FJ7: 10709.892 | FK7: 14303.412 | FL7: 43886.547 | FM7: 42585.613 | FN7: 28463.049 | FO7: 25667.795 | FP7: 453520.8 | FQ7: 530669.8 | FR7: 74284.05 | FS7: 13558.87 | FT7: 155848.7 | FU7: 76861.06 | FV7: 41263.95 | FW7: 277860.5 | FX7: 120721 | FY7: 116693.1 | FZ7: 227588.9 | GA7: 206364.8 | GB7: 396341.9 | GC7: 625134.4 | GD7: 265951.1 | GE7: 359345.8 | GF7: 1087724 | GG7: 695936.1 | GH7: 123955.5 | GI7: 135366 | GJ7: 305184.5 | GK7: 233230.5 | GL7: 10797.25 | GM7: 15251.25 | GN7: 65815.5 | GO7: 34276 | GP7: 36370.5 | GQ7: 17249.25 | GR7: 199121.25 | GS7: 110936.25 | GT7: 564672 | GU7: 509730.62 | GV7: 72346 | GW7: 77442.5 | GX7: 48181.931 | GY7: 52316.578 | GZ7: 306226.84 | HA7: 305113.65 | HB7: 165894.9 | HC7: 156226.29 | HD7: 124902.63 | HE7: 133894.62 | HF7: 8867.0282 | HG7: 11720.551 | HH7: 85852.127 | HI7: 93675.446 | HJ7: 123277.51 | HK7: 146114.12 | HL7: 83961.281 | HM7: 84127.205 | HN7: 88412.582 | HO7: 108617.41 | HP7: 106255.7 | HQ7: 112354.02 | HR7: 146569.41 | HS7: 147665.65 | HT7: 232316.16 | HU7: 211481.55 | HV7: 144546.1 | HW7: 148453.61 | HX7: 35566.944 | HY7: 37966.743 | HZ7: 76937.943 | IA7: 48476.566 | IB7: 151055.19 | IC7: 148529.59 | ID7: 143362.27 | IE7: 67262.856 | IF7: 66200.676 | IG7: 56829.468 | IH7: 22105.465 | II7: 24528.421 | IJ7: 37524.83 | IK7: 40040.195 | IL7: 329737.73 | IM7: 282361.48 | IN7: 285958.28 | IO7: 294965.79 | IP7: 104982.97 | IQ7: 103134.94 | IR7: 268496.12 | IS7: 314939.21 | IT7: 169269.81 | IU7: 257196.41 | IV7: 81675.11 | IW7: 105467.02 | IX7: 46584.053 | IY7: 56642.433 | IZ7: 139929.41 | JA7: 166913.28 | JB7: 82362.648 | JC7: 82323.166
A8: 4 | B8: 23679.88 | C8: 16674.76 | D8: 116832.3 | E8: 133953.2 | F8: 93269.36 | H8: 194576.1 | I8: 329833.1 | J8: 370390.3 | K8: 463724.9 | L8: 493019.5 | M8: 514106.6 | N8: 64016.26 | O8: 58588.19 | P8: 58008.6 | Q8: 54259.5 | R8: 51466.07 | S8: 37159.11 | T8: 242290.9 | U8: 332192.9 | V8: 110662.9 | W8: 54086.51 | X8: 122162.4 | Y8: 114489.7 | Z8: 592683.8 | AA8: 470548 | AB8: 492871.1 | AC8: 552674.6 | AD8: 2.823046e+006* | AE8: 2.773845e+006* | AF8: 124051.1 | AG8: 187651.9 | AH8: 278646.7 | AJ8: 46460.25 | AK8: 50484 | AL8: 146882.2 | AM8: 150529.2 | AN8: 105198.5 | AO8: 82429.75 | AP8: 140199.5 | AQ8: 120701 | AR8: 119601.8 | AS8: 122069.8 | AT8: 5.019044e+006* | AU8: 3.957005e+006* | AV8: 204020.5 | AW8: 177270 | AX8: 54640 | AY8: 47135.5 | AZ8: 214839.8 | BA8: 244214.2 | BB8: 282275.2 | BC8: 385914 | BD8: 37046.299 | BE8: 18500.38 | BF8: 74864.334 | BG8: 56910.728 | BH8: 27403.543 | BI8: 3527.7975 | BJ8: 110657.15 | BK8: 127353.37 | BL8: 249093.06 | BM8: 496486.54 | BN8: 463152.19 | BO8: 306429.47 | BP8: 210419.77 | BQ8: 196323.29 | BR8: 2.410835571e+005* | BS8: 2.099333344e+005* | BT8: 177058.94 | BU8: 126008.08 | BV8: 251389.27 | BW8: 261546.33 | BX8: 20300.737 | BY8: 34673.733 | BZ8: 131771.53 | CA8: 108264.4 | CB8: 3.050324951e+006* | CC8: 1.497937744e+006* | CD8: 1.933562469e+005* | CE8: 2.31818985e+005* | CF8: 727620.12 | CG8: 770915.1 | CH8: 395839.17 | CI8: 278240.51 | CJ8: 49803.604 | CK8: 65676.208 | CL8: 47736.629 | CM8: 55644.791 | CN8: 453939.45 | CO8: 287582.61 | CP8: 72595.772 | CQ8: 54178.638 | CR8: 178362.99 | CS8: 175313.89 | CT8: 129369.23 | CU8: 132216.14 | CV8: 14433.831 | CW8: 18123.119 | CX8: 218701.1 | CY8: 147166.81 | CZ8: 98853.767 | DA8: 99578.064 | DB8: 117044.26 | DC8: 102085.26 | DD8: 109190.63 | DE8: 134035.25 | DF8: 195704.42 | DG8: 208921.63 | DH8: 226677.48 | DI8: 215709.82 | DJ8: 315002.62 | DK8: 355923.61 | DL8: 405814.8499* | DM8: 384405.9143* | DN8: 187973.42 | DO8: 221471.89 | DP8: 149605.73 | DQ8: 130807.24 | DR8: 81966.072 | DS8: 89477.135 | DT8: 808631.04 | DU8: 609046.26 | DV8: 289380.55 | DW8: 290191.31 | DX8: 253419.48 | DY8: 209247.02 | DZ8: 258327.33 | EA8: 264598.6 | EB8: 500905.36 | EC8: 479874.45 | ED8: 232664.15 | EE8: 178422.13 | EF8: 446328.46 | EG8: 339041.63 | EH8: 250520.92 | EI8: 250397.16 | EJ8: 814211.73 | EK8: 649524.11 | EL8: 385064.45 | EM8: 238431.78 | EN8: 35093.14 | EO8: 25831.614 | EP8: 208121.38 | EQ8: 193145.65 | ER8: 189858.63 | ES8: 109901.19 | ET8: 100598.91 | EU8: 15643.716 | EV8: 36960.442 | EW8: 31138.414 | EX8: 10407.813 | EY8: 10798.672 | EZ8: 15485.414 | FA8: 14714.582 | FB8: 22642.351 | FC8: 24356.806 | FD8: 48425.674 | FE8: 53768.52 | FF8: 22554.07 | FG8: 23656.168 | FH8: 6793.4885 | FI8: 8719.7084 | FJ8: 3577.0035 | FK8: 2930.7106 | FL8: 11136.743 | FM8: 11834.881 | FN8: 24014.633 | FO8: 18624.508 | FP8: 834554.2 | FQ8: 902801.2 | FR8: 481520.5 | FS8: 440011.5 | FT8: 101191.5 | FU8: 17882.25 | FV8: 364287 | FW8: 964683.1 | FX8: 331322.2 | FY8: 372417.8 | FZ8: 281443.2 | GA8: 373680.4 | GB8: 106739.8 | GC8: 146271 | GD8: 722832.1 | GE8: 627694.6 | GF8: 383033.9 | GG8: 405968.9 | GH8: 70197.479 | GI8: 59629.242 | GJ8: 83015.06 | GK8: 77175.682 | GL8: 33476.326 | GM8: 33533.176 | GN8: 42384.113 | GO8: 45191.845 | GP8: 45266.956 | GQ8: 51665.916 | GR8: 71153.625 | GS8: 74105.431 | GT8: 59222.82 | GU8: 56373.936 | GV8: 45163.841 | GW8: 36545.059 | GX8: 56822.784 | GY8: 42622.711 | GZ8: 202354.64 | HA8: 223440.15 | HB8: 165048.63 | HC8: 183490.97 | HD8: 198451.31 | HE8: 188158.02 | HF8: 38447.697 | HG8: 43096.836 | HH8: 87514.084 | HI8: 109834.19 | HJ8: 480568.33 | HK8: 337873.26 | HL8: 198596.48 | HM8: 173012.8 | HN8: 83099.159 | HO8: 74581.947 | HP8: 195047.15 | HQ8: 199803.73 | HR8: 288401.89 | HS8: 285943.76 | HT8: 401222.23 | HU8: 434581.63 | HV8: 122474.38 | HW8: 110373.36 | HX8: 100532.88 | HY8: 119794.24 | HZ8: 857331.79 | IA8: 293166.17 | IB8: 122465.87 | IC8: 100590.33 | ID8: 95574.6 | IE8: 41976.322 | IF8: 209636.35 | IG8: 176349.44 | IH8: 81315.392 | II8: 74427.895 | IJ8: 249943.31 | IK8: 188284.79 | IL8: 259619.63 | IM8: 281387.76 | IN8: 1257272.1 | IO8: 1179616.8 | IP8: 136994.89 | IQ8: 127046.72 | IR8: 668193.66 | IS8: 222617.71 | IT8: 531049.26 | IU8: 194059.49 | IV8: 185579.33 | IW8: 58368.801 | IX8: 292286.29 | IY8: 80767.418 | IZ8: 99990.017 | JA8: 122764.13 | JB8: 330305.17 | JC8: 260198.3
A9: 5 | B9: 9652.154 | C9: 10014.09 | D9: 59048.82 | E9: 29491.55 | F9: 9998.865 | G9: 18823.49 | H9: 28188.49 | I9: 30313.54 | J9: 60448.49 | L9: 120621.8 | M9: 84243.05 | N9: 269724.9 | O9: 96723.82 | P9: 60525.26 | Q9: 73152.83 | R9: 68137.48 | S9: 75824.67 | T9: 181064.7 | U9: 174326.8 | V9: 188947.5 | W9: 225469.1 | X9: 13882.88 | Y9: 12411.26 | Z9: 22435.58 | AA9: 60123.74 | AB9: 1201155 | AC9: 1105592 | AD9: 5.741935e+004* | AE9: 1.339658e+005* | AF9: 281665 | AG9: 8888.155 | AH9: 25179.52 | AI9: 33194.28 | AJ9: 9829.775 | AK9: 11821.04 | AL9: 259003.8 | AM9: 264814.3 | AN9: 10212.04 | AO9: 3607.808 | AP9: 77330.95 | AQ9: 99307.33 | AR9: 197111 | AS9: 186130 | AT9: 4.300618e+005* | AU9: 4.449197e+005* | AV9: 245931 | AW9: 285896.1 | AX9: 12605.37 | AY9: 3926.041 | AZ9: 110520.5 | BA9: 122017 | BB9: 556055.1 | BC9: 599796.3 | BD9: 19458.059 | BE9: 16515.821 | BF9: 33465.721 | BG9: 23450.634 | BH9: 51681.45 | BI9: 77366.013 | BJ9: 369623.6 | BK9: 294710.42 | BL9: 112075.39 | BM9: 117672.39 | BN9: 1904723.3 | BO9: 1635262.2 | BP9: 184070.88 | BQ9: 100391.96 | BT9: 63824.394 | BU9: 108008.64 | BV9: 94769.455 | BW9: 50760.887 | BX9: 85484.413 | BY9: 51750.237 | BZ9: 103936.94 | CA9: 86841.377 | CD9: 1.39648407e+005* | CE9: 4.558027649e+004* | CF9: 323351.2 | CG9: 368729.74 | CH9: 271770.26 | CI9: 378331.73 | CJ9: 119415.44 | CK9: 80317.924 | CL9: 16627.508 | CM9: 17013.689 | CN9: 4405.654 | CO9: 3941.2301 | CP9: 77390.656 | CQ9: 83409.164 | CR9: 55265.839 | CS9: 47685.863 | CT9: 106224.04 | CU9: 81698.471 | CV9: 800 | CW9: 800 | CX9: 20989.204 | CY9: 22562.469 | CZ9: 42707.054 | DA9: 45890.232 | DB9: 21776.14 | DC9: 20388.66 | DD9: 18585.76 | DE9: 21016.569 | DF9: 15906.202 | DG9: 17782.2 | DH9: 25599.304 | DI9: 28679.728 | DJ9: 71599.686 | DK9: 70790.81 | DL9: 148532.3792* | DM9: 147334.7931* | DN9: 103165.54 | DO9: 94403.122 | DP9: 48019.646 | DQ9: 57061.218 | DR9: 43068.287 | DS9: 43637.81 | DT9: 389358.49 | DU9: 440008.91 | DV9: 241947.95 | DW9: 148008.59 | DX9: 64707.008 | DY9: 73943.237 | DZ9: 116832.15 | EA9: 112818.42 | EB9: 133718 | EC9: 139325.03 | ED9: 122700.62 | EE9: 133718.35 | EF9: 236347.66 | EG9: 148512.3 | EH9: 163904.36 | EI9: 147312.5 | EJ9: 506807.19 | EK9: 547616.94 | EL9: 204178.01 | EM9: 150907.26 | EN9: 118905.19 | EO9: 109096.47 | EP9: 286276.28 | EQ9: 236691.62 | ER9: 327696.69 | ES9: 370125.95 | ET9: 67845.245 | EU9: 107183.28 | EV9: 77736.183 | EW9: 70709.663 | EX9: 11049.001 | EY9: 12231.382 | EZ9: 24709.562 | FA9: 20493.425 | FB9: 28147.139 | FC9: 25034.765 | FD9: 38308.048 | FE9: 42028.103 | FF9: 63504.04 | FG9: 65686.89 | FH9: 11796.585 | FI9: 12588.934 | FJ9: 7577.2524 | FK9: 8446.7154 | FL9: 25032.36 | FM9: 35146.446 | FN9: 43254.787 | FO9: 51047.882 | FP9: 362459 | FQ9: 391602 | FR9: 311733.1 | FS9: 260341.3 | FT9: 55711.73 | FU9: 62852.04 | FV9: 102040.2 | FW9: 19621.67 | FX9: 74767.23 | FY9: 282910.1 | FZ9: 26346.54 | GA9: 17759.42 | GB9: 367901.3 | GC9: 351273 | GD9: 101960.9 | GE9: 38696.44 | GF9: 140029.3 | GG9: 133003.3 | GH9: 85164.055 | GI9: 84298.218 | GJ9: 78188.026 | GK9: 46491.169 | GL9: 127781.67 | GM9: 111089.74 | GN9: 71780.029 | GO9: 45580.227 | GP9: 112089.15 | GQ9: 99738.098 | GR9: 210410.02 | GS9: 207960.3 | GT9: 162975.42 | GU9: 152521.18 | GV9: 74603.79 | GW9: 50849.808 | GX9: 22112.024 | GY9: 10050.433 | GZ9: 207808.18 | HA9: 233133.67 | HB9: 244825.74 | HC9: 274905.18 | HE9: 222579.93 | HF9: 55544.289 | HG9: 64307.816 | HH9: 202277.5 | HI9: 193357.44 | HJ9: 37428.131 | HK9: 70133.781 | HL9: 296964.72 | HM9: 362322.3 | HN9: 172880.02 | HO9: 187124.36 | HP9: 268889.25 | HQ9: 313322.27 | HR9: 541384.16 | HS9: 595120.42 | HV9: 162820.59 | HW9: 160303.19 | HX9: 161243.15 | HY9: 168920.23 | HZ9: 341806.94 | IA9: 322836.04 | IB9: 175681.17 | IC9: 160334.71 | ID9: 79432.148 | IE9: 127261.18 | IF9: 201592.37 | IG9: 226611.95 | IH9: 141655.8 | II9: 133393.87 | IJ9: 181544.51 | IK9: 192280.2 | IL9: 290489.2 | IM9: 282865.63 | IN9: 386549.88 | IO9: 306665.5 | IP9: 169844.31 | IQ9: 198425.31 | IR9: 114080.52 | IS9: 123084.59 | IT9: 197303.26 | IU9: 183152.52 | IV9: 108543.79 | IW9: 123773.9 | IX9: 67234.119 | IY9: 72193.686 | IZ9: 115624.01 | JA9: 118876.95 | JB9: 226022.6 | JC9: 241097.44
A10: 6 | B10: 100 | C10: 100 | D10: 8421.177 | E10: 7114.775 | F10: 150 | G10: 1439.098 | H10: 3441.07 | I10: 1857.14 | J10: 16608.32 | K10: 3583.121 | L10: 10289.7 | N10: 1803.462 | O10: 4306.246 | P10: 5523.722 | Q10: 3053.028 | S10: 17929.54 | T10: 32621.49 | U10: 37500.8 | V10: 18378.99 | W10: 3876.251 | X10: 4562.226 | Y10: 4524.771 | Z10: 209161.2 | AA10: 186712.3 | AB10: 10226.7 | AC10: 8012.44 | AD10: 2.331222e+005* | AE10: 2.693312e+005* | AG10: 1087.03 | AH10: 12432.13 | AI10: 41618.06 | AJ10: 6482.078 | AK10: 1000 | AL10: 6888.131 | AM10: 4735.155 | AN10: 1000 | AO10: 1106.996 | AP10: 12381.93 | AQ10: 4199.805 | AR10: 7420.821 | AS10: 3338.041 | AV10: 25735.68 | AW10: 27143.04 | AX10: 550 | AY10: 550 | AZ10: 5547.662 | BA10: 2936.203 | BB10: 13928.59 | BC10: 12255.14 | BD10: 2308.6712 | BE10: 23483.98 | BF10: 650 | BG10: 650 | BH10: 1174.297 | BI10: 1000 | BJ10: 30242.437 | BK10: 17400.072 | BL10: 16779.449 | BM10: 19988.726 | BN10: 45738.815 | BO10: 45182.823 | BP10: 5980.3486 | BQ10: 10788.258 | BT10: 4396.9994 | BU10: 1000 | BV10: 21464.201 | BW10: 13198.649 | BX10: 2894.7876 | BY10: 1101.5186 | BZ10: 6037.9682 | CA10: 2125.845 | CD10: 3.769528198e+004* | CE10: 3.57279892e+004* | CF10: 875 | CG10: 875 | CH10: 5926.6095 | CI10: 7587.5201 | CJ10: 19364.969 | CK10: 21502.028 | CL10: 1627.7903 | CM10: 6108.5968 | CN10: 4339.2358 | CO10: 5761.8113 | CP10: 2664.2785 | CQ10: 5538.6219 | CR10: 17594.36 | CS10: 12110.708 | CT10: 700 | CU10: 700 | CV10: 9545.9127 | CW10: 5870.4834 | CX10: 7456.3479 | CY10: 9166.1787 | CZ10: 4808.7258 | DA10: 8286.9711 | DB10: 4821.0902 | DC10: 3906.2328 | DD10: 4343.2379 | DE10: 1985.5402 | DF10: 2699.9857 | DG10: 2455.5781 | DH10: 4004.1075 | DI10: 2405.7641 | DJ10: 14023.069 | DK10: 11635.307 | DL10: 95055.87006* | DM10: 102745.575* | DN10: 32242.561 | DO10: 26051.979 | DP10: 4054.7729 | DQ10: 1001.4088 | DR10: 1000 | DS10: 2191.2405 | DT10: 41091.434 | DU10: 59481.575 | DV10: 73833.313 | DW10: 49008.438 | DX10: 10879.959 | DY10: 10447.989 | DZ10: 37230.503 | EA10: 55812.061 | EB10: 57263.405 | EC10: 74401.665 | ED10: 6547.2159 | EE10: 8166.6851 | EF10: 27738.678 | EG10: 25128.237 | EH10: 34526.47 | EI10: 30919.291 | EJ10: 27390.993 | EK10: 49198.349 | EL10: 95095.406 | EM10: 109535.61 | EN10: 45883.69 | EO10: 39569.103 | EP10: 437558.93 | EQ10: 382570.25 | ER10: 185174.71 | ES10: 190540.89 | ET10: 54815.361 | EU10: 62847.897 | EV10: 61361.591 | EW10: 59522.057 | EX10: 10308.003 | EY10: 11865.157 | EZ10: 24394.686 | FA10: 22961.943 | FB10: 59883.518 | FC10: 58127.293 | FD10: 69006.699 | FE10: 62741.009 | FF10: 135775.04 | FG10: 132957.37 | FH10: 15821.92 | FI10: 13199.044 | FJ10: 20492.025 | FK10: 17747.231 | FL10: 31171.976 | FM10: 42972.37 | FN10: 58562.92 | FO10: 52757.332 | FP10: 1152532 | FQ10: 1027226 | FR10: 1856239 | FS10: 2113520 | FT10: 1318451 | FU10: 1382890 | FV10: 2282796 | FW10: 2877624 | FX10: 906918.6 | FY10: 1209465 | FZ10: 2406335 | GA10: 2318032 | GB10: 1378507 | GC10: 1419379 | GD10: 1497244 | GE10: 1525984 | GF10: 257820.4 | GG10: 220672.9 | GH10: 36562.973 | GI10: 39188.068 | GJ10: 51050.705 | GK10: 122259.22 | GL10: 74591.599 | GM10: 116243.68 | GN10: 56923.26 | GO10: 45661.602 | GP10: 36725.655 | GQ10: 36076.672 | GR10: 62158.661 | GS10: 65245.903 | GT10: 72599.449 | GU10: 67461.7 | GV10: 22795.914 | GW10: 21689.11 | GX10: 9572.5393 | GY10: 11717.377 | GZ10: 61208.611 | HA10: 49218.193 | HB10: 112067.81 | HC10: 82505.493 | HD10: 28091 | HE10: 20684.357 | HF10: 12069.318 | HG10: 10580.486 | HH10: 42528.831 | HI10: 47612.862 | HJ10: 60271.74 | HK10: 56748.528 | HL10: 63518.215 | HM10: 78490.196 | HN10: 48746.227 | HO10: 50105.644 | HP10: 48814.293 | HQ10: 62500.874 | HR10: 79245.399 | HS10: 78347.786 | HT10: 115740.88 | HU10: 92875.908 | HV10: 30762.577 | HW10: 32779.339 | HX10: 46579.212 | HY10: 51125.843 | HZ10: 26897.839 | IA10: 19443.575 | IB10: 72553.162 | IC10: 127706.2 | ID10: 112124.4 | IE10: 121099.4 | IF10: 121995.51 | IG10: 111298.71 | IH10: 111117.26 | II10: 81294.037 | IJ10: 272199.52 | IK10: 271742.68 | IL10: 430923.98 | IM10: 429064.36 | IN10: 159808.78 | IO10: 190537.83 | IP10: 85761.322 | IQ10: 93400.726 | IR10: 120279.55 | IS10: 133723.24 | IT10: 154102.14 | IU10: 129232.67 | IV10: 50003.914 | IW10: 52976.334 | IX10: 35740.589 | IY10: 31397.297 | IZ10: 44612.476 | JA10: 45563.82 | JB10: 20429.647 | JC10: 46448.83
A11: 7 | C11: 100 | D11: 150 | F11: 150 | G11: 150 | H11: 175 | I11: 175 | J11: 19260.95 | K11: 16116.3 | L11: 29264 | M11: 7198.456 | N11: 225 | O11: 225 | P11: 1238.444 | Q11: 1584.721 | R11: 7241.785 | S11: 8484.36 | U11: 37520.47 | V11: 1753.66 | X11: 5001.742 | Y11: 325 | Z11: 164940.2 | AA11: 84602.29 | AB11: 16207.39 | AC11: 29208.21 | AF11: 375 | AG11: 375 | AH11: 33470.24 | AI11: 16754.09 | AJ11: 9366.521 | AK11: 13043.17 | AL11: 2678.863 | AM11: 9912.648 | AN11: 2448.823 | AO11: 5423.941 | AP11: 4396.257 | AQ11: 4543.801 | AR11: 3169.97 | AS11: 1000 | AV11: 46098.57 | AW11: 58775.3 | AX11: 1976.931 | AY11: 1000 | AZ11: 1490.265 | BA11: 1000 | BB11: 6326.991 | BC11: 4648.904 | BD11: 625 | BE11: 625 | BF11: 650 | BG11: 650 | BH11: 675 | BI11: 675 | BJ11: 63646.412 | BK11: 39710.541 | BL11: 700 | BM11: 700 | BN11: 23046.345 | BO11: 20014.399 | BP11: 3229.0032 | BQ11: 1593.2374 | BT11: 6079.9246 | BU11: 3821.9903 | BV11: 1000 | BW11: 1061.3061 | BX11: 775 | BY11: 775 | BZ11: 1537.9982 | CA11: 1282.694 | CF11: 6287.3421 | CG11: 1000 | CH11: 4536.3045 | CI11: 3752.9297 | CJ11: 15868.738 | CK11: 24288.16 | CL11: 300 | CM11: 300 | CN11: 2277.0534 | CO11: 4813.7641 | CP11: 6417.8019 | CQ11: 1882.9571 | CR11: 600 | CS11: 600 | CT11: 33053.288 | CU11: 35358.334 | CV11: 2212.2998 | CW11: 5727.3154 | CX11: 900 | CY11: 900 | CZ11: 2010.4568 | DA11: 1282.0625 | DB11: 14473.532 | DC11: 14681.541 | DD11: 1208.6786 | DE11: 1614.5357 | DF11: 2123.9653 | DG11: 1763.6483 | DH11: 4980.0215 | DI11: 4920.3801 | DJ11: 5338.9344 | DK11: 2205.6155 | DN11: 105699.96 | DO11: 97659.737 | DP11: 1048.46 | DQ11: 1170.1859 | DR11: 74158.974 | DS11: 53977.688 | DT11: 327686.98 | DU11: 373066.41 | DV11: 576892.09 | DW11: 569284.48 | DX11: 128321.76 | DY11: 135047.93 | DZ11: 248795.68 | EA11: 243333.08 | EB11: 129411.47 | EC11: 106905.41 | ED11: 221908.16 | EE11: 225738.05 | EF11: 149026.08 | EG11: 43309.448 | EH11: 90722.252 | EI11: 57430.626 | EJ11: 5352.3016 | EK11: 1000 | EL11: 388473.08 | EM11: 473116.27 | EN11: 9895.6642 | EO11: 17516.222 | EP11: 354424.74 | EQ11: 363830.93 | ER11: 181850.92 | ES11: 180128.78 | ET11: 118718.76 | EU11: 69500.275 | EV11: 48022.236 | EW11: 54645.206 | EX11: 7574.3318 | EY11: 6341.7506 | EZ11: 6084.4274 | FA11: 9107.5373 | FB11: 10443.911 | FC11: 12258.884 | FD11: 21032.003 | FE11: 23479.126 | FF11: 43778.263 | FG11: 47665.863 | FH11: 9212.7056 | FI11: 10247.955 | FJ11: 13247.994 | FK11: 14911.779 | FL11: 12264.835 | FM11: 8066.3929 | FN11: 19186.747 | FO11: 15582.744 | FP11: 333351.5 | FQ11: 349528.6 | FR11: 522250.7 | FS11: 117689.6 | FT11: 222412.1 | FU11: 318137.2 | FV11: 837728 | FW11: 597391.9 | FX11: 1241652 | FY11: 1481489 | FZ11: 340240.5 | GA11: 311909.2 | GB11: 166313.3 | GC11: 212014.2 | GD11: 119899.2 | GE11: 23010.41 | GF11: 15407.86 | GG11: 30997.19 | GH11: 66704.842 | GI11: 54507.061 | GJ11: 106715.4 | GK11: 122989.17 | GL11: 174065.66 | GM11: 160921.77 | GN11: 241958.5 | GO11: 237307.19 | GP11: 62745.602 | GQ11: 59300.713 | GR11: 65051.292 | GS11: 60199.31 | GT11: 197464.28 | GU11: 172014.1 | GV11: 60740.669 | GW11: 62064.907 | GX11: 29155.378 | GY11: 29038.801 | GZ11: 153990.74 | HA11: 197466.05 | HB11: 167728.42 | HC11: 163531.07 | HD11: 27864.569 | HE11: 31185.505 | HF11: 355451.39 | HG11: 378224.91 | HH11: 10035.686 | HI11: 10589.602 | HJ11: 45771.942 | HK11: 55676.392 | HL11: 20051.401 | HM11: 23667.305 | HN11: 21093.845 | HO11: 18553.764 | HP11: 314545.53 | HQ11: 319366.42 | HR11: 519499.63 | HS11: 610852.23 | HT11: 209023.99 | HU11: 230417.47 | HV11: 290722.96 | HW11: 272150.7 | HX11: 329926.36 | HY11: 324066.96 | HZ11: 83732.151 | IA11: 104837.7 | IB11: 83702.591 | IC11: 88895.065 | ID11: 236485.26 | IE11: 198723.13 | IF11: 74333.687 | IG11: 88777.107 | IH11: 104575.23 | II11: 69831.36 | IJ11: 177789.6 | IK11: 175618.12 | IL11: 326841.13 | IM11: 296297.21 | IN11: 141403.96 | IO11: 126972.09 | IP11: 80598.015 | IQ11: 70662.743 | IR11: 117045.13 | IS11: 101014.66 | IT11: 134918.84 | IU11: 40954.117 | IV11: 69768.669 | IW11: 76532.639 | IX11: 40916.473 | IY11: 42519.913 | IZ11: 229884.29 | JA11: 206908.31 | JB11: 161072.81 | JC11: 119187.51
A12: 8 | C12: 100 | D12: 1402.587 | E12: 1543.419 | G12: 2400.679 | H12: 29490.19 | I12: 42556.27 | J12: 7240.208 | K12: 2681.838 | L12: 1905.022 | M12: 3079.95 | N12: 225 | O12: 225 | P12: 250 | R12: 1226.452 | S12: 5138.461 | T12: 19015.71 | U12: 15527.13 | V12: 1469.808 | W12: 1063.569 | X12: 8218.693 | Y12: 3188.707 | Z12: 247112.8 | AA12: 197157.9 | AB12: 1137.991 | AC12: 2702.855 | AF12: 5638.083 | AG12: 7002.655 | AH12: 14926.12 | AI12: 44932.72 | AJ12: 400 | AK12: 400 | AL12: 1588.818 | AM12: 2279.624 | AN12: 450 | AO12: 450 | AP12: 475 | AQ12: 475 | AR12: 5253.237 | AS12: 4144.569 | AV12: 525 | AW12: 525 | AX12: 9929.228 | AY12: 6492.203 | AZ12: 575 | BA12: 575 | BB12: 3882.467 | BC12: 2847.752 | BD12: 625 | BE12: 625 | BF12: 650 | BG12: 650 | BH12: 675 | BI12: 675 | BJ12: 47358.54 | BK12: 64686.806 | BL12: 190696.11 | BM12: 151151.4 | BN12: 121084.79 | BO12: 83984.97 | BP12: 52664.04 | BQ12: 44739.494 | BT12: 50547.924 | BU12: 34038.254 | BV12: 76295.853 | BW12: 62367.069 | BX12: 7417.4128 | BY12: 9994.6842 | BZ12: 800 | CA12: 800 | CF12: 3542.1383 | CG12: 5809.936 | CH12: 150 | CI12: 150 | CJ12: 200 | CK12: 200 | CL12: 300 | CM12: 300 | CN12: 400 | CO12: 400 | CP12: 1000 | CQ12: 1005.8596 | CR12: 600 | CS12: 600 | CT12: 1137.0364 | CU12: 5219.4448 | CV12: 800 | CW12: 800 | CX12: 900 | CY12: 900 | CZ12: 1065.2537 | DA12: 1684.3114 | DB12: 392409.09 | DC12: 368731.63 | DD12: 350 | DE12: 350 | DF12: 450 | DG12: 450 | DH12: 47354.107 | DI12: 46983.654 | DJ12: 17514.843 | DK12: 21304.882 | DN12: 101486.76 | DO12: 117202.74 | DP12: 29543.125 | DQ12: 36101.734 | DR12: 119200.97 | DS12: 180684.3 | DT12: 246211.14 | DU12: 189702.15 | DV12: 173307.62 | DW12: 191576.2 | DX12: 175593.99 | DY12: 174389.82 | DZ12: 217565.2 | EA12: 195255.86 | EB12: 259263.52 | EC12: 207233.63 | ED12: 190058.3 | EE12: 167180.8 | EF12: 55320.354 | EG12: 78166.275 | EH12: 297028.08 | EI12: 282552.19 | EJ12: 208994.55 | EK12: 182457.86 | EN12: 14612.526 | EO12: 1000 | EP12: 341763.31 | EQ12: 347443.24 | ER12: 188628.27 | ES12: 169806.12 | ET12: 184526.93 | EU12: 164013.35 | EV12: 118126.54 | EW12: 122945.75 | EX12: 202388.84 | EY12: 197769.85 | EZ12: 1015369.9 | FA12: 907638.98 | FB12: 260714.11 | FC12: 253259.66 | FD12: 308733.76 | FE12: 328443.91 | FF12: 944594.6 | FG12: 979362.49 | FH12: 667423.65 | FI12: 702760.19 | FJ12: 147336.7 | FK12: 150010.59 | FL12: 423525.7 | FM12: 444993.1 | FN12: 393089.78 | FO12: 359155.46 | FP12: 97886.15 | FQ12: 108380.5 | FR12: 1707781 | FS12: 2523630 | FT12: 253365.2 | FU12: 296896.3 | FV12: 69770.2 | FW12: 158263.8 | FX12: 284462.1 | FY12: 472839.2 | FZ12: 64376.07 | GA12: 66912.69 | GB12: 474055.8 | GC12: 426893 | GD12: 195887.3 | GE12: 197472.4 | GF12: 4985.997 | GG12: 2575.348 | GH12: 138821.88 | GI12: 96429.787 | GJ12: 68372.452 | GK12: 48808.746 | GL12: 134693.41 | GM12: 131497.79 | GN12: 90096.321 | GO12: 76727.936 | GP12: 19806.713 | GQ12: 48211.754 | GR12: 53092.003 | GS12: 59643.955 | GT12: 413541.96 | GU12: 436984.74 | GV12: 164339.58 | GW12: 63379.913 | GX12: 39579.758 | GY12: 58067.715 | GZ12: 71968.956 | HA12: 67877.609 | HB12: 102567.73 | HC12: 87463.463 | HD12: 140754.9 | HE12: 169858.37 | HF12: 255349.69 | HG12: 232027.37 | HH12: 278704.16 | HI12: 285318.18 | HJ12: 52843.208 | HK12: 46583.969 | HL12: 23974.054 | HM12: 23752.01 | HN12: 171958.76 | HO12: 205135.33 | HP12: 144475.23 | HQ12: 146451.36 | HR12: 142943.08 | HS12: 163860.55 | HT12: 129187.19 | HU12: 134150.27 | HV12: 145944.14 | HW12: 145579.35 | HX12: 202887.63 | HY12: 212742.86 | HZ12: 244952.35 | IA12: 265966.98 | IB12: 73108.955 | IC12: 67057.808 | ID12: 104274.6 | IE12: 96965.317 | IF12: 110082.32 | IG12: 108218.23 | IH12: 124782.91 | II12: 121441.77 | IJ12: 285646.7 | IK12: 202132.92 | IN12: 161966.31 | IO12: 122721.6 | IP12: 57067.062 | IQ12: 56072.376 | IR12: 107522.28 | IS12: 109102.4 | IT12: 332563.72 | IU12: 259356.9 | IV12: 225146.23 | IW12: 190170.87 | IX12: 129811.77 | IY12: 85717.636 | IZ12: 204349.81 | JA12: 136697.72 | JB12: 164954.88 | JC12: 110178.69
A13: 9 | B13: 1787.839 | D13: 3619.834 | E13: 1228.187 | G13: 150 | H13: 229114.8 | I13: 313293 | J13: 32476.7 | K13: 32589.12 | L13: 1137.711 | N13: 225 | O13: 225 | P13: 15881.49 | Q13: 5227.599 | R13: 4874.872 | S13: 6260.458 | T13: 12821.76 | U13: 16540.35 | V13: 36367.85 | W13: 26019.28 | X13: 325 | Y13: 325 | Z13: 60090.33 | AA13: 76763.38 | AC13: 350 | AF13: 375 | AG13: 375 | AH13: 1157.471 | AI13: 3443.771 | AJ13: 3281.049 | AK13: 1000 | AL13: 1000 | AM13: 1960.148 | AN13: 450 | AO13: 450 | AP13: 10938.08 | AQ13: 1000 | AR13: 500 | AS13: 500 | AV13: 1173.655 | AW13: 1000 | AZ13: 575 | BA13: 575 | BB13: 600 | BC13: 600 | BD13: 625 | BE13: 625 | BF13: 650 | BG13: 650 | BH13: 675 | BI13: 675 | BJ13: 366030 | BK13: 350238.19 | BL13: 440885.13 | BM13: 587824.71 | BN13: 2115301.3 | BO13: 2435939.7 | BP13: 274227.84 | BQ13: 440991.58 | BT13: 274239.26 | BU13: 115563.48 | BV13: 631475.1 | BW13: 347391.24 | BX13: 1000 | BY13: 3185.7009 | BZ13: 800 | CA13: 800 | CF13: 875 | CG13: 875 | CH13: 3096099.9 | CI13: 2866963.4 | CJ13: 1840.5228 | CK13: 1170.8864 | CL13: 1000 | CM13: 5172.1601 | CN13: 1233.2982 | CO13: 1211.9024 | CP13: 2215.1771 | CQ13: 3599.9358 | CR13: 17182.878 | CS13: 7699.9111 | CT13: 4986.095 | CU13: 5996.0032 | CV13: 800 | CW13: 800 | CX13: 3844.084 | CY13: 1000 | CZ13: 15121.368 | DA13: 16607.063 | DB13: 1615181.9 | DC13: 1387381.1 | DD13: 350 | DE13: 350 | DF13: 7376.2393 | DG13: 6656.7731 | DH13: 2870901.9 | DI13: 2895745.1 | DJ13: 537236.63 | DK13: 486738.13 | DN13: 86244.713 | DO13: 73700.844 | DP13: 826866.88 | DQ13: 768486.69 | DR13: 397678.74 | DS13: 406580.78 | DT13: 258800.9 | DU13: 253876.25 | DV13: 903969.85 | DW13: 899146.97 | DX13: 537017.21 | DY13: 571462.95 | DZ13: 97648.308 | EA13: 196591.4 | EB13: 323797.82 | EC13: 300794.25 | ED13: 50993.179 | EE13: 54614.59 | EF13: 124530.72 | EG13: 122742.83 | EH13: 340542.88 | EI13: 320489.04 | EJ13: 595280.33 | EK13: 472529.88 | EN13: 408079.68 | EO13: 643898.62 | EP13: 274182.04 | EQ13: 307314.03 | ER13: 27644.398 | ES13: 254411.67 | ET13: 62439.19 | EU13: 182043.93 | EV13: 486642.82 | EW13: 507629.39 | EX13: 108199.09 | EY13: 112846.57 | EZ13: 492409.67 | FA13: 467289.12 | FB13: 160589.42 | FC13: 157196.91 | FD13: 511207.95 | FE13: 587043.64 | FF13: 623732.54 | FG13: 615633.67 | FH13: 149933.53 | FI13: 146281.77 | FJ13: 119391.04 | FK13: 116686.42 | FL13: 438107.36 | FM13: 415601.17 | FN13: 246943.39 | FO13: 209800.66 | FP13: 25852.57 | FQ13: 11323.36 | FR13: 525951.6 | FS13: 223741.4 | FT13: 130777.5 | FU13: 147358.6 | FV13: 14995.12 | FW13: 18638.36 | FX13: 747634.1 | FY13: 922857.3 | FZ13: 141838.9 | GA13: 233487.2 | GB13: 1193860 | GC13: 1630967 | GD13: 141864.5 | GE13: 118259.4 | GF13: 398691.6 | GG13: 977814.9 | GH13: 43609.219 | GI13: 57219.044 | GJ13: 83173.729 | GK13: 61341.198 | GL13: 96919.281 | GM13: 15381.191 | GN13: 27798.086 | GO13: 43950.863 | GP13: 59615.265 | GQ13: 74120.239 | GR13: 115738.48 | GS13: 125438.46 | GT13: 95368.69 | GU13: 123176.29 | GV13: 127701.16 | GW13: 137984.42 | GX13: 40693.653 | GY13: 19954.706 | GZ13: 85575.523 | HA13: 101975.26 | HB13: 217106.32 | HC13: 202209.18 | HD13: 217817.28 | HE13: 187311.49 | HF13: 322085.6 | HG13: 237282.75 | HH13: 239484.92 | HI13: 182491.56 | HJ13: 118623.54 | HK13: 79955.933 | HL13: 50865.204 | HM13: 50976.337 | HN13: 83908.272 | HO13: 79273.643 | HP13: 136933.94 | HQ13: 147353.84 | HR13: 129558.69 | HS13: 123624.98 | HT13: 70457.588 | HU13: 60694.153 | HV13: 204823.76 | HW13: 187599.99 | HX13: 147500.15 | HY13: 138587.88 | HZ13: 214039.1 | IA13: 216201.64 | IB13: 39511.508 | IC13: 29983.046 | ID13: 105442.25 | IE13: 114641.24 | IF13: 229980.54 | IG13: 213901.52 | IH13: 114668.11 | II13: 207540.59 | IJ13: 134423.27 | IK13: 151901.57 | IL13: 130163.07 | IM13: 138456.93 | IO13: 71205.597 | IP13: 130245.43 | IQ13: 108660.42 | IR13: 216729.17 | IS13: 254189.78 | IT13: 154034.16 | IU13: 150689.16 | IV13: 189615.1 | IW13: 209308.62 | IX13: 100916.3 | IY13: 95146.952 | IZ13: 132475.58 | JA13: 133145.07 | JB13: 162100.73 | JC13: 145718.38
A14: 10 | D14: 1093.334 | F14: 3454.991 | P14: 250 | Q14: 3900.118 | T14: 62368.24 | U14: 68560.34 | V14: 177403.2 | W14: 119912.3 | X14: 37540.27 | Y14: 14681.28 | Z14: 300245.2 | AJ14: 400 | AK14: 400 | AL14: 425 | AM14: 425 | AN14: 450 | AO14: 450 | AP14: 475 | AQ14: 475 | AR14: 500 | AS14: 500 | AV14: 1000 | AW14: 2131.745 | AZ14: 575 | BA14: 575 | BB14: 600 | BC14: 600 | BD14: 625 | BE14: 625 | BF14: 650 | BG14: 650 | BH14: 1000 | BI14: 1135.406 | BJ14: 154562.53 | BK14: 313993.56 | BL14: 882048.89 | BM14: 883221.68 | BN14: 1030847.9 | BO14: 866943.18 | BP14: 1091995.6 | BQ14: 1095360.6 | BT14: 12884.498 | BU14: 7753.9363 | BV14: 168095.92 | BW14: 43605.087 | BX14: 87088.47 | BY14: 134418.66 | BZ14: 800 | CA14: 800 | CF14: 10629.594 | CG14: 16033.804 | CH14: 2111815.7 | CI14: 1349335.3 | CJ14: 1000 | CK14: 3090.0385 | CL14: 300 | CM14: 300 | CN14: 400 | CO14: 400 | CP14: 1000 | CQ14: 1518.2757 | CR14: 277092.53 | CS14: 292808.53 | CT14: 2291.7204 | CU14: 1000 | CV14: 3273.2618 | CW14: 1000 | CX14: 2357.2457 | CY14: 1000 | CZ14: 117248.7 | DA14: 123048.57 | DD14: 350 | DE14: 350 | DF14: 53900.028 | DG14: 53611.858 | DH14: 294117.61 | DI14: 317149.2 | DJ14: 754560.06 | DK14: 693760.99 | DN14: 79537.437 | DO14: 74413.391 | DP14: 548492.61 | DQ14: 557754.21 | DR14: 772021.91 | DS14: 524714.72 | DT14: 72292.046 | DU14: 3594.8136 | DV14: 898410.71 | DW14: 1368616.3 | DX14: 391465.85 | DY14: 307378.81 | DZ14: 797166.2 | EA14: 877439.09 | EB14: 926929.14 | EC14: 647764.59 | ED14: 37353.779 | EE14: 32572.33 | EF14: 41726.36 | EG14: 95981.522 | EH14: 123626.29 | EI14: 287392.46 | EJ14: 554577.58 | EK14: 568588.56 | EN14: 323582.58 | EO14: 205355.64 | EP14: 280119.51 | EQ14: 259153.93 | ER14: 1427884 | ES14: 1284997.6 | ET14: 260436.92 | EU14: 163065.72 | EV14: 188932.82 | EW14: 207710.25 | EX14: 65040.115 | EY14: 72477.196 | EZ14: 183178.39 | FA14: 196562.47 | FB14: 117771.64 | FC14: 118612.47 | FD14: 307681.73 | FE14: 310399.08 | FF14: 335350.04 | FG14: 354827.3 | FH14: 74917.9 | FI14: 62669.632 | FJ14: 46967.621 | FK14: 50117.569 | FL14: 180983.15 | FM14: 168684.42 | FN14: 161477.14 | FO14: 161173.92 | FP14: 165269.9 | FQ14: 329813.2 | FR14: 925409.9 | FS14: 835885.6 | FT14: 331223.5 | FU14: 310378.4 | FV14: 232860.8 | FW14: 188575.8 | FX14: 612350.8 | FY14: 370419.4 | FZ14: 270472.3 | GA14: 505717.8 | GB14: 2150936 | GC14: 273332.7 | GD14: 435904.2 | GE14: 140452.1 | GF14: 292154.2 | GG14: 266204.3 | GH14: 201661.36 | GI14: 192402.83 | GJ14: 267056.3 | GK14: 244264.76 | GL14: 72672.699 | GM14: 95189.941 | GN14: 63613.285 | GO14: 77713.989 | GP14: 151869.71 | GQ14: 125513.45 | GR14: 164899.96 | GS14: 113317.94 | GT14: 293706.91 | GU14: 288792.02 | GV14: 416044.07 | GW14: 331282.35 | GX14: 123787.35 | GY14: 39494.453 | GZ14: 225003.69 | HA14: 241600.37 | HB14: 165769.41 | HC14: 157242.8 | HD14: 108650.43 | HE14: 128067.6 | HF14: 148477.14 | HG14: 137314.94 | HH14: 83977.432 | HI14: 81541.313 | HJ14: 85587.746 | HK14: 108099.4 | HL14: 24292.957 | HM14: 34019.341 | HN14: 99603.523 | HO14: 100450.94 | HP14: 68971.519 | HQ14: 82010.864 | HS14: 148430.97 | HU14: 61798.481 | HW14: 81894.577 | HY14: 143629.01 | HZ14: 310549.56 | IA14: 348254.21 | IB14: 48860.184 | IC14: 50790.939 | ID14: 113983.69 | IE14: 127825.57 | IF14: 179623.92 | IG14: 190097.63 | IH14: 191571.29 | II14: 168488.69 | IJ14: 404793.46 | IK14: 417158.42 | IL14: 82866.409 | IM14: 83346.443 | IN14: 80134.361 | IO14: 86698.601 | IP14: 182465.85 | IQ14: 195336.15 | IR14: 227961.88 | IS14: 257903.9 | IT14: 169955.31 | IU14: 186162.17 | IV14: 529539.31 | IW14: 549590.09 | IX14: 147987.75 | IY14: 154125.26 | IZ14: 317606.23 | JA14: 344417.51 | JB14: 151088.09 | JC14: 167057.17
A15: 11 | B15: 100 | C15: 100 | D15: 5836.632 | E15: 1000 | F15: 12600.44 | G15: 24784.28 | J15: 1842296 | K15: 1957775 | L15: 1983.719 | M15: 3660.596 | N15: 5322.637 | O15: 5531.137 | P15: 2170.254 | R15: 5772.689 | S15: 24669.69 | T15: 779301.2 | U15: 1150835 | V15: 1464034 | W15: 1177284 | X15: 325 | Y15: 325 | Z15: 264465.9 | AA15: 380590.2 | AB15: 1331.731 | AC15: 1799.49 | AF15: 2253.544 | AG15: 2146.016 | AH15: 26155.14 | AI15: 23421.76 | AJ15: 400 | AK15: 400 | AL15: 8387.472 | AM15: 7843.945 | AN15: 450 | AO15: 450 | AP15: 4084.315 | AQ15: 9726.545 | AR15: 1311.079 | AS15: 1000 | AV15: 525 | AW15: 525 | AZ15: 575 | BA15: 575 | BB15: 600 | BC15: 600 | BD15: 625 | BE15: 625 | BF15: 650 | BG15: 650 | BH15: 2669.914 | BI15: 1000 | BJ15: 517585.63 | BK15: 500137.94 | BL15: 98481.3 | BM15: 21414.318 | BN15: 595974.06 | BO15: 467576.02 | BP15: 298615.51 | BQ15: 244431.41 | BT15: 3834.3167 | BU15: 1634.8343 | BX15: 81307.198 | BY15: 57053.062 | BZ15: 513301.45 | CA15: 442574.52 | CF15: 875 | CG15: 875 | CH15: 1142259.2 | CI15: 1130533.3 | CJ15: 11828.296 | CK15: 13414.272 | CL15: 2450.5205 | CM15: 1000 | CN15: 400 | CO15: 400 | CR15: 2971417 | CS15: 2605152.1 | CT15: 3541.8646 | CU15: 2795.9862 | CV15: 6727.8643 | CW15: 1076.8489 | CX15: 900 | CY15: 900 | CZ15: 568957.95 | DA15: 540678.77 | DD15: 350 | DE15: 350 | DF15: 177350.02 | DG15: 199690.12 | DH15: 166616.91 | DI15: 193384.51 | DJ15: 530302.8 | DK15: 562218.81 | DN15: 115275.46 | DO15: 121822.88 | DP15: 412243.07 | DQ15: 490824.68 | DR15: 38189.911 | DS15: 36537.693 | DT15: 221186.9 | DU15: 181512.76 | DV15: 612014.83 | DW15: 590062.44 | DZ15: 1860412 | EA15: 1761851.7 | EB15: 332315.58 | EC15: 315436.58 | ED15: 77631.607 | EE15: 14670.07 | EF15: 84153.252 | EG15: 106019.39 | EH15: 310329.65 | EI15: 256241.24 | EJ15: 299506.23 | EK15: 371679.08 | EN15: 429533.87 | EO15: 467475.04 | EP15: 153818.51 | EQ15: 142419.08 | ER15: 726112.73 | ES15: 734977.17 | ET15: 57032.455 | EU15: 21585.623 | EV15: 146405.96 | EW15: 142071.72 | EX15: 35220.135 | EY15: 45236.931 | EZ15: 150611.31 | FA15: 158080.8 | FB15: 71076.141 | FC15: 58731.098 | FD15: 261497.47 | FE15: 281428.5 | FF15: 190240.33 | FG15: 170398.01 | FH15: 51858.227 | FI15: 66518.341 | FJ15: 29094.881 | FK15: 29256.144 | FL15: 59678.474 | FM15: 64132.156 | FN15: 79690.453 | FO15: 79433.815 | FP15: 165617.9 | FQ15: 197643.3 | FR15: 509659.9 | FS15: 246270.5 | FT15: 305478.7 | FU15: 245568.7 | FV15: 315666.7 | FW15: 855933.4 | FX15: 831565 | FY15: 849860.4 | FZ15: 231240.5 | GA15: 141712.9 | GD15: 156981 | GE15: 190463.4 | GF15: 183538.1 | GG15: 229462.2 | GH15: 92163.971 | GI15: 54894.684 | GJ15: 128084.63 | GK15: 227301.45 | GL15: 41268.745 | GM15: 29992.615 | GN15: 87913.597 | GO15: 92614.792 | GP15: 82914.001 | GQ15: 72922.737 | GR15: 154445.85 | GS15: 173335.17 | GT15: 164689.5 | GU15: 106441.89 | GV15: 190057.48 | GW15: 179132.29 | GX15: 111875.75 | GY15: 93804.359 | GZ15: 58178.139 | HA15: 56615.257 | HB15: 94656.677 | HC15: 89673.439 | HD15: 10653.212 | HE15: 7710.7792 | HF15: 192763.95 | HG15: 160028.03 | HH15: 60288.078 | HI15: 72497.765 | HJ15: 62856.846 | HK15: 75484.512 | HL15: 10876.126 | HM15: 9278.594 | HN15: 57131.157 | HO15: 50219.231 | HP15: 115934.34 | HQ15: 134369.42 | HR15: 112873.66 | HS15: 117896.96 | HT15: 45517.681 | HU15: 44237.587 | HV15: 599578.19 | HW15: 582945.25 | HX15: 57422.024 | HY15: 53317.047 | HZ15: 352788.33 | IA15: 329226.59 | IB15: 62139.359 | IC15: 58875.984 | ID15: 161083.83 | IE15: 150555.82 | IF15: 199254.88 | IG15: 194860.21 | IH15: 232827.87 | II15: 198543.06 | IJ15: 580287.48 | IK15: 636138.12 | IL15: 125867.49 | IM15: 126730.8 | IN15: 184381.94 | IO15: 167748.35 | IP15: 152270.48 | IQ15: 152403.75 | IR15: 212057.36 | IS15: 187319.09 | IT15: 102153.34 | IU15: 113807.07 | IV15: 247253.66 | IW15: 239693.85 | IX15: 131223.79 | IY15: 132123.32 | IZ15: 123591.95 | JA15: 150737.44 | JB15: 251671.71 | JC15: 219616.52
A16: 12 | B16: 100 | C16: 100 | D16: 2097.939 | E16: 1000 | F16: 57628.15 | G16: 29132.15 | J16: 507461.9 | K16: 592055.2 | L16: 200 | M16: 200 | O16: 225 | Q16: 250 | R16: 3395.19 | S16: 1000 | T16: 892530.9 | U16: 541578.7 | V16: 1330217 | W16: 1540429 | X16: 170753.6 | Y16: 335914.7 | Z16: 101685 | AA16: 129996.6 | AB16: 2935.849 | AC16: 13279.79 | AF16: 375 | AG16: 375 | AH16: 2386806 | AI16: 1724230 | AJ16: 400 | AK16: 400 | AL16: 425 | AM16: 425 | AN16: 450 | AP16: 475 | AQ16: 475 | AR16: 500 | AS16: 500 | AV16: 525 | AW16: 525 | AZ16: 575 | BA16: 575 | BB16: 10683.74 | BC16: 6272.254 | BJ16: 1422517.1 | BK16: 1206357.2 | BL16: 204330.86 | BM16: 200216.35 | BN16: 496362.03 | BO16: 540157.78 | BP16: 200949.86 | BQ16: 183993.71 | BT16: 192153.73 | BU16: 86676.903 | BX16: 376018.04 | BY16: 2469065.7 | BZ16: 1000 | CA16: 4524.2453 | CF16: 738702.27 | CG16: 731708.98 | CH16: 261404.91 | CI16: 262618.59 | CJ16: 200 | CK16: 200 | CL16: 300 | CM16: 300 | CN16: 400 | CO16: 400 | CR16: 1314850.3 | CS16: 1163766.5 | CT16: 700 | CU16: 700 | CX16: 900 | CY16: 900 | CZ16: 119533.83 | DA16: 116805.05 | DD16: 350 | DE16: 350 | DF16: 195099.52 | DG16: 204458.56 | DH16: 130453.12 | DI16: 111722.53 | DJ16: 606287.78 | DK16: 582046.2 | DN16: 117629.1 | DO16: 138735.66 | DP16: 115223.82 | DQ16: 119149.72 | DR16: 656952.27 | DS16: 729092.77 | DT16: 442313.54 | DU16: 394173.16 | DV16: 524692.81 | DW16: 702711.85 | DZ16: 1508123.3 | EA16: 1015530.6 | ED16: 109326.7 | EE16: 98491.074 | EF16: 318751.92 | EG16: 297185.82 | EH16: 401494.69 | EI16: 313927.8 | EJ16: 338792.3 | EK16: 250499.4 | EN16: 599987.67 | EO16: 565555.73 | EP16: 536363.04 | EQ16: 359821.35 | ER16: 3205862.5 | ES16: 2722077.9 | ET16: 207888.35 | EU16: 171217.86 | EV16: 72762.329 | EW16: 70651.802 | EX16: 33975.407 | EY16: 31281.191 | EZ16: 132846.05 | FA16: 135556.76 | FB16: 43525.356 | FC16: 50383.85 | FD16: 183932.79 | FE16: 178904.42 | FF16: 228838.85 | FG16: 204602.75 | FH16: 46543.144 | FI16: 40966.48 | FJ16: 83664.94 | FK16: 80200.981 | FL16: 76660.675 | FM16: 87570.808 | FN16: 108189.97 | FO16: 100859.9 | FP16: 176830.1 | FQ16: 184525.2 | FR16: 498098.3 | FS16: 352706.1 | FT16: 356409.3 | FU16: 348371.5 | FV16: 96800.95 | FW16: 50597.53 | FX16: 58515.93 | FY16: 69485.6 | FZ16: 212343 | GA16: 211218.7 | GD16: 42782.14 | GE16: 14657.05 | GF16: 279632.2 | GG16: 248520.4 | GH16: 78373.856 | GI16: 36493.462 | GJ16: 112575.16 | GK16: 145291.93 | GL16: 42408.894 | GM16: 33624.966 | GN16: 80122.162 | GO16: 84934.28 | GP16: 186259.25 | GQ16: 168090.03 | GR16: 93072.571 | GS16: 57236.691 | GT16: 39753.769 | GU16: 67945.038 | GV16: 132127.7 | GW16: 112831.02 | GX16: 112100.46 | GY16: 47865.894 | GZ16: 114028.27 | HA16: 103850.27 | HB16: 73037.109 | HC16: 81905.22 | HD16: 251059.42 | HE16: 244631 | HF16: 85136.253 | HG16: 90757.805 | HH16: 179712.81 | HI16: 158516.66 | HJ16: 60282.951 | HK16: 68968.399 | HL16: 16845.984 | HM16: 15427.27 | HN16: 36446.854 | HO16: 35931.74 | HP16: 147067.7 | HQ16: 158166.56 | HR16: 100539 | HS16: 102023.1 | HT16: 69932.365 | HU16: 75354.523 | HV16: 59089.108 | HW16: 55311.974 | HZ16: 282270.78 | IA16: 280592.25 | IB16: 66126.709 | IC16: 86884.75 | ID16: 251493.7 | IE16: 275639.98 | IF16: 278430.51 | IG16: 278692.93 | IH16: 924120.97 | II16: 895520.2 | IJ16: 1116631.1 | IK16: 1109969 | IL16: 176235.18 | IM16: 186992.02 | IN16: 174810.82 | IO16: 174081.57 | IP16: 184366.76 | IQ16: 202986.25 | IR16: 225520.31 | IS16: 225980.85 | IT16: 64080.261 | IU16: 66024.277 | IV16: 357401.37 | IW16: 355253.94 | IX16: 182645.42 | IY16: 190441.12 | IZ16: 130930.22 | JA16: 139200.33 | JB16: 358842.53 | JC16: 354856.23
A17: 13 | B17: 100 | C17: 100 | D17: 1409.507 | E17: 5797.37 | F17: 37029.22 | G17: 48183.79 | J17: 263226.2 | K17: 241339.4 | L17: 200 | M17: 200 | O17: 225 | P17: 1930.37 | Q17: 4312.544 | R17: 1095.942 | T17: 699051.4 | U17: 1135838 | V17: 959804 | W17: 1030323 | X17: 97180.48 | Y17: 138240.7 | Z17: 122794.2 | AA17: 121572.2 | AB17: 1166.982 | AC17: 1839.689 | AF17: 2030.119 | AG17: 2810.009 | AH17: 1104818 | AI17: 1249948 | AJ17: 400 | AK17: 400 | AL17: 425 | AM17: 425 | AN17: 450 | AO17: 450 | AP17: 475 | AQ17: 475 | AR17: 500 | AS17: 500 | AV17: 525 | AZ17: 575 | BA17: 575 | BB17: 5146.928 | BC17: 7058.751 | BJ17: 2407839.8 | BK17: 2944238.8 | BL17: 308781.04 | BM17: 406347.75 | BN17: 558218.63 | BO17: 547877.14 | BP17: 680404.36 | BQ17: 767512.63 | BT17: 246078.9 | BU17: 244896.04 | BX17: 465302.43 | BY17: 539933.23 | BZ17: 800 | CA17: 800 | CF17: 568186.77 | CG17: 596358.03 | CH17: 1910223.3 | CI17: 2636818.4 | CJ17: 1000 | CK17: 3956.1515 | CL17: 8181.7751 | CM17: 6672.6317 | CR17: 837487.73 | CS17: 740272.4 | CT17: 700 | CU17: 700 | CX17: 900 | CY17: 900 | CZ17: 146290.39 | DA17: 146920.85 | DD17: 350 | DE17: 350 | DF17: 162174.77 | DG17: 156007.25 | DH17: 127219.84 | DI17: 126823.65 | DJ17: 482594.64 | DK17: 436675.57 | DN17: 322701.29 | DO17: 288324.95 | DP17: 63382.858 | DQ17: 62076.752 | DR17: 914880.92 | DS17: 899657.35 | DT17: 484707.18 | DU17: 723468.57 | DV17: 863077.82 | DW17: 865800.23 | DZ17: 4006459.5 | EA17: 3982858.4 | ED17: 323797.91 | EE17: 330042.57 | EF17: 276499.18 | EG17: 270178.89 | EH17: 567776.12 | EI17: 706269.41 | EJ17: 2029931 | EK17: 2030761.5 | EN17: 690593.57 | EO17: 686622.31 | EP17: 557297.3 | EQ17: 500272.09 | ET17: 357984.77 | EU17: 372269.99 | EV17: 43314.751 | EW17: 48228.168 | EX17: 74193.336 | EY17: 54770.496 | EZ17: 122242.33 | FA17: 107575.04 | FB17: 80071.625 | FC17: 73222.45 | FD17: 293528.47 | FE17: 313638.09 | FF17: 229012.22 | FG17: 262517.97 | FH17: 6077.1832 | FI17: 7049.6054 | FJ17: 19206.696 | FK17: 16880.63 | FL17: 38360.493 | FM17: 37070.377 | FN17: 111052.89 | FO17: 110439.37 | FP17: 124196.5 | FQ17: 145065.7 | FR17: 147475.5 | FS17: 117603.7 | FT17: 351754.4 | FU17: 376508.1 | FV17: 614168.7 | FW17: 828492.3 | FX17: 494305.1 | FY17: 309400.9 | FZ17: 12173.38 | GA17: 13207.44 | GD17: 4243.209 | GE17: 9858.711 | GF17: 171578.6 | GG17: 103404.6 | GH17: 111677.22 | GI17: 325323.55 | GJ17: 518824.04 | GK17: 328207.37 | GL17: 749536.13 | GM17: 685783.75 | GN17: 168389.97 | GO17: 184755.54 | GP17: 213753.72 | GQ17: 228471.47 | GR17: 88117.493 | GS17: 226589.71 | GT17: 297308.5 | GU17: 226460.39 | GV17: 126584.45 | GW17: 113448.28 | GX17: 154196.47 | GY17: 143258.44 | GZ17: 227757.28 | HA17: 225353.56 | HB17: 347255.71 | HC17: 357459.23 | HD17: 546908.81 | HE17: 488270.17 | HF17: 279137.18 | HG17: 280601.87 | HH17: 303357.6 | HI17: 303237.85 | HJ17: 70282.379 | HK17: 71427.322 | HL17: 46029.606 | HM17: 52260.345 | HN17: 41613.43 | HO17: 41915.359 | HP17: 689052.55 | HQ17: 745294.25 | HR17: 97515.701 | HS17: 114824.34 | HT17: 60222.412 | HU17: 52327.839 | HV17: 102111.4 | HW17: 100252.3 | HZ17: 150626.25 | IA17: 171984.86 | IB17: 17016.375 | IC17: 25697.432 | ID17: 109252.95 | IE17: 114115.41 | IF17: 152443.44 | IG17: 168445.04 | IH17: 445821.96 | II17: 464338.17 | IL17: 51769.615 | IM17: 70505.989 | IN17: 69026.894 | IO17: 64635.368 | IP17: 162486.69 | IQ17: 188738.62 | IR17: 143169.49 | IS17: 147384.09 | IT17: 43504.513 | IU17: 42246.62 | IV17: 170305.36 | IW17: 191148.71 | IX17: 142378.42 | IY17: 185808.72 | IZ17: 90910.622 | JA17: 96642.471 | JB17: 142253.49 | JC17: 162945.57
A18: 14 | B18: 100 | D18: 2233.539 | F18: 232303.8 | G18: 198574.9 | J18: 158187.6 | K18: 148741.7 | L18: 3874.285 | M18: 8772.311 | O18: 225 | P18: 2482.639 | Q18: 2759.661 | S18: 1001.209 | T18: 1476830 | U18: 1777859 | V18: 2851835 | W18: 1632702 | X18: 105999.9 | Y18: 92062.88 | Z18: 112313.8 | AA18: 66051.82 | AB18: 2582.959 | AC18: 5559.808 | AF18: 375 | AG18: 375 | AH18: 175790.2 | AI18: 449717.1 | AJ18: 400 | AK18: 400 | AL18: 7643.307 | AM18: 21998.13 | AN18: 450 | AO18: 450 | AR18: 500 | AS18: 500 | AV18: 525 | AW18: 525 | AZ18: 575 | BA18: 575 | BB18: 449633.9 | BC18: 404561.2 | BJ18: 344600.59 | BK18: 410164.55 | BL18: 87810.989 | BM18: 101780.08 | BN18: 33590.275 | BO18: 29828.512 | BT18: 642895.87 | BU18: 583284.61 | BX18: 3136161.6 | BY18: 2827361.1 | BZ18: 8045.0182 | CA18: 14531.45 | CF18: 418065.64 | CG18: 457300.29 | CH18: 1996891.5 | CI18: 1898689.9 | CJ18: 200 | CK18: 200 | CL18: 300 | CM18: 300 | CR18: 486657.68 | CS18: 461727.97 | CT18: 700 | CU18: 700 | CX18: 900 | CY18: 900 | CZ18: 80093.338 | DA18: 103998.74 | DD18: 350 | DE18: 350 | DF18: 113311.91 | DG18: 123396.09 | DH18: 53568.382 | DI18: 63236.313 | DJ18: 197391.78 | DK18: 202951.46 | DP18: 84882.881 | DQ18: 76510.246 | DR18: 370334.2 | DS18: 366838.71 | DT18: 400524.87 | DU18: 224573.17 | DV18: 125890.64 | DW18: 26049.889 | DZ18: 673759.83 | EA18: 722493.65 | ED18: 161683.52 | EE18: 187222.05 | EF18: 187392.39 | EG18: 199404.59 | EH18: 1175893.9 | EI18: 1071743.4 | EJ18: 439168.58 | EK18: 497414.52 | EN18: 39514.599 | EO18: 25765.345 | EP18: 144887.89 | EQ18: 119418.38 | ET18: 121370.91 | EU18: 13679.074 | EV18: 58930.237 | EW18: 68169.678 | EX18: 32858.07 | EY18: 34884.67 | EZ18: 90693.558 | FA18: 95610.359 | FB18: 36789.516 | FC18: 38421.734 | FD18: 118542.22 | FE18: 114316.87 | FF18: 124407.58 | FG18: 117976.68 | FH18: 30509.01 | FI18: 30779.427 | FJ18: 20181.646 | FK18: 23301.849 | FL18: 34162.533 | FM18: 42958.801 | FN18: 61598.034 | FO18: 61917.08 | FP18: 58148.19 | FQ18: 44145.66 | FR18: 180615.5 | FS18: 283543.9 | FT18: 53521.65 | FU18: 191456.2 | FV18: 17012.98 | FW18: 16170.04 | FX18: 29651.79 | FY18: 52448.56 | FZ18: 2233.062 | GA18: 6096.179 | GD18: 80376.46 | GE18: 68689.86 | GF18: 114647 | GG18: 155902.5 | GH18: 601729.86 | GI18: 586811.71 | GJ18: 265058.72 | GK18: 241098.33 | GL18: 318093.69 | GM18: 159759.41 | GN18: 200832.47 | GO18: 233509.02 | GP18: 120383.45 | GQ18: 123782.61 | GR18: 298641.66 | GS18: 238694.21 | GT18: 529013.79 | GU18: 454818.45 | GV18: 341928.13 | GW18: 387775.48 | GX18: 209596.47 | GY18: 227756.13 | GZ18: 206708.83 | HA18: 193321.81 | HB18: 472768.77 | HC18: 396016.17 | HD18: 420067.6 | HE18: 368194.27 | HF18: 438878.23 | HG18: 486278.38 | HH18: 940825.56 | HI18: 965914.73 | HJ18: 59637.753 | HK18: 63097.87 | HL18: 69046.478 | HM18: 67407.936 | HN18: 78588.234 | HO18: 79438.339 | HP18: 283877.01 | HQ18: 260555.97 | HR18: 121416.56 | HS18: 96226.944 | HT18: 71411.171 | HU18: 58906.048 | HV18: 40045.776 | HW18: 39817.825 | HZ18: 518866.46 | IA18: 521547.61 | IB18: 43249.748 | IC18: 34270.473 | ID18: 148784.64 | IE18: 151252.96 | IF18: 162480.3 | IG18: 148938.69 | IH18: 1921638.7 | II18: 2037289.1 | IL18: 232540.57 | IM18: 252657.33 | IN18: 111565.82 | IO18: 124793.74 | IP18: 229004.04 | IQ18: 196050.7 | IR18: 351318.54 | IS18: 393892.52 | IT18: 55634.159 | IU18: 57824.684 | IV18: 242371.38 | IW18: 234200.87 | IX18: 192056.32 | IY18: 189992.4 | IZ18: 172517.3 | JA18: 171554.4 | JB18: 284501.53 | JC18: 262767.7
A19: 15 | B19: 1716.682 | C19: 2779.38 | D19: 125 | F19: 2726.635 | G19: 11791.13 | J19: 519342 | K19: 286219 | L19: 200 | N19: 225 | P19: 250 | S19: 1766.607 | T19: 706779.1 | U19: 1176172 | V19: 487836.5 | W19: 709204.8 | X19: 260547.6 | Y19: 302589.6 | Z19: 61652.11 | AA19: 139850.9 | AC19: 350 | AF19: 375 | AH19: 316276.2 | AI19: 266839.2 | AJ19: 400 | AK19: 400 | AL19: 425 | AM19: 425 | AN19: 450 | AO19: 450 | AR19: 500 | AS19: 500 | AV19: 525 | AW19: 525 | AZ19: 575 | BA19: 575 | BB19: 892167.1 | BC19: 805545.9 | BJ19: 642822.02 | BK19: 538442.32 | BL19: 126794.28 | BM19: 92355.804 | BN19: 433613.95 | BO19: 424465.82 | BT19: 202809.23 | BU19: 243349.87 | BZ19: 1574.2124 | CA19: 1789.5114 | CF19: 113060.97 | CG19: 89790.764 | CH19: 883303.16 | CI19: 923575.26 | CJ19: 200 | CK19: 200 | CL19: 300 | CM19: 300 | CR19: 420364.17 | CS19: 452163.85 | CT19: 700 | CU19: 700 | CX19: 900 | CY19: 900 | CZ19: 106991.39 | DA19: 85455.437 | DD19: 350 | DE19: 350 | DF19: 20706.81 | DG19: 20512.493 | DH19: 130186.63 | DI19: 131283.43 | DJ19: 259454.74 | DK19: 229702.04 | DP19: 42539.257 | DQ19: 50433.475 | DR19: 347141.54 | DS19: 317156.25 | DT19: 566095.34 | DU19: 645939.7 | DV19: 360100.16 | DW19: 449492.61 | DZ19: 677857.42 | EA19: 544562.13 | ED19: 224989.49 | EE19: 260535.89 | EF19: 22078.842 | EG19: 8764.5731 | EH19: 3124240 | EI19: 2810844.7 | EJ19: 425357.67 | EK19: 454772.43 | EN19: 42198.273 | EO19: 106020.68 | EP19: 321381.56 | EQ19: 334146.03 | ET19: 167778.56 | EU19: 159781.02 | EV19: 17941.45 | EW19: 12745.02 | EX19: 11449.327 | EY19: 13144.686 | EZ19: 27092.855 | FA19: 30484.854 | FB19: 17854.353 | FC19: 18494.732 | FD19: 40421.665 | FE19: 37958.405 | FF19: 98753.09 | FG19: 100001.91 | FH19: 27209.282 | FI19: 25007.975 | FJ19: 17321.264 | FK19: 18142.399 | FL19: 32495.338 | FM19: 32174.957 | FN19: 56585.896 | FO19: 54179.871 | FP19: 32750.66 | FQ19: 55247.36 | FR19: 327481.4 | FS19: 210744.6 | FT19: 189084.6 | FU19: 71873 | FV19: 81097.38 | FW19: 87062.46 | FX19: 114055.9 | FY19: 146418.5 | FZ19: 96235.98 | GA19: 116532 | GD19: 3027.52 | GE19: 8593.368 | GF19: 115159.5 | GG19: 78274.75 | GH19: 341192.35 | GI19: 363488.46 | GJ19: 327412.29 | GK19: 379229.95 | GL19: 671598.69 | GM19: 725701.54 | GN19: 170187.96 | GO19: 192799.79 | GP19: 83825.821 | GQ19: 59696.98 | GR19: 128556.44 | GS19: 121582.33 | GT19: 549095.15 | GU19: 372041.81 | GV19: 431306.3 | GW19: 396499.39 | GX19: 268681.76 | GY19: 218645.11 | GZ19: 93852.211 | HA19: 100699.23 | HB19: 114738.91 | HC19: 117276.54 | HD19: 146992.43 | HE19: 151160.2 | HF19: 438733.25 | HG19: 425431.76 | HH19: 216319.72 | HI19: 193219.89 | HJ19: 53096.737 | HK19: 44048.412 | HL19: 33757.393 | HM19: 27513.136 | HN19: 47165.134 | HO19: 43609.718 | HP19: 119024.28 | HQ19: 115359.05 | HR19: 88726.425 | HS19: 88231.712 | HT19: 37787.197 | HU19: 34614.964 | HV19: 37136.154 | HW19: 31302.345 | HZ19: 228689.04 | IA19: 310198.33 | IB19: 37094.192 | IC19: 28729.82 | ID19: 107576.74 | IE19: 107966.71 | IF19: 222926.24 | IG19: 181869.13 | IH19: 1564500.4 | II19: 1560486.1 | IL19: 251120.74 | IM19: 243965.41 | IN19: 59744.892 | IO19: 55079.998 | IP19: 118398.21 | IQ19: 103709.21 | IR19: 295065.03 | IS19: 313775.76 | IT19: 57034.191 | IU19: 44902.054 | IV19: 222711.3 | IW19: 221538.1 | IX19: 373470.34 | IY19: 420699.34 | IZ19: 142546.36 | JA19: 133292.45 | JB19: 173332.81 | JC19: 192108.9
A20: 16 | B20: 93171.52 | C20: 63042.15 | D20: 125 | E20: 125 | J20: 233704 | K20: 311574.3 | L20: 200 | M20: 200 | N20: 225 | O20: 225 | P20: 250 | R20: 275 | S20: 275 | T20: 224973.5 | U20: 151553.5 | V20: 1565516 | W20: 762523 | X20: 132333.5 | Y20: 172718.7 | Z20: 117812.7 | AA20: 75292.6 | AB20: 11818.99 | AC20: 9931.84 | AF20: 375 | AG20: 375 | AH20: 491531.8 | AI20: 525165.5 | AJ20: 1000 | AK20: 1175.748 | AL20: 425 | AM20: 425 | AN20: 450 | AO20: 450 | AR20: 1000 | AS20: 1312.793 | AV20: 525 | AW20: 525 | AZ20: 575 | BA20: 575 | BB20: 817344.6 | BC20: 941497.4 | BJ20: 413482.79 | BK20: 520231.87 | BL20: 634867.37 | BM20: 540248.6 | BN20: 339564.24 | BO20: 318045.35 | BT20: 628155.94 | BU20: 522339.11 | BZ20: 800 | CA20: 800 | CF20: 423644.38 | CG20: 365921.81 | CH20: 961838.68 | CI20: 978634.95 | CJ20: 200 | CK20: 200 | CR20: 162149.17 | CS20: 127076.51 | CX20: 900 | CY20: 900 | CZ20: 46586.304 | DA20: 62781.067 | DD20: 350 | DE20: 350 | DF20: 104847.22 | DG20: 103292.85 | DH20: 248762.05 | DI20: 239253.25 | DJ20: 516814.45 | DK20: 504125.18 | DP20: 73121.727 | DQ20: 73701.675 | DR20: 1415511.6 | DS20: 1056913.8 | DT20: 3828658.2 | DU20: 3572508.1 | DV20: 953056.64 | DW20: 852019.04 | DZ20: 7027208 | EA20: 6623618.7 | ED20: 1099891.2 | EE20: 1104051 | EF20: 1500571.8 | EG20: 1491089.1 | EH20: 9051199.2 | EI20: 9264226.6 | EJ20: 511078.95 | EK20: 514432.07 | EN20: 1734275.1 | EO20: 1174463.7 | EP20: 2712139.4 | EQ20: 2686937.3 | ET20: 811246.28 | EU20: 715768.01 | EV20: 94752.968 | EW20: 78200.394 | EX20: 34451.008 | EY20: 29693.161 | EZ20: 79651.543 | FA20: 92907.356 | FB20: 56741.68 | FC20: 57777.691 | FD20: 143527.08 | FE20: 135127.29 | FF20: 146584.78 | FG20: 139588.94 | FH20: 23640.707 | FI20: 27566.83 | FJ20: 77617.538 | FK20: 75343.864 | FL20: 115051.72 | FM20: 113508.18 | FN20: 113955.88 | FO20: 119497.36 | FP20: 25223.67 | FQ20: 24091.65 | FR20: 138341.2 | FS20: 148047.7 | FT20: 123166.7 | FU20: 80418.03 | FV20: 112626.2 | FW20: 155384.3 | FX20: 82828.25 | FY20: 94067.01 | FZ20: 58475.7 | GA20: 85251.32 | GD20: 27131.5 | GE20: 21591.93 | GF20: 8774.416 | GG20: 5308.584 | GH20: 704835.69 | GI20: 716958.19 | GJ20: 473570.92 | GK20: 290716.37 | GL20: 73628.334 | GM20: 123872.33 | GN20: 99495.178 | GO20: 78420.319 | GP20: 104192.8 | GQ20: 110769.49 | GR20: 35099.121 | GS20: 87610.306 | GT20: 441636.44 | GU20: 424884.7 | GV20: 122189.9 | GW20: 83297.173 | GX20: 68313.614 | GY20: 183447.95 | GZ20: 184390.96 | HA20: 184974.26 | HB20: 174703.26 | HC20: 162124.28 | HD20: 134876.16 | HE20: 118154.27 | HF20: 648784.06 | HG20: 699257.08 | HH20: 80428.665 | HI20: 84192.81 | HJ20: 39983.883 | HK20: 49412.746 | HL20: 27995.588 | HM20: 26800.051 | HN20: 60243.042 | HO20: 50842.495 | HP20: 227790.15 | HQ20: 201616 | HR20: 131436.61 | HS20: 134446.49 | HV20: 32701.29 | HW20: 43759.476 | HZ20: 293217.41 | IA20: 313809.72 | IB20: 31659.349 | IC20: 22672.432 | ID20: 87680.717 | IE20: 79135.223 | IF20: 177101.61 | IG20: 205945.42 | IH20: 1279270.8 | II20: 1436828.9 | IL20: 283953.64 | IM20: 263903.75 | IN20: 56651.913 | IO20: 46346.996 | IP20: 110233.75 | IQ20: 128667.68 | IR20: 324574.31 | IS20: 303263.37 | IT20: 58422.222 | IU20: 62769.878 | IV20: 374150.54 | IW20: 333863.95 | IX20: 374040.83 | IY20: 343320.59 | IZ20: 197781.46 | JA20: 194543.93 | JB20: 363038.39 | JC20: 332580.47
A21: 17 | B21: 227807 | C21: 191853.3 | E21: 125 | J21: 306417 | K21: 400268.2 | L21: 200 | M21: 200 | N21: 225 | O21: 225 | P21: 250 | Q21: 250 | R21: 1000 | S21: 2348.574 | T21: 513040.7 | U21: 587981.8 | V21: 452318.1 | W21: 473273.8 | X21: 523032.3 | Y21: 746018.2 | Z21: 145769.7 | AA21: 217988.9 | AB21: 350 | AC21: 350 | AG21: 375 | AH21: 10327.81 | AI21: 87039.72 | AJ21: 400 | AK21: 400 | AN21: 450 | AO21: 450 | AR21: 500 | AS21: 500 | AV21: 525 | AW21: 525 | AZ21: 575 | BA21: 575 | BB21: 1766510 | BC21: 1436190 | BJ21: 110409.38 | BK21: 91811.378 | BL21: 28535.683 | BM21: 1000 | BN21: 144404.65 | BO21: 94846.199 | BT21: 488628.33 | BU21: 381194.21 | BZ21: 1000 | CA21: 1995.5169 | CF21: 560784.18 | CG21: 622202.33 | CH21: 523242.61 | CI21: 456574.13 | CR21: 174362.81 | CS21: 177010.64 | CX21: 1625.0367 | CY21: 1249.1772 | CZ21: 43011.063 | DA21: 40410.397 | DD21: 350 | DE21: 350 | DF21: 14049.36 | DG21: 10512.305 | DH21: 243125.78 | DI21: 265243.13 | DJ21: 20477.785 | DK21: 19795.095 | DP21: 71536.926 | DQ21: 85512.07 | DT21: 4830093.3 | DU21: 5027423.3 | DV21: 171397.52 | DW21: 156647.29 | DZ21: 814350.71 | EA21: 974541.08 | ED21: 80785.934 | EE21: 26089.117 | EF21: 360094.88 | EG21: 336101.84 | EH21: 2116856.2 | EI21: 2192461.2 | EJ21: 51973.892 | EK21: 49184.463 | EN21: 85291.008 | EO21: 54880.104 | EP21: 7139663.6 | EQ21: 3136815.2 | ET21: 378700.35 | EU21: 237054.66 | EV21: 64036.591 | EW21: 65556.534 | EX21: 90481.926 | EY21: 76479.691 | EZ21: 115878.23 | FA21: 107083.49 | FB21: 135477.68 | FC21: 109677.48 | FD21: 100493.97 | FE21: 344359.8 | FF21: 323637.85 | FG21: 298042.82 | FH21: 38910.454 | FI21: 36370.77 | FJ21: 102992.72 | FK21: 107749.79 | FL21: 184159.15 | FM21: 169478.13 | FN21: 150415.63 | FO21: 155125.47 | FP21: 5165.801 | FQ21: 6541.913 | FR21: 188903.1 | FS21: 161503.5 | FT21: 59591.91 | FU21: 56326.27 | FV21: 12807.53 | FW21: 12540.92 | FX21: 12640.44 | FY21: 26449.92 | FZ21: 66425.13 | GA21: 58114.12 | GD21: 8801.215 | GE21: 24257.39 | GF21: 12294.14 | GG21: 93032.82 | GH21: 327092.5 | GI21: 237703.66 | GJ21: 203143.49 | GK21: 119018.01 | GL21: 230491.87 | GM21: 153927.51 | GN21: 78498.672 | GO21: 77907.623 | GP21: 164835.98 | GQ21: 100519.33 | GR21: 94304.298 | GS21: 78955.498 | GT21: 425578.25 | GU21: 508704.04 | GV21: 207691.16 | GW21: 218877.5 | GX21: 381239.26 | GY21: 309962.62 | GZ21: 55684.441 | HA21: 35744.575 | HB21: 43076.397 | HC21: 42918.076 | HD21: 63283.375 | HE21: 55802.261 | HF21: 214743.96 | HG21: 196437.29 | HH21: 21678.013 | HI21: 18786.51 | HJ21: 25754.078 | HK21: 24657.887 | HL21: 13565.212 | HM21: 10862.709 | HN21: 9992.9914 | HO21: 13419.74 | HP21: 68078.308 | HQ21: 82356.316 | HR21: 56978.119 | HS21: 52996.571 | HV21: 16276.447 | HW21: 16832.111 | HZ21: 153665.05 | IA21: 176858.84 | IB21: 23914.558 | IC21: 25176.657 | ID21: 54071.346 | IE21: 58591.721 | IF21: 362808.2 | IG21: 353565.89 | IH21: 1651811.8 | II21: 1654158.6 | IL21: 181415.28 | IM21: 235841.14 | IN21: 89953.545 | IO21: 76236.572 | IP21: 60622.498 | IQ21: 57041.454 | IR21: 95651.169 | IS21: 98040.184 | IT21: 70075.928 | IU21: 73688.751 | IV21: 415137.76 | IW21: 388593.2 | IX21: 941644.41 | IY21: 849207.95 | IZ21: 486396.48 | JA21: 467671.39 | JB21: 174143.72 | JC21: 199493.18
A22: 18 | B22: 578670.8 | C22: 777628.8 | D22: 1216.247 | E22: 2344.503 | J22: 57327.1 | K22: 205529.5 | L22: 200 | M22: 200 | N22: 225 | O22: 225 | P22: 25107.42 | Q22: 34446.01 | R22: 275 | T22: 372010.9 | U22: 456959 | V22: 327184.1 | W22: 706439.6 | X22: 191416.8 | Y22: 309485.6 | Z22: 48575.08 | AA22: 83067.55 | AB22: 350 | AC22: 350 | AF22: 375 | AG22: 375 | AH22: 1405804 | AI22: 1562629 | AJ22: 400 | AK22: 400 | AN22: 450 | AO22: 450 | AR22: 500 | AS22: 500 | AV22: 525 | AW22: 525 | AZ22: 575 | BA22: 575 | BB22: 399708.7 | BC22: 588611.4 | BJ22: 262666.38 | BK22: 257824.98 | BL22: 179415.22 | BM22: 224625.15 | BN22: 93144.173 | BO22: 95595.108 | BZ22: 13406.287 | CA22: 6469.4443 | CH22: 71424.255 | CI22: 70183.304 | CR22: 44312.363 | CS22: 42399.818 | CX22: 391656.22 | CY22: 429271.73 | CZ22: 109964.52 | DA22: 117491.01 | DD22: 1402024.3 | DE22: 1328823 | DF22: 100557.88 | DG22: 95384.338 | DH22: 547144.29 | DI22: 548356.45 | DJ22: 320777.34 | DK22: 295451.87 | DP22: 105237.63 | DQ22: 113150.62 | DR22: 494271.51 | DS22: 498869.38 | DV22: 259894.04 | DW22: 243135.93 | DZ22: 1208339.4 | EA22: 1126896.1 | ED22: 123936.07 | EE22: 50410.69 | EF22: 1427030.5 | EG22: 1401058.6 | EH22: 1935750.1 | EI22: 2247674.1 | EJ22: 53726.379 | EK22: 56229.164 | EN22: 688682.86 | EO22: 747027.71 | EP22: 20373881 | EQ22: 19687996 | ET22: 537814.09 | EU22: 485536.38 | EV22: 71488.518 | EW22: 67094.49 | EX22: 65344.04 | EY22: 63725.281 | EZ22: 177857.85 | FA22: 165036.62 | FB22: 147952.79 | FC22: 148864.96 | FD22: 151752.98 | FE22: 158060.36 | FF22: 706752.44 | FG22: 675612.92 | FH22: 20432.943 | FI22: 16066.36 | FJ22: 187007.11 | FK22: 193598.21 | FL22: 318313.63 | FM22: 265651.61 | FN22: 187565.7 | FO22: 187570.37 | FP22: 8858.421 | FQ22: 8143.464 | FT22: 81149.7 | FU22: 59196.04 | FV22: 194826.6 | FW22: 208207.8 | FX22: 30146.07 | FY22: 5442.031 | FZ22: 60492.16 | GA22: 45568.63 | GD22: 8008.157 | GE22: 12358.73 | GF22: 4363.493 | GG22: 9808.53 | GH22: 180809.16 | GI22: 100883.23 | GJ22: 38109.035 | GK22: 33927.238 | GL22: 122615.55 | GM22: 103194.24 | GN22: 45084.663 | GO22: 47663.811 | GP22: 97979.019 | GQ22: 25381.624 | GR22: 9265.9073 | GS22: 16864.317 | GT22: 202639.19 | GU22: 172745.44 | GV22: 71107.613 | GW22: 65632.24 | GX22: 117328.01 | GY22: 122607.57 | GZ22: 26185.276 | HA22: 22537.636 | HB22: 44233.021 | HC22: 39050.32 | HD22: 79140.846 | HE22: 72081.284 | HF22: 243358.23 | HG22: 229110.47 | HH22: 14195.476 | HI22: 15588.533 | HJ22: 31161.951 | HK22: 26497.082 | HL22: 12809.363 | HM22: 13446.23 | HN22: 11485.508 | HO22: 15434.308 | HP22: 91495.369 | HQ22: 99801.491 | HR22: 158051.56 | HS22: 165360.89 | HV22: 18279.392 | HW22: 22392.399 | HZ22: 252101.55 | IA22: 262017.09 | IB22: 47572.128 | IC22: 52227.619 | ID22: 69454.056 | IE22: 68643.99 | IF22: 241270.25 | IG22: 272140.32 | IH22: 1768776.7 | II22: 1714924.4 | IL22: 241077.77 | IM22: 261065.73 | IN22: 122174.5 | IO22: 121740.5 | IP22: 187144.88 | IQ22: 171075.1 | IR22: 68401.245 | IS22: 86821.281 | IT22: 79227.242 | IU22: 74163.803 | IV22: 306415.25 | IW22: 326956.6 | IX22: 562719.24 | IY22: 597288.39 | IZ22: 515250.31 | JA22: 465162.99 | JB22: 131938.49 | JC22: 133576.54
A23: 19 | B23: 1719207 | C23: 1023492 | D23: 125 | E23: 125 | J23: 59796.07 | K23: 32493.35 | L23: 200 | M23: 200 | P23: 6178.556 | Q23: 14270.33 | R23: 275 | S23: 275 | T23: 351730.7 | U23: 495984.8 | V23: 683511.2 | W23: 723216.6 | Z23: 96586.16 | AA23: 101797.7 | AB23: 350 | AC23: 350 | AF23: 375 | AG23: 375 | AH23: 642270.9 | AI23: 838849.9 | AJ23: 400 | AK23: 400 | AN23: 450 | AO23: 450 | AR23: 500 | AS23: 500 | AV23: 525 | AW23: 525 | AZ23: 575 | BA23: 575 | BB23: 273141.9 | BC23: 280707.2 | BJ23: 832585.63 | BK23: 896641.6 | BL23: 333374.3 | BM23: 310780.76 | BN23: 177269.52 | BO23: 201816.53 | BZ23: 8713.603 | CA23: 17609.573 | CH23: 267376.95 | CI23: 251711.46 | CR23: 78460.22 | CS23: 79069.832 | CX23: 3944.777 | CY23: 1000 | CZ23: 115863.8 | DA23: 118543.17 | DD23: 1501728.5 | DE23: 1490758.7 | DF23: 123106.6 | DG23: 147079.61 | DH23: 392433.14 | DI23: 446174.84 | DJ23: 234358.08 | DK23: 239511.06 | DP23: 110139.25 | DQ23: 115421.84 | DR23: 920223.27 | DS23: 1095076.8 | DV23: 240651.02 | DW23: 223061.71 | DZ23: 2812683.4 | EA23: 2973599.9 | ED23: 291777.71 | EE23: 340951.26 | EF23: 4169975.1 | EG23: 4628181.6 | EH23: 534013.49 | EI23: 523922.3 | EJ23: 84911.919 | EK23: 74183.128 | EN23: 2125826.4 | EO23: 1993111.7 | EP23: 9996710 | EQ23: 11913148 | ET23: 2135615 | EU23: 2129277.6 | EV23: 88710.999 | EW23: 87726.7 | EX23: 89163.925 | EY23: 80053.589 | EZ23: 194487.73 | FA23: 204017.97 | FB23: 198919.94 | FC23: 211872.07 | FD23: 345584.05 | FE23: 339205.51 | FH23: 36822.804 | FI23: 37702.019 | FL23: 361451.48 | FM23: 324598.57 | FN23: 414422.55 | FO23: 420298.22 | FP23: 5183.453 | FQ23: 8186.387 | FT23: 56747.05 | FU23: 48601.32 | FV23: 181022.6 | FW23: 175211.3 | FX23: 43712.77 | FY23: 42498.53 | FZ23: 19855.35 | GA23: 12326.55 | GD23: 6350.68 | GE23: 18707.59 | GF23: 46339.43 | GG23: 73318.27 | GH23: 324292.33 | GI23: 274476.56 | GJ23: 383884.49 | GK23: 275554.2 | GN23: 22309.582 | GO23: 18302.637 | GP23: 43741.871 | GQ23: 57049.553 | GR23: 21202.673 | GS23: 24763.243 | GT23: 401374.24 | GU23: 307217.86 | GV23: 126481.22 | GW23: 87816.437 | GX23: 93514.03 | GY23: 6405.489 | GZ23: 26470.976 | HA23: 22284.103 | HB23: 41740.116 | HC23: 35517.544 | HD23: 174280.93 | HE23: 147774.25 | HF23: 272004.64 | HG23: 317285.92 | HH23: 12849.875 | HI23: 18965.305 | HJ23: 39521.854 | HK23: 42240.116 | HL23: 17182.312 | HM23: 16064.354 | HN23: 15365.022 | HO23: 17452.631 | HP23: 168120.5 | HQ23: 154412.23 | HR23: 124270.11 | HS23: 120386.99 | HV23: 66711.349 | HW23: 65146.141 | HZ23: 285387.97 | IA23: 319815.19 | IB23: 42493.927 | IC23: 50415.474 | ID23: 148094.59 | IE23: 145274.32 | IF23: 557046.02 | IG23: 513426.15 | IH23: 1113726.9 | II23: 1117627.1 | IL23: 98559.509 | IM23: 116976.98 | IN23: 99876.434 | IO23: 103984.73 | IP23: 101063.32 | IQ23: 99724.876 | IR23: 93909.172 | IS23: 84433.975 | IT23: 105487.74 | IU23: 89478.249 | IV23: 97404.77 | IW23: 104274.41 | IX23: 518496.4 | IY23: 516982.73 | IZ23: 593119.87 | JA23: 661398.25 | JB23: 98772.133 | JC23: 96475.227
A24: 20 | B24: 28249 | C24: 26319.44 | D24: 125 | E24: 125 | J24: 842978 | K24: 967243.9 | L24: 200 | M24: 200 | P24: 386223.3 | Q24: 202942.2 | T24: 291633.3 | U24: 335881.4 | V24: 399171.4 | W24: 347496.4 | Z24: 91245.54 | AA24: 112005.7 | AB24: 350 | AC24: 350 | AF24: 375 | AH24: 195073.6 | AI24: 293042.4 | AJ24: 400 | AK24: 400 | AN24: 1000 | AO24: 2356.522 | AR24: 8338.65 | AS24: 1945.527 | AV24: 9618.649 | AW24: 3183.418 | AZ24: 1498.146 | BA24: 1292.158 | BB24: 771676.9 | BC24: 841781.9 | BL24: 304280.33 | BM24: 366583.34 | CH24: 26225.132 | CI24: 24939.875 | CR24: 249427.86 | CS24: 188437.35 | CX24: 900 | CY24: 900 | CZ24: 129645.49 | DA24: 167011.32 | DD24: 599690.37 | DE24: 647584.53 | DF24: 49840.611 | DG24: 51985.68 | DH24: 215402.88 | DI24: 223880.39 | DJ24: 169741.5 | DK24: 180892 | DP24: 73440.193 | DQ24: 72275.932 | DV24: 176386.8 | DW24: 183021.3 | DZ24: 2266861.8 | EA24: 2317127 | ED24: 3501260.7 | EE24: 4343434.6 | EN24: 1667515.4 | EO24: 1668714.2 | EP24: 19438562 | EQ24: 20699361 | EV24: 135068.54 | EW24: 145662.08 | EX24: 177626.89 | EY24: 161757.81 | EZ24: 562852.48 | FA24: 570106.26 | FB24: 446141.63 | FC24: 346754.33 | FD24: 114840.74 | FE24: 113586.06 | FH24: 38853.336 | FI24: 33950.874 | FP24: 21023.92 | FQ24: 23949.92 | FT24: 174882.3 | FU24: 169216.5 | FV24: 92102.47 | FW24: 132543.6 | FX24: 95563.69 | FY24: 111494.3 | FZ24: 34971.93 | GA24: 55023.38 | GD24: 45041.66 | GE24: 60249.3 | GF24: 36621.93 | GG24: 47265.5 | GH24: 285961.27 | GI24: 155174.13 | GJ24: 344601.84 | GK24: 355105.5 | GN24: 46102.772 | GO24: 38762.92 | GP24: 80411.385 | GQ24: 74926.903 | GR24: 539793.4 | GS24: 544580.99 | GT24: 330336.43 | GU24: 358502.84 | GV24: 92676.262 | GW24: 65568.97 | GX24: 65785.004 | GY24: 62370.674 | HZ24: 203005.58 | IA24: 194772.54 | IB24: 26794.724 | IC24: 25419.243 | ID24: 35760.731 | IE24: 48040.634 | IF24: 449148.5 | IG24: 412424.01 | IH24: 1101349.9 | II24: 905021.12 | IL24: 108070.23 | IM24: 101579.03 | IN24: 75295.86 | IO24: 67622.894 | IP24: 117580 | IQ24: 123364.17 | IR24: 50578.045 | IS24: 55790.184 | IT24: 50619.999 | IU24: 52247.467 | IV24: 116942.21 | IW24: 112887.98 | IX24: 530389.83 | IY24: 447110.11 | IZ24: 595008.85 | JA24: 550199.4 | JB24: 78505.539 | JC24: 82945.48
A25: 21 | B25: 980134.1 | C25: 967316.1 | D25: 125 | J25: 386139.9 | K25: 509682.7 | L25: 2318.991 | M25: 1000 | P25: 75505.47 | Q25: 78437.17 | T25: 309192.1 | U25: 325842.7 | V25: 286650.6 | W25: 296292.8 | Z25: 62559.81 | AA25: 103411.4 | AB25: 350 | AC25: 350 | AF25: 375 | AG25: 375 | AH25: 534163.8 | AI25: 691142.8 | AJ25: 2349.626 | AK25: 1234.458 | AN25: 5548.438 | AO25: 7721.995 | AR25: 500 | AS25: 500 | AV25: 2284.573 | AW25: 1000 | BB25: 849287.9 | BC25: 790755.8 | CH25: 81532.822 | CI25: 86348.351 | CR25: 53181.263 | CS25: 19503.674 | CX25: 900 | CY25: 900 | DD25: 466477.26 | DE25: 465682.83 | DF25: 77457.329 | DG25: 77268.059 | DH25: 320704.56 | DI25: 303473.17 | DJ25: 129528.34 | DK25: 107276.64 | DP25: 152536.12 | DQ25: 139146.76 | EV25: 42191.65 | EW25: 28684.849 | EX25: 83194.893 | EY25: 78522.53 | EZ25: 346878.36 | FA25: 403491.91 | FD25: 199651.63 | FE25: 183932.82 | FH25: 35476.898 | FI25: 38361.637 | FP25: 26092.66 | FQ25: 36539.89 | FT25: 26944.18 | FU25: 42213.8 | FV25: 226049 | FW25: 260664.7 | FX25: 86655.97 | FY25: 109422 | FZ25: 328169.9 | GA25: 419690 | GD25: 22188.41 | GE25: 22879.78 | GF25: 34940 | GG25: 32926.45
A26: 22 | B26: 806567 | C26: 1020402 | D26: 125 | E26: 125 | J26: 328457.5 | K26: 334938.4 | M26: 200 | P26: 225092.3 | Q26: 227012.1 | T26: 526392.9 | U26: 482534.1 | V26: 427543 | W26: 460356.5 | Z26: 84860.02 | AA26: 94355.42 | AC26: 350 | AG26: 375 | AH26: 460181.8 | AI26: 517593 | AV26: 525 | AW26: 525 | BB26: 819423.2 | BC26: 1191571 | CH26: 278484.5 | CI26: 168890.81 | CR26: 194025.97 | CS26: 206828.11 | CX26: 900 | CY26: 900 | DD26: 2533737.3 | DE26: 2642066.6 | DF26: 101393.36 | DG26: 99353.874 | DH26: 62137.501 | DI26: 69556.007 | DJ26: 121883.29 | DK26: 123629.02 | DP26: 156890.05 | DQ26: 153065.11 | EV26: 82346.191 | EW26: 82156.418 | EX26: 43724.628 | EY26: 43831.402 | EZ26: 289529.94 | FA26: 329592.53 | FD26: 203764.16 | FE26: 202994.78 | FH26: 30396.807 | FI26: 34452.633 | FP26: 20000.72 | FQ26: 12272.35 | FT26: 68592.28 | FU26: 77522.34 | FV26: 61124.76 | FW26: 76707.41 | FX26: 46714.44 | FY26: 53985.41 | FZ26: 55174.68 | GA26: 46762.42 | GD26: 23408.41 | GE26: 30541.46 | GF26: 24064.69 | GG26: 23785.22
A27: 23 | B27: 1029225 | C27: 757574.1 | D27: 125 | E27: 125 | J27: 117554.5 | K27: 158365.4 | M27: 200 | T27: 351283.6 | U27: 327619 | V27: 249775 | W27: 265978 | Z27: 31863.06 | AA27: 23539.81 | AB27: 350 | AC27: 350 | AF27: 375 | AG27: 375 | AH27: 544274.6 | AI27: 454741.8 | AV27: 525 | AW27: 525 | BB27: 609657.5 | BC27: 633080 | CX27: 900 | CY27: 900 | DF27: 165349.76 | DG27: 180010.24 | DH27: 43320.721 | DI27: 52233.395 | DJ27: 160821.24 | DK27: 164694.98 | DP27: 256232.36 | DQ27: 261820.07 | FP27: 99194.32 | FQ27: 92581.16 | FT27: 145256.7 | FU27: 140441.1 | FV27: 189480.9 | FW27: 172199.1 | FX27: 106414.4 | FY27: 104281.6 | FZ27: 44304.43 | GA27: 46853.53 | GD27: 31733.75 | GE27: 26515.37 | GF27: 85715.84 | GG27: 86115.34
A28: 24 | B28: 1465158 | C28: 1299702 | D28: 125 | E28: 125 | J28: 107554 | K28: 99928.87 | M28: 200 | T28: 630078.2 | U28: 474037.8 | V28: 360697.5 | W28: 338888 | Z28: 43277.02 | AA28: 48221.32 | AB28: 350 | AC28: 350 | AF28: 375 | AG28: 375 | AH28: 347353.2 | AI28: 753954.8 | AV28: 525 | AW28: 525 | BB28: 525044.5 | BC28: 620418.9 | CX28: 900 | CY28: 900 | DF28: 147307.25 | DG28: 169112.21 | DH28: 21435.585 | DI28: 19294.533 | DJ28: 99646.172 | DK28: 106996.18 | DP28: 175880.6 | DQ28: 190160.13 | FP28: 92121.62 | FQ28: 66073.48 | FT28: 44758.72 | FU28: 38044.76 | FV28: 68256.62 | FW28: 60704.4 | FX28: 85393.16 | FY28: 61311.61 | FZ28: 28463.86 | GA28: 32838.09 | GD28: 18402.47 | GE28: 17004.51 | GF28: 800* | GG28: 800*
A29: 25 | J29: 51408.15 | K29: 93630.23 | L29: 200 | T29: 326685.6 | U29: 244685.7 | V29: 656149.2 | W29: 512543.2 | Z29: 116826.5 | AA29: 115840.1 | AB29: 350 | AC29: 350 | AF29: 375 | AG29: 375 | AH29: 694006.3 | AI29: 629717.1 | AV29: 525 | AW29: 525 | FP29: 18128.3 | FQ29: 25745.08 | FT29: 52650.2 | FU29: 62039.27 | FV29: 46309.49 | FW29: 59115.76 | FX29: 38768.11 | FY29: 57977.04 | FZ29: 31651.42 | GA29: 46879.42 | GD29: 27802.27 | GE29: 32327.69 | GF29: 28290.57 | GG29: 24405.27
A30: 26 | J30: 21061.04 | K30: 18361.84 | L30: 200 | T30: 494249.6 | U30: 499487.7 | V30: 324366.2 | W30: 406361.5 | Z30: 112102.2 | AA30: 121247.9 | AB30: 350 | AC30: 350 | AF30: 375 | AG30: 375 | AH30: 468170.5 | AI30: 516239.9 | AV30: 525 | AW30: 525 | FP30: 1.5e+002* | FQ30: 1.5e+002* | FT30: 34705.36 | FU30: 28523.24 | FV30: 30327.6 | FW30: 48792.89 | FZ30: 27081.9 | GA30: 38889.73 | GD30: 36434.25 | GE30: 56069.93

Sheet annotated viral loads
A1: Weeks | B1: CD5-m260 | C1: CD5-m260 | D1: CD5-m261 | E1: CD5-m261 | F1: CD5-m263 | G1: CD5-m263 | H1: CD5-m264 | I1: CD5-m264 | J1: CD5-m265 | K1: CD5-m265 | L1: CD5-m266 | M1: CD5-m266 | N1: CD5-m267 | O1: CD5-m267 | P1: CD5-m269 | Q1: CD5-m269 | R1: CD5-m270 | S1: CD5-m270 | T1: CD5-m271 | U1: CD5-m271 | V1: CD5-m272 | W1: CD5-m272 | X1: CD5-m273 | Y1: CD5-m273 | Z1: CD5-m281 | AA1: CD5-m281 | AB1: CD5-m282 | AC1: CD5-m282 | AD1: CD5-m283 | AE1: CD5-m283 | AF1: CD5-m284 | AG1: CD5-m284 | AH1: CD5-m285 | AI1: CD5-m285 | AJ1: CD10-m881 | AK1: CD10-m881 | AL1: CD10-m882 | AM1: CD10-m882 | AN1: CD10-m883 | AO1: CD10-m883 | AP1: CD10-m884 | AQ1: CD10-m884 | AR1: CD10- m885 | AS1: CD10- m885 | AT1: CD10-m876 | AU1: CD10-m876 | AV1: CD10-m877 | AW1: CD10-m877 | AX1: CD10- m878 | AY1: CD10- m878 | AZ1: CD10-m879 | BA1: CD10-m879 | BB1: CD10-m880 | BC1: CD10-m880 | BD1: CD20-m014 | BE1: CD20-m014 | BF1: CD20-m016 | BG1: CD20-m016 | BH1: CD20-m018 | BI1: CD20-m018 | BJ1: CD20-m020 | BK1: CD20-m020 | BL1: CD20-m021 | BM1: CD20-m021 | BN1: CD20-m022 | BO1: CD20-m022 | BP1: CD20-m023 | BQ1: CD20-m023 | BR1: CD20-m025 | BS1: CD20-m025 | BT1: CD20-m026 | BU1: CD20-m026 | BV1: CD20-m027 | BW1: CD20-m027 | BX1: CD20-m028 | BY1: CD20-m028 | BZ1: CD20-m034 | CA1: CD20-m034 | CB1: CD20-m035 | CC1: CD20-m035 | CD1: CD20-m036 | CE1: CD20-m036 | CF1: CD20-m038 | CG1: CD20-m038 | CH1: CD21-m010 | CI1: CD21-m010 | CJ1: CD21-m011 | CK1: CD21-m011 | CL1: CD21-m014 | CM1: CD21-m014 | CN1: CD21-m015 | CO1: CD21-m015 | CP1: CD21-m016 | CQ1: CD21-m016 | CR1: CD21-m017 | CS1: CD21-m017 | CT1: CD21-m018 | CU1: CD21-m018 | CV1: CD21-m019 | CW1: CD21-m019 | CX1: CD21-m020 | CY1: CD21-m020 | CZ1: CD46-m331 | DA1: CD46-m331 | DB1: CD46-m332 | DC1: CD46-m332 | DD1: CD46-m333 | DE1: CD46-m333 | DF1: CD46-m334 | DG1: CD46-m334 | DH1: CD46-m336 | DI1: CD46-m336 | DJ1: CD46-m337 | DK1: CD46-m337 | DL1: CD46-m338 | DM1: CD46-m338 | DN1: CD46-m339 | DO1: CD46-m339 | DP1: CD46-m340 | DQ1: CD46-m340 | DR1: CD20-m004 | DS1: CD20-m004 | DT1: CD20-m005 | DU1: CD20-m005 | DV1: CD20-m006 | DW1: CD20-m006 | DX1: CD20-m007 | DY1: CD20-m007 | DZ1: CD20-m008 | EA1: CD20-m008 | EB1: CD20-m009 | EC1: CD20-m009 | ED1: CD20-m010 | EE1: CD20-m010 | EF1: CD20-m011 | EG1: CD20-m011 | EH1: CD20-m012 | EI1: CD20-m012 | EJ1: CD20-m013 | EK1: CD20-m013 | EL1: CD20-m029 | EM1: CD20-m029 | EN1: CD20-m030 | EO1: CD20-m030 | EP1: CD20-m031 | EQ1: CD20-m031 | ER1: CD20-m032 | ES1: CD20-m032 | ET1: CD20-m033 | EU1: CD20-m033 | EV1: CD41-m722 | EW1: CD41-m722 | EX1: CD41-m723 | EY1: CD41-m723 | EZ1: CD41-m724 | FA1: CD41-m724 | FB1: CD41-m725 | FC1: CD41-m725 | FD1: CD41-m726 | FE1: CD41-m726 | FF1: CD41-m727 | FG1: CD41-m727 | FH1: CD41-m729 | FI1: CD41-m729 | FJ1: CD41-m730 | FK1: CD41-m730 | FL1: CD41-m731 | FM1: CD41-m731 | FN1: CD41-m774 | FO1: CD41-m774 | FP1: CD10-m851 | FQ1: CD10-m851 | FR1: CD10-m852 | FS1: CD10-m852 | FT1: CD10-m853 | FU1: CD10-m853 | FV1: CD10-m854 | FW1: CD10-m854 | FX1: CD10-m855 | FY1: CD10-m855 | FZ1: CD10-m896 | GA1: CD10-m896 | GB1: CD10-m898 | GC1: CD10-m898 | GD1: CD10-m899 | GE1: CD10-m899 | GF1: CD10-m900 | GG1: CD10-m900 | GH1: CD21-m998 | GI1: CD21-m998 | GJ1: CD21-m999 | GK1: CD21-m999 | GL1: CD21-m002 | GM1: CD21-m002 | GN1: CD21-m003 | GO1: CD21-m003 | GP1: CD21-m004 | GQ1: CD21-m004 | GR1: CD21-m006 | GS1: CD21-m006 | GT1: CD21-m007 | GU1: CD21-m007 | GV1: CD21-m008 | GW1: CD21-m008 | GX1: CD21-m009 | GY1: CD21-m009 | GZ1: CD30-m193 | HA1: CD30-m193 | HB1: CD30-m195 | HC1: CD30-m195 | HD1: CD30-m196 | HE1: CD30-m196 | HF1: CD30-m197 | HG1: CD30-m197 | HH1: CD30-m203 | HI1: CD30-m203 | HJ1: CD30-m204 | HK1: CD30-m204 | HL1: CD30-m205 | HM1: CD30-m205 | HN1: CD30-m206 | HO1: CD30-m206 | HP1: CD30-m207 | HQ1: CD30-m207 | HR1: CD30-m229 | HS1: CD30-m229 | HT1: CD30-m230 | HU1: CD30-m230 | HV1: CD30-m231 | HW1: CD30-m231 | HX1: CD30-m232 | HY1: CD30-m232 | HZ1: CD27-m740 | IA1: CD27-m740 | IB1: CD27-m806 | IC1: CD27-m806 | ID1: CD27-m807 | IE1: CD27-m807 | IF1: CD27-m808 | IG1: CD27-m808 | IH1: CD27-m809 | II1: CD27-m809 | IJ1: CD27-m810 | IK1: CD27-m810 | IL1: CD27-m756 | IM1: CD27-m756 | IN1: CD27-m757 | IO1: CD27-m757 | IP1: CD27-m783 | IQ1: CD27-m783 | IR1: CD27-m784 | IS1: CD27-m784 | IT1: CD27-m785 | IU1: CD27-m785 | IV1: CD27-m786 | IW1: CD27-m786 | IX1: CD27-m787 | IY1: CD27-m787 | IZ1: CD27-m788 | JA1: CD27-m788 | JB1: CD27-m789 | JC1: CD27-m789
A2: 0 | B2: 100 | C2: 100 | D2: 125 | E2: 125 | F2: 150 | G2: 150 | H2: 175 | I2: 175 | J2: 188 | K2: 188 | L2: 200 | M2: 200 | N2: 225 | O2: 225 | P2: 250 | Q2: 250 | R2: 275 | S2: 275 | T2: 288 | U2: 288 | V2: 300 | W2: 300 | X2: 325 | Y2: 325 | Z2: 338 | AA2: 338 | AB2: 350 | AC2: 350 | AD2: 3.63e+002* | AE2: 3.63e+002* | AF2: 375 | AG2: 375 | AH2: 383 | AI2: 383 | AJ2: 400 | AK2: 400 | AL2: 425 | AM2: 425 | AN2: 450 | AO2: 450 | AP2: 475 | AQ2: 475 | AR2: 500 | AS2: 500 | AT2: 5.13e+002* | AU2: 5.13e+002* | AV2: 525 | AW2: 525 | AX2: 550 | AY2: 550 | AZ2: 575 | BA2: 575 | BB2: 600 | BC2: 600 | BD2: 625 | BE2: 625 | BF2: 650 | BG2: 650 | BH2: 675 | BI2: 675 | BJ2: 688 | BK2: 688 | BL2: 700 | BM2: 700 | BN2: 713 | BO2: 713 | BP2: 725 | BQ2: 725 | BR2: 7.38e+002* | BS2: 7.38e+002* | BT2: 750 | BU2: 750 | BV2: 763 | BW2: 763 | BX2: 775 | BY2: 775 | BZ2: 800 | CA2: 800 | CB2: 8.25e+002* | CC2: 8.25e+002* | CD2: 8.5e+002* | CE2: 8.5e+002* | CF2: 875 | CG2: 875 | CH2: 150 | CI2: 150 | CJ2: 200 | CK2: 200 | CL2: 300 | CM2: 300 | CN2: 400 | CO2: 400 | CP2: 500 | CQ2: 500 | CR2: 600 | CS2: 600 | CT2: 700 | CU2: 700 | CV2: 800 | CW2: 800 | CX2: 900 | CY2: 900 | CZ2: 150 | DA2: 150 | DB2: 250 | DC2: 250 | DD2: 350 | DE2: 350 | DF2: 450 | DG2: 450 | DH2: 550 | DI2: 550 | DJ2: 650 | DK2: 650 | DL2: 750* | DM2: 750* | DN2: 850 | DO2: 850 | DP2: 850 | DQ2: 850 | DR2: 150 | DS2: 150 | DT2: 200 | DU2: 200 | DV2: 250 | DW2: 250 | DX2: 300 | DY2: 300 | DZ2: 350 | EA2: 350 | EB2: 400 | EC2: 400 | ED2: 450 | EE2: 450 | EF2: 500 | EG2: 500 | EH2: 550 | EI2: 550 | EJ2: 600 | EK2: 600 | EL2: 650 | EM2: 650 | EN2: 700 | EO2: 700 | EP2: 750 | EQ2: 750 | ER2: 800 | ES2: 800 | ET2: 900 | EU2: 900 | EV2: 150 | EW2: 150 | EX2: 200 | EY2: 200 | EZ2: 250 | FA2: 250 | FB2: 300 | FC2: 300 | FD2: 350 | FE2: 350 | FF2: 400 | FG2: 400 | FH2: 450 | FI2: 450 | FJ2: 500 | FK2: 500 | FL2: 550 | FM2: 550 | FN2: 600 | FO2: 600 | FP2: 150 | FQ2: 150 | FR2: 200 | FS2: 200 | FT2: 250 | FU2: 250 | FV2: 300 | FW2: 300 | FX2: 400 | FY2: 400 | FZ2: 500 | GA2: 500 | GB2: 600 | GC2: 600 | GD2: 700 | GE2: 700 | GF2: 800 | GG2: 800 | GH2: 150 | GI2: 150 | GJ2: 200 | GK2: 200 | GL2: 300 | GM2: 300 | GN2: 400 | GO2: 400 | GP2: 500 | GQ2: 500 | GR2: 600 | GS2: 600 | GT2: 700 | GU2: 700 | GV2: 800 | GW2: 800 | GX2: 900 | GY2: 900 | GZ2: 150 | HA2: 150 | HB2: 200 | HC2: 200 | HD2: 300 | HE2: 300 | HF2: 400 | HG2: 400 | HH2: 500 | HI2: 500 | HJ2: 600 | HK2: 600 | HL2: 700 | HM2: 700 | HN2: 800 | HO2: 800 | HP2: 900 | HQ2: 900 | HR2: 200 | HS2: 200 | HT2: 300 | HU2: 300 | HV2: 400 | HW2: 400 | HX2: 500 | HY2: 500 | HZ2: 300 | IA2: 300 | IB2: 200 | IC2: 200 | ID2: 300 | IE2: 300 | IF2: 400 | IG2: 400 | IH2: 500 | II2: 500 | IJ2: 600 | IK2: 600 | IL2: 800 | IM2: 800 | IN2: 900 | IO2: 900 | IP2: 300 | IQ2: 300 | IR2: 400 | IS2: 400 | IT2: 500 | IU2: 500 | IV2: 600 | IW2: 600 | IX2: 700 | IY2: 700 | IZ2: 800 | JA2: 800 | JB2: 900 | JC2: 900
A3: 1 | B3: 3427.595 | D3: 69840.86 | F3: 248850.2 | H3: 47154.75 | J3: 96924.43 | L3: 9785.094 | N3: 2750.64 | O3: 1894.282 | P3: 101479.1 | Q3: 53751.47 | R3: 28746.14 | S3: 36254.73 | T3: 111834.9 | U3: 91788.58 | V3: 100508.1 | W3: 79888.88 | X3: 225019.4 | Z3: 372125.5 | AB3: 146178.3 | AD3: 2.814206e+004* | AE3: 3.596149e+004* | AF3: 559363.4 | AG3: 756122.2 | AH3: 54868.17 | AI3: 35825.87 | AJ3: 297243 | AK3: 224135.6 | AL3: 203275.8 | AM3: 12052.86 | AN3: 1631.012 | AO3: 2691.839 | AP3: 2290903 | AQ3: 2783205 | AR3: 7328.624 | AS3: 3197.484 | AT3: 2.435722e+004* | AU3: 5.441707e+004* | AV3: 46080.62 | AW3: 51737.37 | AX3: 177505.4 | AY3: 371015.3 | AZ3: 617873.3 | BA3: 853149.8 | BB3: 58460.17 | BC3: 81964.56 | BD3: 1648.2079 | BE3: 1049.8799 | BF3: 19715.384 | BG3: 21011.837 | BH3: 1120.5838 | BI3: 2163.6972 | BJ3: 132928.18 | BK3: 75220.169 | BL3: 5246.0794 | BM3: 24689.907 | BN3: 3777.3564 | BO3: 7815.2509 | BP3: 87265.625 | BQ3: 82816.658 | BR3: 7.38e+002* | BS3: 7.38e+002* | BT3: 230144.97 | BU3: 75509.064 | BV3: 13325.337 | BW3: 1950.2518 | BX3: 25164.734 | BY3: 34329.453 | BZ3: 5240.0098 | CA3: 8293.5934 | CB3: 1.142382145e+004* | CC3: 4.607697487e+003* | CD3: 2.433984041e+003* | CE3: 1.237808228e+003* | CF3: 875 | CG3: 875 | CH3: 261588.47 | CI3: 248814.87 | CJ3: 385861.02 | CK3: 359675.93 | CL3: 12667.118 | CM3: 2476.1484 | CN3: 72464.386 | CO3: 82735.069 | CP3: 108457.47 | CQ3: 63352.047 | CR3: 250040.28 | CS3: 97204.468 | CT3: 387922.91 | CU3: 410775.02 | CV3: 6503.2964 | CW3: 4022.7132 | CX3: 275206.73 | CY3: 250261.15 | CZ3: 1504.8711 | DA3: 1888.3488 | DB3: 9481.0514 | DC3: 8759.4614 | DD3: 17962.955 | DE3: 15778.524 | DF3: 1416.6386 | DG3: 1931.7822 | DH3: 1385.2108 | DI3: 1000 | DJ3: 1683.1639 | DK3: 1338.1785 | DL3: 19231.21834* | DM3: 26263.4449* | DN3: 8067.0872 | DO3: 7501.1888 | DP3: 8099.3557 | DQ3: 8730.4296 | DR3: 1000 | DS3: 1412.1687 | DT3: 1359.1089 | DU3: 1000 | DV3: 106442.57 | DW3: 120001.48 | DX3: 36401.035 | DY3: 11308.42 | DZ3: 263013.34 | EA3: 202853.1 | EB3: 400 | EC3: 400 | ED3: 1484.9164 | EE3: 1487.4687 | EF3: 122303.52 | EG3: 137337.75 | EH3: 24828.981 | EI3: 26171.503 | EJ3: 25472.912 | EK3: 19928.593 | EL3: 3112.3178 | EM3: 1000 | EN3: 700 | EO3: 700 | EP3: 5741.7312 | EQ3: 1000 | ER3: 25043.865 | ES3: 25850.315 | ET3: 101001.85 | EU3: 71471.458 | EV3: 7667.1124 | EW3: 5118.3763 | EX3: 200 | EY3: 200 | EZ3: 8413.0182 | FA3: 5425.571 | FB3: 4855.2599 | FC3: 2000 | FD3: 7464.3698 | FE3: 4607.9602 | FF3: 2301.5709 | FG3: 3277.1688 | FH3: 7649.9867 | FI3: 6601.2092 | FJ3: 500 | FK3: 500 | FL3: 2000 | FM3: 2390.3124 | FN3: 600 | FO3: 600 | FP3: 76973.8 | FQ3: 54434.8 | FR3: 404603.6 | FS3: 293440.8 | FT3: 1000 | FU3: 6873.81 | FV3: 1509.654 | FW3: 1000 | FX3: 42752.36 | FY3: 25104.14 | FZ3: 12731.76 | GA3: 3725.392 | GB3: 3804.367 | GC3: 1000 | GD3: 19221.64 | GE3: 8855.06 | GF3: 53206.13 | GG3: 98665.53 | GH3: 221055 | GI3: 197732.5 | GJ3: 285070.25 | GK3: 180844 | GL3: 180337 | GM3: 241932.5 | GN3: 8774.25 | GO3: 10543.25 | GP3: 189604 | GQ3: 169002.75 | GR3: 5202.5 | GS3: 7364 | GT3: 90673.75 | GU3: 64333.25 | GV3: 12792.5 | GW3: 9324.5 | GX3: 80506.25 | GY3: 53927.75 | GZ3: 150 | HA3: 150 | HB3: 200 | HC3: 200 | HD3: 52099.739 | HE3: 63037.361 | HF3: 300 | HG3: 300 | HH3: 135330 | HI3: 135938.49 | HJ3: 400 | HK3: 400 | HL3: 223172.41 | HM3: 219728.09 | HN3: 78023.46 | HO3: 98323.257 | HP3: 148328.55 | HQ3: 135093.95 | HR3: 392180.51 | HS3: 449587.92 | HT3: 237670.3 | HU3: 191498.86 | HV3: 307113.53 | HW3: 323158.78 | HX3: 215920.14 | HY3: 230591.8 | HZ3: 300 | IA3: 300 | IB3: 12799.677 | IC3: 22558.243 | ID3: 12779.493 | IE3: 11075.739 | IF3: 13547.158 | IG3: 22370.617 | IH3: 500 | II3: 500 | IJ3: 600 | IK3: 600 | IL3: 800 | IM3: 800 | IN3: 900 | IO3: 900 | IP3: 300 | IQ3: 300 | IR3: 1012.8438 | IS3: 1000 | IT3: 500 | IU3: 500 | IV3: 5228.4927 | IW3: 4356.3671 | IX3: 700 | IY3: 700 | IZ3: 1000 | JA3: 1439.9335 | JB3: 900 | JC3: 900
A4: 2 | B4: 54766 | C4: 58483.76 | D4: 167730.7 | E4: 202032.2 | F4: 182883.7 | G4: 227723 | H4: 103789.9 | I4: 147608.9 | J4: 357531.9 | K4: 364034.2 | L4: 199679.2 | M4: 474861.3 | N4: 115140.3 | O4: 196744.7 | P4: 434650.1 | Q4: 579362.9 | R4: 82442.55 | S4: 89464.82 | T4: 245710.2 | U4: 525100.5 | V4: 410459 | W4: 768735.1 | X4: 538880.1 | Y4: 603571.8 | Z4: 387136.4 | AA4: 469583.4 | AB4: 1413134 | AC4: 936128.4 | AD4: 1.33246e+006* | AE4: 1.971867e+006* | AF4: 389906.9 | AG4: 333077.2 | AH4: 445374.4 | AI4: 443890.2 | AJ4: 450866.9 | AK4: 380270.1 | AL4: 753353.8 | AM4: 703738 | AN4: 574275.9 | AO4: 626590.9 | AP4: 1992870 | AQ4: 1734511 | AR4: 1399044 | AS4: 1573943 | AT4: 6.971054e+004* | AU4: 6.010169e+004* | AV4: 719142.5 | AW4: 938547.2 | AX4: 481775.4 | AY4: 405219.7 | AZ4: 744078.1 | BA4: 702291.7 | BB4: 945182.4 | BC4: 602763.9 | BD4: 370550.02 | BE4: 312037.84 | BF4: 738136.54 | BG4: 575595.58 | BH4: 1072669.6 | BI4: 589380.92 | BJ4: 1137166.9 | BK4: 1303142 | BL4: 979689.03 | BM4: 613415.34 | BN4: 3823600.3 | BO4: 1885801.4 | BP4: 1314754.8 | BQ4: 629888.98 | BR4: 1e+003* | BS4: 2.251561737e+005* | BT4: 85504.333 | BU4: 517262.33 | BV4: 38133.583 | BW4: 1183718 | BX4: 104589.56 | BY4: 924174.19 | BZ4: 313942.32 | CA4: 397298.71 | CB4: 7.481554565e+005* | CC4: 6.772858887e+005* | CD4: 1.124658585e+005* | CE4: 6.889674377e+004* | CF4: 875 | CG4: 875 | CH4: 20973.003 | CI4: 18141.268 | CJ4: 137617.75 | CK4: 77739.113 | CL4: 107412.29 | CM4: 75431.488 | CN4: 14496.294 | CO4: 5900.5914 | CP4: 120452.35 | CQ4: 31181.637 | CR4: 16433.767 | CS4: 6769.9432 | CT4: 23312.632 | CU4: 13016.19 | CV4: 472280.4 | CW4: 287470.46 | CX4: 647553.77 | CY4: 451040.41 | CZ4: 373981.26 | DA4: 338900.51 | DB4: 368617.52 | DC4: 308812.77 | DD4: 420398.44 | DE4: 405656.92 | DF4: 167781.94 | DG4: 162292.65 | DH4: 198767.91 | DI4: 156669.83 | DJ4: 1938159.1 | DK4: 1508030.9 | DL4: 1366762.817* | DM4: 1320554.443* | DN4: 323702.79 | DO4: 314027.56 | DP4: 1116915.5 | DQ4: 1051001 | DR4: 731825.81 | DS4: 429929.99 | DT4: 229954.47 | DU4: 467513.43 | DV4: 494556.85 | DW4: 408751.59 | DX4: 599752.5 | DY4: 839378.3 | DZ4: 345488.13 | EA4: 304043.7 | EB4: 579665.83 | EC4: 443877.32 | ED4: 56727.802 | EE4: 366213.04 | EF4: 456219.82 | EG4: 981401.55 | EH4: 187610.93 | EI4: 156562.85 | EJ4: 289833.53 | EK4: 80086.113 | EL4: 61651.234 | EM4: 592588.75 | EN4: 43053.49 | EO4: 232066.76 | EP4: 8739.5763 | EQ4: 71790.375 | ER4: 221119.52 | ES4: 278875.37 | ET4: 1332190.8 | EU4: 483727.02 | EV4: 948447.51 | EW4: 738240.84 | EX4: 29610.737 | EY4: 33166.321 | EZ4: 77446.64 | FA4: 74008.736 | FB4: 148967.19 | FC4: 157124.11 | FD4: 21747.124 | FE4: 19693.516 | FF4: 103155.9 | FG4: 117071.05 | FH4: 13226.558 | FI4: 14546.884 | FJ4: 5189.6625 | FK4: 4160.5391 | FL4: 32644.394 | FM4: 37757.397 | FN4: 99461.632 | FO4: 100091.32 | FP4: 504429.9 | FQ4: 390306.4 | FR4: 1495462 | FS4: 1495857 | FT4: 162568 | FU4: 97754.67 | FV4: 513224.3 | FW4: 393542.3 | FX4: 493647.8 | FY4: 350089.8 | FZ4: 1109.462 | GA4: 1000 | GB4: 85409.29 | GC4: 85789.06 | GD4: 1067549 | GE4: 1292940 | GF4: 1369468 | GG4: 1393732 | GH4: 369094.67 | GI4: 315156.43 | GJ4: 341345 | GK4: 212067.75 | GL4: 58565.5 | GM4: 46116.5 | GN4: 422416.5 | GO4: 275682.5 | GP4: 205237.25 | GQ4: 172485.25 | GR4: 79817.5 | GS4: 85936.75 | GT4: 299889.56 | GU4: 264692.17 | GV4: 84992 | GW4: 11961.75 | GX4: 43398.029 | GY4: 29855.486 | GZ4: 36108.318 | HA4: 19201.366 | HB4: 43385.044 | HC4: 46825.5 | HD4: 402439.82 | HE4: 331356.29 | HF4: 6879.0846 | HG4: 7755.7478 | HH4: 424640.01 | HI4: 386378.05 | HJ4: 387127.23 | HK4: 294935.18 | HL4: 228637.88 | HM4: 151342.03 | HN4: 386177.64 | HO4: 300186.4 | HP4: 90756.386 | HQ4: 103162.67 | HR4: 701868.29 | HS4: 648418.64 | HT4: 299859.86 | HU4: 453543.88 | HV4: 338482.64 | HW4: 486259.67 | HX4: 679275.94 | HY4: 373912.99 | IB4: 76500.969 | IC4: 87809.235 | ID4: 72074.196 | IE4: 74947.563 | IF4: 21474.403 | IG4: 14405.559 | IH4: 11474.228 | II4: 7524.9438 | IJ4: 6454.9494 | IK4: 1047.471 | IL4: 41769.497 | IM4: 41028.87 | IN4: 4926.3482 | IO4: 1326.8404 | IP4: 73789.139 | IQ4: 49211.163 | IR4: 82655.304 | IS4: 90363.174 | IT4: 78581.665 | IU4: 49657.715 | IV4: 34054.878 | IW4: 52189.342 | IX4: 7921.618 | IY4: 14382.214 | IZ4: 71959.801 | JA4: 54198.383 | JB4: 39500.637 | JC4: 17760.599
A5: 3 | B5: 48150.25 | C5: 45915.25 | D5: 620842.1 | E5: 324218.7 | F5: 1231278 | G5: 424368.3 | H5: 209880.9 | I5: 156009.4 | J5: 1002010 | K5: 943357.4 | L5: 791185.8 | M5: 1017687 | N5: 98744.64 | O5: 839722.8 | P5: 625626.6 | Q5: 480973.2 | R5: 80511.17 | S5: 125548.6 | T5: 294744.7 | U5: 66367.28 | V5: 92875.9 | W5: 43290.84 | X5: 134096.2 | Y5: 111825.1 | Z5: 1264375 | AA5: 1110108 | AB5: 2795059 | AC5: 1472671 | AD5: 1.47405e+006* | AE5: 8.065103e+005* | AF5: 767116.6 | AG5: 895140.7 | AH5: 626895.3 | AJ5: 103521.5 | AK5: 98325.59 | AL5: 513612.4 | AM5: 611041.5 | AN5: 137076.6 | AO5: 154396.4 | AP5: 858132.7 | AQ5: 747297.2 | AR5: 966714.4 | AS5: 835936.7 | AT5: 8.485795e+004* | AU5: 9.543111e+004* | AV5: 265551.1 | AW5: 345897.4 | AX5: 330716.4 | AY5: 308737.3 | AZ5: 469364.4 | BA5: 490019 | BB5: 204905.1 | BC5: 133806.8 | BD5: 1204538.8 | BE5: 739797.73 | BF5: 1733738.3 | BG5: 531259.34 | BH5: 309900.24 | BI5: 426654.21 | BJ5: 1568522.9 | BK5: 1153568.7 | BL5: 252139.66 | BM5: 522378.17 | BN5: 136113.91 | BO5: 52961.006 | BP5: 2212772 | BQ5: 1440573.7 | BR5: 9.385163116e+004* | BS5: 2.441060066e+004* | BT5: 704895.39 | BU5: 845159.42 | BV5: 170059.86 | BW5: 172293.81 | BX5: 276381.23 | BY5: 318930.94 | BZ5: 368930.36 | CA5: 485308.2 | CB5: 7.920079102e+006* | CC5: 6.027200684e+006* | CD5: 2.611281738e+005* | CE5: 1.883332214e+005* | CF5: 343178.59 | CG5: 613953 | CH5: 274522.13 | CI5: 255016.36 | CJ5: 43120.201 | CK5: 45412.823 | CL5: 355679.08 | CM5: 262537.81 | CN5: 390416.84 | CO5: 305458.1 | CP5: 251433.04 | CQ5: 219339.23 | CR5: 40963.936 | CS5: 25309.132 | CT5: 847155.94 | CU5: 711135.5 | CV5: 214757.98 | CW5: 231836.73 | CX5: 544401.55 | CY5: 395378.33 | CZ5: 552131.23 | DA5: 547552.43 | DB5: 387300.78 | DC5: 318821.66 | DD5: 376346.41 | DE5: 275580.75 | DF5: 265091.25 | DG5: 277124.82 | DH5: 479256.32 | DI5: 510713.78 | DJ5: 943220.28 | DK5: 765076.84 | DL5: 2247489.258* | DM5: 2706646.484* | DN5: 616120.12 | DO5: 539353.45 | DP5: 986113.1 | DQ5: 983633.3 | DR5: 350372.38 | DS5: 544603.27 | DT5: 457444.55 | DU5: 222580.15 | DV5: 1669006 | DW5: 978245.42 | DX5: 1090101.8 | DY5: 4914843.3 | DZ5: 545981.08 | EA5: 269199.07 | EB5: 1730618 | EC5: 967378.05 | ED5: 574137.21 | EE5: 631118.35 | EF5: 560442.02 | EG5: 217197.65 | EH5: 739867.86 | EI5: 682333.19 | EJ5: 2015854.2 | EK5: 1439958.4 | EL5: 3089989.3 | EM5: 1119659.7 | EN5: 846978.21 | EO5: 204100.22 | EP5: 238467.32 | EQ5: 338364.87 | ER5: 2841195.3 | ES5: 1257097.4 | ET5: 853386.66 | EU5: 301033.08 | EV5: 149180.73 | EW5: 149685.09 | EX5: 60919.079 | EY5: 63701.069 | EZ5: 70712.845 | FA5: 71343.193 | FB5: 44191.006 | FC5: 48753.429 | FD5: 90690.376 | FE5: 91827.354 | FF5: 122499.31 | FG5: 109570.42 | FH5: 23316.74 | FI5: 20143.612 | FJ5: 10709.892 | FK5: 14303.412 | FL5: 43886.547 | FM5: 42585.613 | FN5: 28463.049 | FO5: 25667.795 | FP5: 453520.8 | FQ5: 530669.8 | FR5: 74284.05 | FS5: 13558.87 | FT5: 155848.7 | FU5: 76861.06 | FV5: 41263.95 | FW5: 277860.5 | FX5: 120721 | FY5: 116693.1 | FZ5: 227588.9 | GA5: 206364.8 | GB5: 396341.9 | GC5: 625134.4 | GD5: 265951.1 | GE5: 359345.8 | GF5: 1087724 | GG5: 695936.1 | GH5: 123955.5 | GI5: 135366 | GJ5: 305184.5 | GK5: 233230.5 | GL5: 10797.25 | GM5: 15251.25 | GN5: 65815.5 | GO5: 34276 | GP5: 36370.5 | GQ5: 17249.25 | GR5: 199121.25 | GS5: 110936.25 | GT5: 564672 | GU5: 509730.62 | GV5: 72346 | GW5: 77442.5 | GX5: 48181.931 | GY5: 52316.578 | GZ5: 306226.84 | HA5: 305113.65 | HB5: 165894.9 | HC5: 156226.29 | HD5: 124902.63 | HE5: 133894.62 | HF5: 8867.0282 | HG5: 11720.551 | HH5: 85852.127 | HI5: 93675.446 | HJ5: 123277.51 | HK5: 146114.12 | HL5: 83961.281 | HM5: 84127.205 | HN5: 88412.582 | HO5: 108617.41 | HP5: 106255.7 | HQ5: 112354.02 | HR5: 146569.41 | HS5: 147665.65 | HT5: 232316.16 | HU5: 211481.55 | HV5: 144546.1 | HW5: 148453.61 | HX5: 35566.944 | HY5: 37966.743 | HZ5: 76937.943 | IA5: 48476.566 | IB5: 151055.19 | IC5: 148529.59 | ID5: 143362.27 | IE5: 67262.856 | IF5: 66200.676 | IG5: 56829.468 | IH5: 22105.465 | II5: 24528.421 | IJ5: 37524.83 | IK5: 40040.195 | IL5: 329737.73 | IM5: 282361.48 | IN5: 285958.28 | IO5: 294965.79 | IP5: 104982.97 | IQ5: 103134.94 | IR5: 268496.12 | IS5: 314939.21 | IT5: 169269.81 | IU5: 257196.41 | IV5: 81675.11 | IW5: 105467.02 | IX5: 46584.053 | IY5: 56642.433 | IZ5: 139929.41 | JA5: 166913.28 | JB5: 82362.648 | JC5: 82323.166
