Workbook

Sheet REJOc Haplotypes Edited
D7: Geometric Mean Expression (μg/ml) | F7: Time to Escape (Weeks) | J7: REJO.c Pos | K7: 277 | L7: 280 | M7: 458 | S7: 277 | T7: 280 | U7: 458
B8: Escape Path | C8: Sample ID | H8: Set Point Viral Load (GC/mL) | J8: HXB2 Pos | K8: 276 | L8: 279 | M8: 460 | S8: 276 | T8: 279 | U8: 460
J9: WT AA | K9: N | L9: D | M9: N | S9: N | T9: D | U9: N
J10: Mut AA | K10: D | L10: A | M10: D | S10: D | T10: A | U10: D
B11: =VLOOKUP($C11,'REJOc Haplotypes'!$A$9:$BR$49,3,FALSE) -> A: D279A + N460D | C11: CD5-m265 | D11: =VLOOKUP($C11,'REJOc Haplotypes'!$A$9:$BR$49,4,FALSE) -> 37.9099 | E11: =GEOMEAN(D11:D21) -> 65.888025 | F11: =VLOOKUP($C11,'REJOc Haplotypes'!$A$9:$BR$49,5,FALSE) -> 5 | G11: =GEOMEAN(F11:F21) -> 4.5762168 | H11: =VLOOKUP(C11,'setpoint vl'!$A$1:$D$100,4,FALSE) -> 404054.5 | I11: =GEOMEAN(H11:H21) -> 385650.46 | K11: 0 | L11: 0.87471198 | M11: 0.99687744 | P11: CD5-m265 | Q11: A | S11: 0 | T11: 0.87471198 | U11: 0.99687744
B12: =VLOOKUP($C12,'REJOc Haplotypes'!$A$9:$BR$49,3,FALSE) -> A: D279A + N460D | C12: CD46-m336 | D12: =VLOOKUP($C12,'REJOc Haplotypes'!$A$9:$BR$49,4,FALSE) -> 79.2136 | F12: =VLOOKUP($C12,'REJOc Haplotypes'!$A$9:$BR$49,5,FALSE) -> 4 | H12: =VLOOKUP(C12,'setpoint vl'!$A$1:$D$100,4,FALSE) -> 394453.69 | K12: 0 | L12: 0.99401632 | M12: 0.99540018 | P12: CD46-m336 | Q12: A | S12: 0 | T12: 0.99401632 | U12: 0.99540018
B13: =VLOOKUP($C13,'REJOc Haplotypes'!$A$9:$BR$49,3,FALSE) -> A: D279A + N460D | C13: CD20-m026 | D13: =VLOOKUP($C13,'REJOc Haplotypes'!$A$9:$BR$49,4,FALSE) -> 49.6308 | F13: =VLOOKUP($C13,'REJOc Haplotypes'!$A$9:$BR$49,5,FALSE) -> 4 | H13: =VLOOKUP(C13,'setpoint vl'!$A$1:$D$100,4,FALSE) -> 346590.39 | K13: 0 | L13: 0.99584816 | M13: 0.98846947 | P13: CD20-m026 | Q13: A | S13: 0 | T13: 0.99584816 | U13: 0.98846947
B14: =VLOOKUP($C14,'REJOc Haplotypes'!$A$9:$BR$49,3,FALSE) -> A: D279A + N460D | C14: CD21-m017 | D14: =VLOOKUP($C14,'REJOc Haplotypes'!$A$9:$BR$49,4,FALSE) -> 177.065 | F14: =VLOOKUP($C14,'REJOc Haplotypes'!$A$9:$BR$49,5,FALSE) -> 5 | H14: =VLOOKUP(C14,'setpoint vl'!$A$1:$D$100,4,FALSE) -> 552020.11 | K14: 0 | L14: 0.99166667 | M14: 0.98684211 | P14: CD21-m017 | Q14: A | S14: 0 | T14: 0.99166667 | U14: 0.98684211
B15: =VLOOKUP($C15,'REJOc Haplotypes'!$A$9:$BR$49,3,FALSE) -> A: D279A + N460D | C15: CD20-m020 | D15: =VLOOKUP($C15,'REJOc Haplotypes'!$A$9:$BR$49,4,FALSE) -> 59.9141 | F15: =VLOOKUP($C15,'REJOc Haplotypes'!$A$9:$BR$49,5,FALSE) -> 3 | H15: =VLOOKUP(C15,'setpoint vl'!$A$1:$D$100,4,FALSE) -> 650717.9 | K15: 0 | L15: 0.96341858 | M15: 0.98538991 | P15: CD20-m020 | Q15: A | S15: 0 | T15: 0.96341858 | U15: 0.98538991
B16: =VLOOKUP($C16,'REJOc Haplotypes'!$A$9:$BR$49,3,FALSE) -> A: D279A + N460D | C16: CD20-m022 | D16: =VLOOKUP($C16,'REJOc Haplotypes'!$A$9:$BR$49,4,FALSE) -> 39.688 | F16: =VLOOKUP($C16,'REJOc Haplotypes'!$A$9:$BR$49,5,FALSE) -> 3 | H16: =VLOOKUP(C16,'setpoint vl'!$A$1:$D$100,4,FALSE) -> 510268.82 | K16: 0 | L16: 0.99283234 | M16: 0.98057208 | P16: CD20-m022 | Q16: A | S16: 0 | T16: 0.99283234 | U16: 0.98057208
B17: =VLOOKUP($C17,'REJOc Haplotypes'!$A$9:$BR$49,3,FALSE) -> A: D279A + N460D | C17: CD46-m331 | D17: =VLOOKUP($C17,'REJOc Haplotypes'!$A$9:$BR$49,4,FALSE) -> 79.3527 | F17: =VLOOKUP($C17,'REJOc Haplotypes'!$A$9:$BR$49,5,FALSE) -> 5 | H17: =VLOOKUP(C17,'setpoint vl'!$A$1:$D$100,4,FALSE) -> 145787.78 | K17: 0 | L17: 0.9902507 | M17: 0.94694245 | P17: CD46-m331 | Q17: A | S17: 0 | T17: 0.9902507 | U17: 0.94694245
B18: =VLOOKUP($C18,'REJOc Haplotypes'!$A$9:$BR$49,3,FALSE) -> A: D279A + N460D | C18: CD5-m273 | D18: =VLOOKUP($C18,'REJOc Haplotypes'!$A$9:$BR$49,4,FALSE) -> 70.4947 | F18: =VLOOKUP($C18,'REJOc Haplotypes'!$A$9:$BR$49,5,FALSE) -> 8 | H18: =VLOOKUP(C18,'setpoint vl'!$A$1:$D$100,4,FALSE) -> 255968.86 | K18: 0 | L18: 0.97777778 | M18: 0.9296875 | P18: CD5-m273 | Q18: A | S18: 0 | T18: 0.97777778 | U18: 0.9296875
B19: =VLOOKUP($C19,'REJOc Haplotypes'!$A$9:$BR$49,3,FALSE) -> A: D279A + N460D | C19: CD20-m023 | D19: =VLOOKUP($C19,'REJOc Haplotypes'!$A$9:$BR$49,4,FALSE) -> 49.7479 | F19: =VLOOKUP($C19,'REJOc Haplotypes'!$A$9:$BR$49,5,FALSE) -> 4 | H19: =VLOOKUP(C19,'setpoint vl'!$A$1:$D$100,4,FALSE) -> 527848.31 | K19: 0 | L19: 0.99609953 | M19: 0.50078392 | P19: CD20-m023 | Q19: A | S19: 0 | T19: 0.99609953 | U19: 0.50078392
B20: =VLOOKUP($C20,'REJOc Haplotypes'!$A$9:$BR$49,3,FALSE) -> A: D279A + N460D | C20: CD20-m038 | D20: =VLOOKUP($C20,'REJOc Haplotypes'!$A$9:$BR$49,4,FALSE) -> 77.9718 | F20: =VLOOKUP($C20,'REJOc Haplotypes'!$A$9:$BR$49,5,FALSE) -> 8 | H20: =VLOOKUP(C20,'setpoint vl'!$A$1:$D$100,4,FALSE) -> 421531.52 | K20: 0 | L20: 0.99140647 | M20: 0.1458744 | P20: CD20-m038 | Q20: A | S20: 0 | T20: 0.99140647 | U20: 0.1458744
B21: =VLOOKUP($C21,'REJOc Haplotypes'!$A$9:$BR$49,3,FALSE) -> A: D279A + N460D | C21: CD20-m021 | D21: =VLOOKUP($C21,'REJOc Haplotypes'!$A$9:$BR$49,4,FALSE) -> 74.6133 | F21: =VLOOKUP($C21,'REJOc Haplotypes'!$A$9:$BR$49,5,FALSE) -> 4 | H21: =VLOOKUP(C21,'setpoint vl'!$A$1:$D$100,4,FALSE) -> 333799.53 | K21: 0 | L21: 0.9926449 | M21: 0.14478397 | P21: CD20-m021 | Q21: A | S21: 0 | T21: 0.9926449 | U21: 0.14478397
B22: =VLOOKUP($C22,'REJOc Haplotypes'!$A$9:$BR$49,3,FALSE) -> B: D279A + N276D | C22: CD5-m281 | D22: =VLOOKUP($C22,'REJOc Haplotypes'!$A$9:$BR$49,4,FALSE) -> 109.9856 | E22: =GEOMEAN(D22:D26) -> 68.523413 | F22: =VLOOKUP($C22,'REJOc Haplotypes'!$A$9:$BR$49,5,FALSE) -> 2 | G22: =GEOMEAN(F22:F26) -> 3.8980598 | H22: =VLOOKUP(C22,'setpoint vl'!$A$1:$D$100,4,FALSE) -> 122541.87 | I22: =GEOMEAN(H22:H26) -> 607192.33 | K22: 0.99570201 | L22: 0.99712644 | M22: 0 | P22: CD5-m281 | Q22: B | S22: 0.99570201 | T22: 0.99712644 | U22: 0
B23: =VLOOKUP($C23,'REJOc Haplotypes'!$A$9:$BR$49,3,FALSE) -> B: D279A + N276D | C23: CD5-m272 | D23: =VLOOKUP($C23,'REJOc Haplotypes'!$A$9:$BR$49,4,FALSE) -> 32.7447 | F23: =VLOOKUP($C23,'REJOc Haplotypes'!$A$9:$BR$49,5,FALSE) -> 5 | H23: =VLOOKUP(C23,'setpoint vl'!$A$1:$D$100,4,FALSE) -> 720801.07 | K23: 0.99567848 | L23: 0.99453237 | M23: 0 | P23: CD5-m272 | Q23: B | S23: 0.99567848 | T23: 0.99453237 | U23: 0
B24: =VLOOKUP($C24,'REJOc Haplotypes'!$A$9:$BR$49,3,FALSE) -> B: D279A + N276D | C24: CD21-m010 | D24: =VLOOKUP($C24,'REJOc Haplotypes'!$A$9:$BR$49,4,FALSE) -> 185.365 | F24: =VLOOKUP($C24,'REJOc Haplotypes'!$A$9:$BR$49,5,FALSE) -> 5 | H24: =VLOOKUP(C24,'setpoint vl'!$A$1:$D$100,4,FALSE) -> 798264.47 | K24: 0.99477377 | L24: 0.99236289 | M24: 0 | P24: CD21-m010 | Q24: B | S24: 0.99477377 | T24: 0.99236289 | U24: 0
B25: =VLOOKUP($C25,'REJOc Haplotypes'!$A$9:$BR$49,3,FALSE) -> B: D279A + N276D | C25: CD20-m028 | D25: =VLOOKUP($C25,'REJOc Haplotypes'!$A$9:$BR$49,4,FALSE) -> 65.932 | F25: =VLOOKUP($C25,'REJOc Haplotypes'!$A$9:$BR$49,5,FALSE) -> 6 | H25: =VLOOKUP(C25,'setpoint vl'!$A$1:$D$100,4,FALSE) -> 1244025.3 | K25: 0.72665037 | L25: 0.98327595 | M25: 0 | P25: CD20-m028 | Q25: B | S25: 0.72665037 | T25: 0.98327595 | U25: 0
B26: =VLOOKUP($C26,'REJOc Haplotypes'!$A$9:$BR$49,3,FALSE) -> B: D279A + N276D | C26: CD46-m332 | D26: =VLOOKUP($C26,'REJOc Haplotypes'!$A$9:$BR$49,4,FALSE) -> 34.3237 | F26: =VLOOKUP($C26,'REJOc Haplotypes'!$A$9:$BR$49,5,FALSE) -> 3 | H26: =VLOOKUP(C26,'setpoint vl'!$A$1:$D$100,4,FALSE) -> 940925.93 | K26: 0.36007326 | L26: 0.99175721 | M26: 0 | P26: CD46-m332 | Q26: B | S26: 0.36007326 | T26: 0.99175721 | U26: 0
B27: =VLOOKUP($C27,'REJOc Haplotypes'!$A$9:$BR$49,3,FALSE) -> C: D279A + Other | C27: CD20-m027 | D27: =VLOOKUP($C27,'REJOc Haplotypes'!$A$9:$BR$49,4,FALSE) -> 45.0467 | E27: =GEOMEAN(D27:D30) -> 57.622468 | F27: =VLOOKUP($C27,'REJOc Haplotypes'!$A$9:$BR$49,5,FALSE) -> 4 | G27: =GEOMEAN(F27:F30) -> 4.8645986 | H27: =VLOOKUP(C27,'setpoint vl'!$A$1:$D$100,4,FALSE) -> 297641.83 | I27: =GEOMEAN(H27:H30) -> 350756.93 | K27: 0 | L27: 0.99876847 | M27: 0 | P27: CD20-m027 | Q27: C | S27: 0 | T27: 0.99876847 | U27: 0
B28: =VLOOKUP($C28,'REJOc Haplotypes'!$A$9:$BR$49,3,FALSE) -> C: D279A + Other | C28: CD5-m263 | D28: =VLOOKUP($C28,'REJOc Haplotypes'!$A$9:$BR$49,4,FALSE) -> 32.966 | F28: =VLOOKUP($C28,'REJOc Haplotypes'!$A$9:$BR$49,5,FALSE) -> 7 | H28: =VLOOKUP(C28,'setpoint vl'!$A$1:$D$100,4,FALSE) -> 100475.34 | K28: 0 | L28: 0.99504281 | M28: 0 | P28: CD5-m263 | Q28: C | S28: 0 | T28: 0.99504281 | U28: 0
B29: =VLOOKUP($C29,'REJOc Haplotypes'!$A$9:$BR$49,3,FALSE) -> C: D279A + Other | C29: CD10-m880 | D29: =VLOOKUP($C29,'REJOc Haplotypes'!$A$9:$BR$49,4,FALSE) -> 75.5241 | F29: =VLOOKUP($C29,'REJOc Haplotypes'!$A$9:$BR$49,5,FALSE) -> 10 | H29: =VLOOKUP(C29,'setpoint vl'!$A$1:$D$100,4,FALSE) -> 792706.09 | K29: 0 | L29: 0.98674286 | M29: 0 | P29: CD10-m880 | Q29: C | S29: 0 | T29: 0.98674286 | U29: 0
B30: =VLOOKUP($C30,'REJOc Haplotypes'!$A$9:$BR$49,3,FALSE) -> C: D279A + Other | C30: CD5-m285 | D30: =VLOOKUP($C30,'REJOc Haplotypes'!$A$9:$BR$49,4,FALSE) -> 98.2998 | F30: =VLOOKUP($C30,'REJOc Haplotypes'!$A$9:$BR$49,5,FALSE) -> 2 | H30: =VLOOKUP(C30,'setpoint vl'!$A$1:$D$100,4,FALSE) -> 638497.79 | K30: 0 | L30: 0.61190476 | M30: 0 | P30: CD5-m285 | Q30: C | S30: 0 | T30: 0.61190476 | U30: 0
B31: =VLOOKUP($C31,'REJOc Haplotypes'!$A$9:$BR$49,3,FALSE) -> D: Other | C31: CD5-m260 | D31: =VLOOKUP($C31,'REJOc Haplotypes'!$A$9:$BR$49,4,FALSE) -> 20.088 | E31: =GEOMEAN(D31:D35) -> 36.151832 | F31: =VLOOKUP($C31,'REJOc Haplotypes'!$A$9:$BR$49,5,FALSE) -> 12 | G31: =GEOMEAN(F31:F35) -> 10.713163 | H31: =VLOOKUP(C31,'setpoint vl'!$A$1:$D$100,4,FALSE) -> 806206.6 | I31: =GEOMEAN(H31:H35) -> 236602.8 | K31: 0 | L31: 0 | M31: 0 | P31: CD5-m260 | Q31: D | S31: 0 | T31: 0 | U31: 0
B32: =VLOOKUP($C32,'REJOc Haplotypes'!$A$9:$BR$49,3,FALSE) -> D: Other | C32: CD5-m264 | D32: =VLOOKUP($C32,'REJOc Haplotypes'!$A$9:$BR$49,4,FALSE) -> 18.2003 | F32: =VLOOKUP($C32,'REJOc Haplotypes'!$A$9:$BR$49,5,FALSE) -> 4 | H32: =VLOOKUP(C32,'setpoint vl'!$A$1:$D$100,4,FALSE) -> 271203.9 | K32: 0 | L32: 0 | M32: 0 | P32: CD5-m264 | Q32: D | S32: 0 | T32: 0 | U32: 0
B33: =VLOOKUP($C33,'REJOc Haplotypes'!$A$9:$BR$49,3,FALSE) -> D: Other | C33: CD5-m269 | D33: =VLOOKUP($C33,'REJOc Haplotypes'!$A$9:$BR$49,4,FALSE) -> 33.6268 | F33: =VLOOKUP($C33,'REJOc Haplotypes'!$A$9:$BR$49,5,FALSE) -> 14 | H33: =VLOOKUP(C33,'setpoint vl'!$A$1:$D$100,4,FALSE) -> 199202.09 | K33: 0 | L33: 0 | M33: 0 | P33: CD5-m269 | Q33: D | S33: 0 | T33: 0 | U33: 0
B34: =VLOOKUP($C34,'REJOc Haplotypes'!$A$9:$BR$49,3,FALSE) -> D: Other | C34: CD46-m333 | D34: =VLOOKUP($C34,'REJOc Haplotypes'!$A$9:$BR$49,4,FALSE) -> 71.9408 | F34: =VLOOKUP($C34,'REJOc Haplotypes'!$A$9:$BR$49,5,FALSE) -> 14 | H34: =VLOOKUP(C34,'setpoint vl'!$A$1:$D$100,4,FALSE) -> 1293465.8 | K34: 0 | L34: 0 | M34: 0 | P34: CD46-m333 | Q34: D | S34: 0 | T34: 0 | U34: 0
B35: =VLOOKUP($C35,'REJOc Haplotypes'!$A$9:$BR$49,3,FALSE) -> D: Other | C35: CD20-m034 | D35: =VLOOKUP($C35,'REJOc Haplotypes'!$A$9:$BR$49,4,FALSE) -> 69.8193 | F35: =VLOOKUP($C35,'REJOc Haplotypes'!$A$9:$BR$49,5,FALSE) -> 15 | H35: =VLOOKUP(C35,'setpoint vl'!$A$1:$D$100,4,FALSE) -> 13161.588 | K35: 0 | L35: 0 | M35: 0 | P35: CD20-m034 | S35: 0 | T35: 0 | U35: 0
D38: 0 | F38: 2 | H38: 10000 | K38: 0 | Q38: D
D39: 200 | F39: 15 | H39: 1000000 | K39: 1

Sheet REJOc Haplotype Count
A3: Row Labels | B3: Count of Escape Path | C3: Count of Escape Path2 | E3: Scaled Escape | F3: Percent Explained
A4: A: D279A + N460D | B4: 11 | C4: 0.42307692 | D4: =B4/26 -> 0.42307692 | E4: =B4/SUM(B4,B5) -> 0.64705882 | F4: =SUM(B4:B5)/SUM(B4:B7) -> 0.65384615
A5: B: D279A + N276D | B5: 6 | C5: 0.23076923 | D5: =B5/26 -> 0.23076923 | E5: =B5/SUM(B4,B5) -> 0.35294118
A6: C: D279A + Other | B6: 4 | C6: 0.15384615 | D6: =B6/26 -> 0.15384615
A7: D: Other | B7: 5 | C7: 0.19230769 | D7: =B7/26 -> 0.19230769
A8: (blank) | C8: 0
A9: Grand Total | B9: 26 | C9: 1
C11: =SUM(C4:C7) -> 1 | D11: =42+23+15+19 -> 99

Sheet REJOc Haplotypes
I6: aa_pos | J6: 17 | K6: 48 | L6: 53 | M6: 96 | N6: 97 | O6: 112 | P6: 121 | Q6: 127 | R6: 142 | S6: 163 | T6: 166 | U6: 166 | V6: 168 | W6: 168 | X6: 171 | Y6: 193 | Z6: 199 | AA6: 203 | AB6: 235 | AC6: 261 | AD6: 276 | AE6: 277 | AF6: 280 | AG6: 280 | AH6: 282 | AI6: 285 | AJ6: 288 | AK6: 289 | AL6: 293 | AM6: 294 | AN6: 318 | AO6: 339 | AP6: 343 | AQ6: 348 | AR6: 353 | AS6: 354 | AT6: 361 | AU6: 362 | AV6: 364 | AW6: 397 | AX6: 408 | AY6: 432 | AZ6: 450 | BA6: 457 | BB6: 458 | BC6: 458 | BD6: 459 | BE6: 460 | BF6: 462 | BG6: 464 | BH6: 464 | BI6: 464 | BJ6: 464 | BK6: 473 | BL6: 476 | BM6: 476 | BN6: 480 | BO6: 505 | BP6: 538 | BQ6: 582 | BR6: 606 | BS6: 660 | BT6: 662 | BU6: 672 | BV6: 689 | BW6: 701 | BX6: 716 | BY6: 722 | BZ6: 723 | CA6: 727 | CB6: 745 | CC6: 762 | CD6: 783 | CE6: 821 | CF6: 839 | CG6: 839 | CH6: 849 | CI6: 853 | CJ6: 854
I7: HXB2_pos | J7: 18 | K7: 49 | L7: 54 | M7: 97 | N7: 98 | O7: 113 | P7: 122 | Q7: 128 | R7: 141 | S7: 162 | T7: 165 | U7: 165 | V7: 167 | W7: 167 | X7: 170 | Y7: 192 | Z7: 198 | AA7: 202 | AB7: 234 | AC7: 260 | AD7: 275 | AE7: 276 | AF7: 279 | AG7: 279 | AH7: 281 | AI7: 284 | AJ7: 287 | AK7: 288 | AL7: 292 | AM7: 293 | AN7: 319 | AO7: 339 | AP7: 343 | AQ7: 348 | AR7: 353 | AS7: 354 | AT7: 362 | AU7: 363 | AV7: 365 | AW7: 398 | AX7: 409 | AY7: 434 | AZ7: 452 | BA7: 459 | BB7: 460 | BC7: 460 | BD7: 461 | BE7: 462 | BF7: 464 | BG7: 465 | BH7: 465 | BI7: 465 | BJ7: 465 | BK7: 474 | BL7: 477 | BM7: 477 | BN7: 481 | BO7: 506 | BP7: 539 | BQ7: 583 | BR7: 607 | BS7: 661 | BT7: 663 | BU7: 673 | BV7: 690 | BW7: 702 | BX7: 717 | BY7: 723 | BZ7: 724 | CA7: 728 | CB7: 746 | CC7: 763 | CD7: 784 | CE7: 822 | CF7: 840 | CG7: 840 | CH7: 850 | CI7: 854 | CJ7: 855
I8: REJOc_aa | J8: G | K8: T | L8: C | M8: K | N8: S | O8: D | P8: L | Q8: T | R8: D | S8: T | T8: P | U8: P | V8: D | W8: D | X8: Q | Y8: R | Z8: T | AA8: T | AB8: N | AC8: L | AD8: E | AE8: N | AF8: D | AG8: D | AH8: A | AI8: I | AJ8: H | AK8: L | AL8: V | AM8: K | AN8: A | AO8: N | AP8: Q | AQ8: T | AR8: F | AS8: R | AT8: N | AU8: Q | AV8: S | AW8: N | AX8: E | AY8: I | AZ8: L | BA8: G | BB8: N | BC8: N | BD8: S | BE8: S | BF8: S | BG8: P | BH8: P | BI8: P | BJ8: P | BK8: D | BL8: D | BM8: D | BN8: S | BO8: V | BP8: V | BQ8: M | BR8: T | BS8: L | BT8: L | BU8: F | BV8: G | BW8: L | BX8: F | BY8: A | BZ8: P | CA8: D | CB8: G | CC8: L | CD8: L | CE8: V | CF8: L | CG8: L | CH8: G | CI8: A | CJ8: L
A9: Samples | B9: Escape Path ID | C9: Escape Path | D9: Geometric Mean Expression (mg/ml) | E9: Time to Escape (Weeks) | F9: Time of Sequencing | G9: Time After Escape | H9: Number of Mutations | I9: aa_alt | J9: S | K9: N | L9: C | M9: E | N9: N | O9: E | P9: I | Q9: N | R9: N | S9: P | T9: S | U9: Q | V9: G | W9: N | X9: Q | Y9: K | Z9: A | AA9: K | AB9: S | AC9: L | AD9: K | AE9: D | AF9: A | AG9: K | AH9: K | AI9: DEL | AJ9: Q | AK9: 0 | AL9: V | AM9: K | AN9: T | AO9: K | AP9: R | AQ9: A | AR9: Y | AS9: G | AT9: K | AU9: P | AV9: T | AW9: T | AX9: K | AY9: M | AZ9: M | BA9: D | BB9: D | BC9: S | BD9: N | BE9: G | BF9: N | BG9: T | BH9: S | BI9: H | BJ9: L | BK9: N | BL9: E | BM9: N | BN9: N | BO9: M | BP9: I | BQ9: I | BR9: T | BS9: L | BT9: L | BU9: V | BV9: G | BW9: Q | BX9: F | BY9: T | BZ9: P | CA9: N | CB9: G | CC9: L | CD9: L | CE9: S | CF9: F | CG9: S | CH9: G | CI9: A | CJ9: M
A10: CD5-m265 | B10: A | C10: =VLOOKUP(B10,'REJO.c Escape Paths'!$A$1:$C$5,3,FALSE) -> A: D279A + N460D | D10: =VLOOKUP(A10,Expression!$C$1:$D$462,2,FALSE) -> 37.9099 | E10: =VLOOKUP(A10,'REJOc Survival Analysis'!$A$1:$C$60,3,FALSE) -> 5 | F10: =VLOOKUP(A10,'sequencing metadata'!$A$1:$B$34,2,FALSE) -> 25 | G10: =F10-E10 -> 20 | H10: =COUNTIF(J10:CJ10,">.1") -> 10 | I10: CD5-m265 | J10: 0 | K10: 0 | L10: 0 | M10: 0 | N10: 0.86976744 | O10: 0 | P10: 0 | Q10: 0 | R10: 0 | S10: 0 | T10: 0 | U10: 0 | V10: 0 | W10: 0.48985801 | X10: 0 | Y10: 0.47968545 | Z10: 0 | AA10: 0 | AB10: 0 | AC10: 0 | AD10: 0 | AE10: 0 | AF10: 0.87471198 | AG10: 0.12125576 | AH10: 0 | AI10: 0 | AJ10: 0.25976769 | AK10: 0 | AL10: 0.25672372 | AM10: 0 | AN10: 0 | AO10: 0 | AP10: 0 | AQ10: 0 | AR10: 0 | AS10: 0 | AT10: 0.22915417 | AU10: 0 | AV10: 0 | AW10: 0 | AX10: 0.16235191 | AY10: 0 | AZ10: 0 | BA10: 0 | BB10: 0.99687744 | BC10: 0 | BD10: 0 | BE10: 0 | BF10: 0 | BG10: 0 | BH10: 0 | BI10: 0 | BJ10: 0 | BK10: 0 | BL10: 0 | BM10: 0 | BN10: 0 | BO10: 0 | BP10: 0 | BQ10: 0 | BR10: 0 | BS10: 0 | BT10: 0 | BU10: 0 | BV10: 0 | BW10: 0 | BX10: 0 | BY10: 0 | BZ10: 0 | CA10: 0 | CB10: 0 | CC10: 0 | CD10: 0 | CE10: 0 | CF10: 0 | CG10: 0 | CH10: 0 | CI10: 0 | CJ10: 0
A11: CD46-m336 | B11: A | C11: =VLOOKUP(B11,'REJO.c Escape Paths'!$A$1:$C$5,3,FALSE) -> A: D279A + N460D | D11: =VLOOKUP(A11,Expression!$C$1:$D$462,2,FALSE) -> 79.2136 | E11: =VLOOKUP(A11,'REJOc Survival Analysis'!$A$1:$C$60,3,FALSE) -> 4 | F11: =VLOOKUP(A11,'sequencing metadata'!$A$1:$B$34,2,FALSE) -> 24 | G11: =F11-E11 -> 20 | H11: =COUNTIF(J11:CJ11,">.1") -> 10 | I11: CD46-m336 | J11: 0 | K11: 0 | L11: 0 | M11: 0 | N11: 0.9951087 | O11: 0 | P11: 0 | Q11: 0 | R11: 0 | S11: 0 | T11: 0 | U11: 0 | V11: 0 | W11: 0.48346909 | X11: 0 | Y11: 0.16862839 | Z11: 0 | AA11: 0 | AB11: 0 | AC11: 0 | AD11: 0 | AE11: 0 | AF11: 0.99401632 | AG11: 0 | AH11: 0 | AI11: 0 | AJ11: 0 | AK11: 0 | AL11: 0 | AM11: 0 | AN11: 0 | AO11: 0 | AP11: 0 | AQ11: 0 | AR11: 0 | AS11: 0.18010292 | AT11: 0.32050029 | AU11: 0 | AV11: 0 | AW11: 0 | AX11: 0.19491035 | AY11: 0 | AZ11: 0 | BA11: 0 | BB11: 0.99540018 | BC11: 0 | BD11: 0 | BE11: 0 | BF11: 0.20998811 | BG11: 0 | BH11: 0 | BI11: 0 | BJ11: 0 | BK11: 0 | BL11: 0 | BM11: 0 | BN11: 0 | BO11: 0 | BP11: 0 | BQ11: 0.2267244 | BR11: 0 | BS11: 0 | BT11: 0 | BU11: 0 | BV11: 0 | BW11: 0 | BX11: 0 | BY11: 0 | BZ11: 0 | CA11: 0 | CB11: 0 | CC11: 0 | CD11: 0 | CE11: 0 | CF11: 0 | CG11: 0 | CH11: 0 | CI11: 0 | CJ11: 0
A12: CD20-m026 | B12: A | C12: =VLOOKUP(B12,'REJO.c Escape Paths'!$A$1:$C$5,3,FALSE) -> A: D279A + N460D | D12: =VLOOKUP(A12,Expression!$C$1:$D$462,2,FALSE) -> 49.6308 | E12: =VLOOKUP(A12,'REJOc Survival Analysis'!$A$1:$C$60,3,FALSE) -> 4 | F12: =VLOOKUP(A12,'sequencing metadata'!$A$1:$B$34,2,FALSE) -> 17 | G12: =F12-E12 -> 13 | H12: =COUNTIF(J12:CJ12,">.1") -> 4 | I12: CD20-m026 | J12: 0 | K12: 0 | L12: 0 | M12: 0 | N12: 0.7421981 | O12: 0 | P12: 0 | Q12: 0 | R12: 0 | S12: 0 | T12: 0 | U12: 0 | V12: 0 | W12: 0 | X12: 0 | Y12: 0 | Z12: 0 | AA12: 0 | AB12: 0 | AC12: 0 | AD12: 0 | AE12: 0 | AF12: 0.99584816 | AG12: 0 | AH12: 0 | AI12: 0 | AJ12: 0 | AK12: 0 | AL12: 0 | AM12: 0 | AN12: 0 | AO12: 0 | AP12: 0 | AQ12: 0 | AR12: 0 | AS12: 0 | AT12: 0 | AU12: 0 | AV12: 0 | AW12: 0 | AX12: 0.14009243 | AY12: 0 | AZ12: 0 | BA12: 0 | BB12: 0.98846947 | BC12: 0 | BD12: 0 | BE12: 0 | BF12: 0 | BG12: 0 | BH12: 0 | BI12: 0 | BJ12: 0 | BK12: 0 | BL12: 0 | BM12: 0 | BN12: 0 | BO12: 0 | BP12: 0 | BQ12: 0 | BR12: 0 | BS12: 0 | BT12: 0 | BU12: 0 | BV12: 0 | BW12: 0 | BX12: 0 | BY12: 0 | BZ12: 0 | CA12: 0 | CB12: 0 | CC12: 0 | CD12: 0 | CE12: 0 | CF12: 0 | CG12: 0 | CH12: 0 | CI12: 0 | CJ12: 0
A13: CD21-m017 | B13: A | C13: =VLOOKUP(B13,'REJO.c Escape Paths'!$A$1:$C$5,3,FALSE) -> A: D279A + N460D | D13: =VLOOKUP(A13,Expression!$C$1:$D$462,2,FALSE) -> 177.065 | E13: =VLOOKUP(A13,'REJOc Survival Analysis'!$A$1:$C$60,3,FALSE) -> 5 | F13: =VLOOKUP(A13,'sequencing metadata'!$A$1:$B$34,2,FALSE) -> 22 | G13: =F13-E13 -> 17 | H13: =COUNTIF(J13:CJ13,">.1") -> 12 | I13: CD21-m017 | J13: 0.24365208 | K13: 0 | L13: 0 | M13: 0 | N13: 0.99052242 | O13: 0 | P13: 0 | Q13: 0 | R13: 0 | S13: 0 | T13: 0 | U13: 0 | V13: 0 | W13: 0 | X13: 0 | Y13: 0 | Z13: 0 | AA13: 0 | AB13: 0 | AC13: 0 | AD13: 0 | AE13: 0 | AF13: 0.99166667 | AG13: 0 | AH13: 0 | AI13: 0 | AJ13: 0.24293702 | AK13: 0 | AL13: 0 | AM13: 0 | AN13: 0 | AO13: 0 | AP13: 0 | AQ13: 0.31888812 | AR13: 0 | AS13: 0 | AT13: 0.26345934 | AU13: 0 | AV13: 0 | AW13: 0 | AX13: 0 | AY13: 0.25214736 | AZ13: 0 | BA13: 0 | BB13: 0.98684211 | BC13: 0 | BD13: 0 | BE13: 0 | BF13: 0 | BG13: 0 | BH13: 0 | BI13: 0 | BJ13: 0 | BK13: 0 | BL13: 0 | BM13: 0 | BN13: 0 | BO13: 0 | BP13: 0 | BQ13: 0.24238411 | BR13: 0 | BS13: 0 | BT13: 0.99414303 | BU13: 0 | BV13: 0 | BW13: 0 | BX13: 0 | BY13: 0 | BZ13: 0 | CA13: 0.33697234 | CB13: 0 | CC13: 0 | CD13: 0 | CE13: 0 | CF13: 0 | CG13: 0 | CH13: 0 | CI13: 0 | CJ13: 0.98331194
A14: CD20-m020 | B14: A | C14: =VLOOKUP(B14,'REJO.c Escape Paths'!$A$1:$C$5,3,FALSE) -> A: D279A + N460D | D14: =VLOOKUP(A14,Expression!$C$1:$D$462,2,FALSE) -> 59.9141 | E14: =VLOOKUP(A14,'REJOc Survival Analysis'!$A$1:$C$60,3,FALSE) -> 3 | F14: =VLOOKUP(A14,'sequencing metadata'!$A$1:$B$34,2,FALSE) -> 18 | G14: =F14-E14 -> 15 | H14: =COUNTIF(J14:CJ14,">.1") -> 7 | I14: CD20-m020 | J14: 0.31366362 | K14: 0 | L14: 0 | M14: 0 | N14: 0.62283642 | O14: 0 | P14: 0 | Q14: 0 | R14: 0.9901727 | S14: 0 | T14: 0 | U14: 0 | V14: 0 | W14: 0 | X14: 0 | Y14: 0 | Z14: 0 | AA14: 0 | AB14: 0 | AC14: 0 | AD14: 0 | AE14: 0 | AF14: 0.96341858 | AG14: 0 | AH14: 0 | AI14: 0 | AJ14: 0 | AK14: 0 | AL14: 0 | AM14: 0 | AN14: 0 | AO14: 0 | AP14: 0 | AQ14: 0 | AR14: 0 | AS14: 0 | AT14: 0.99051676 | AU14: 0 | AV14: 0 | AW14: 0 | AX14: 0 | AY14: 0 | AZ14: 0 | BA14: 0 | BB14: 0.98538991 | BC14: 0 | BD14: 0 | BE14: 0 | BF14: 0 | BG14: 0 | BH14: 0 | BI14: 0 | BJ14: 0 | BK14: 0 | BL14: 0 | BM14: 0 | BN14: 0 | BO14: 0 | BP14: 0 | BQ14: 0.19271949 | BR14: 0 | BS14: 0 | BT14: 0 | BU14: 0 | BV14: 0 | BW14: 0 | BX14: 0 | BY14: 0 | BZ14: 0 | CA14: 0 | CB14: 0 | CC14: 0 | CD14: 0 | CE14: 0 | CF14: 0 | CG14: 0 | CH14: 0 | CI14: 0 | CJ14: 0
A15: CD20-m022 | B15: A | C15: =VLOOKUP(B15,'REJO.c Escape Paths'!$A$1:$C$5,3,FALSE) -> A: D279A + N460D | D15: =VLOOKUP(A15,Expression!$C$1:$D$462,2,FALSE) -> 39.688 | E15: =VLOOKUP(A15,'REJOc Survival Analysis'!$A$1:$C$60,3,FALSE) -> 3 | F15: =VLOOKUP(A15,'sequencing metadata'!$A$1:$B$34,2,FALSE) -> 19 | G15: =F15-E15 -> 16 | H15: =COUNTIF(J15:CJ15,">.1") -> 4 | I15: CD20-m022 | J15: 0 | K15: 0 | L15: 0 | M15: 0 | N15: 0.35964288 | O15: 0 | P15: 0 | Q15: 0 | R15: 0 | S15: 0 | T15: 0 | U15: 0 | V15: 0 | W15: 0 | X15: 0 | Y15: 0.2082931 | Z15: 0 | AA15: 0 | AB15: 0 | AC15: 0 | AD15: 0 | AE15: 0 | AF15: 0.99283234 | AG15: 0 | AH15: 0 | AI15: 0 | AJ15: 0 | AK15: 0 | AL15: 0 | AM15: 0 | AN15: 0 | AO15: 0 | AP15: 0 | AQ15: 0 | AR15: 0 | AS15: 0 | AT15: 0 | AU15: 0 | AV15: 0 | AW15: 0 | AX15: 0 | AY15: 0 | AZ15: 0 | BA15: 0 | BB15: 0.98057208 | BC15: 0 | BD15: 0 | BE15: 0 | BF15: 0 | BG15: 0 | BH15: 0 | BI15: 0 | BJ15: 0 | BK15: 0 | BL15: 0 | BM15: 0 | BN15: 0 | BO15: 0 | BP15: 0 | BQ15: 0 | BR15: 0 | BS15: 0 | BT15: 0 | BU15: 0 | BV15: 0 | BW15: 0 | BX15: 0 | BY15: 0 | BZ15: 0 | CA15: 0 | CB15: 0 | CC15: 0 | CD15: 0 | CE15: 0 | CF15: 0 | CG15: 0 | CH15: 0 | CI15: 0 | CJ15: 0
A16: CD46-m331 | B16: A | C16: =VLOOKUP(B16,'REJO.c Escape Paths'!$A$1:$C$5,3,FALSE) -> A: D279A + N460D | D16: =VLOOKUP(A16,Expression!$C$1:$D$462,2,FALSE) -> 79.3527 | E16: =VLOOKUP(A16,'REJOc Survival Analysis'!$A$1:$C$60,3,FALSE) -> 5 | F16: =VLOOKUP(A16,'sequencing metadata'!$A$1:$B$34,2,FALSE) -> 19 | G16: =F16-E16 -> 14 | H16: =COUNTIF(J16:CJ16,">.1") -> 8 | I16: CD46-m331 | J16: 0 | K16: 0 | L16: 0.997921 | M16: 0.16835017 | N16: 0.82706767 | O16: 0 | P16: 0 | Q16: 0 | R16: 0 | S16: 0 | T16: 0 | U16: 0 | V16: 0 | W16: 0 | X16: 0 | Y16: 0 | Z16: 0 | AA16: 0 | AB16: 0.33417722 | AC16: 0 | AD16: 0 | AE16: 0 | AF16: 0.9902507 | AG16: 0 | AH16: 0 | AI16: 0 | AJ16: 0 | AK16: 0 | AL16: 0 | AM16: 0 | AN16: 0 | AO16: 0 | AP16: 0 | AQ16: 0 | AR16: 0 | AS16: 0.56681223 | AT16: 0.18604651 | AU16: 0 | AV16: 0 | AW16: 0 | AX16: 0 | AY16: 0 | AZ16: 0 | BA16: 0 | BB16: 0.94694245 | BC16: 0 | BD16: 0 | BE16: 0 | BF16: 0 | BG16: 0 | BH16: 0 | BI16: 0 | BJ16: 0 | BK16: 0 | BL16: 0 | BM16: 0 | BN16: 0 | BO16: 0 | BP16: 0 | BQ16: 0 | BR16: 0 | BS16: 0 | BT16: 0 | BU16: 0 | BV16: 0 | BW16: 0 | BX16: 0 | BY16: 0 | BZ16: 0 | CA16: 0 | CB16: 0 | CC16: 0 | CD16: 0 | CE16: 0 | CF16: 0 | CG16: 0 | CH16: 0 | CI16: 0 | CJ16: 0
A17: CD5-m273 | B17: A | C17: =VLOOKUP(B17,'REJO.c Escape Paths'!$A$1:$C$5,3,FALSE) -> A: D279A + N460D | D17: =VLOOKUP(A17,Expression!$C$1:$D$462,2,FALSE) -> 70.4947 | E17: =VLOOKUP(A17,'REJOc Survival Analysis'!$A$1:$C$60,3,FALSE) -> 8 | F17: =VLOOKUP(A17,'sequencing metadata'!$A$1:$B$34,2,FALSE) -> 18 | G17: =F17-E17 -> 10 | H17: =COUNTIF(J17:CJ17,">.1") -> 4 | I17: CD5-m273 | J17: 0 | K17: 0 | L17: 0 | M17: 0 | N17: 0.13243762 | O17: 0 | P17: 0 | Q17: 0 | R17: 0 | S17: 0 | T17: 0 | U17: 0 | V17: 0 | W17: 0 | X17: 0 | Y17: 0 | Z17: 0 | AA17: 0 | AB17: 0 | AC17: 0 | AD17: 0 | AE17: 0 | AF17: 0.97777778 | AG17: 0 | AH17: 0 | AI17: 0 | AJ17: 0.38740458 | AK17: 0 | AL17: 0 | AM17: 0 | AN17: 0 | AO17: 0 | AP17: 0 | AQ17: 0 | AR17: 0 | AS17: 0 | AT17: 0 | AU17: 0 | AV17: 0 | AW17: 0 | AX17: 0 | AY17: 0 | AZ17: 0 | BA17: 0 | BB17: 0.9296875 | BC17: 0 | BD17: 0 | BE17: 0 | BF17: 0 | BG17: 0 | BH17: 0 | BI17: 0 | BJ17: 0 | BK17: 0 | BL17: 0 | BM17: 0 | BN17: 0 | BO17: 0 | BP17: 0 | BQ17: 0 | BR17: 0 | BS17: 0 | BT17: 0 | BU17: 0 | BV17: 0 | BW17: 0 | BX17: 0 | BY17: 0 | BZ17: 0 | CA17: 0 | CB17: 0 | CC17: 0 | CD17: 0 | CE17: 0 | CF17: 0 | CG17: 0 | CH17: 0 | CI17: 0 | CJ17: 0
A18: CD20-m023 | B18: A | C18: =VLOOKUP(B18,'REJO.c Escape Paths'!$A$1:$C$5,3,FALSE) -> A: D279A + N460D | D18: =VLOOKUP(A18,Expression!$C$1:$D$462,2,FALSE) -> 49.7479 | E18: =VLOOKUP(A18,'REJOc Survival Analysis'!$A$1:$C$60,3,FALSE) -> 4 | F18: =VLOOKUP(A18,'sequencing metadata'!$A$1:$B$34,2,FALSE) -> 12 | G18: =F18-E18 -> 8 | H18: =COUNTIF(J18:CJ18,">.1") -> 7 | I18: CD20-m023 | J18: 0 | K18: 0 | L18: 0 | M18: 0 | N18: 0 | O18: 0 | P18: 0 | Q18: 0 | R18: 0 | S18: 0 | T18: 0 | U18: 0 | V18: 0 | W18: 0 | X18: 0 | Y18: 0 | Z18: 0 | AA18: 0 | AB18: 0 | AC18: 0 | AD18: 0 | AE18: 0 | AF18: 0.99609953 | AG18: 0 | AH18: 0 | AI18: 0 | AJ18: 0 | AK18: 0 | AL18: 0 | AM18: 0 | AN18: 0 | AO18: 0 | AP18: 0 | AQ18: 0 | AR18: 0 | AS18: 0 | AT18: 0 | AU18: 0 | AV18: 0 | AW18: 0 | AX18: 0 | AY18: 0 | AZ18: 0 | BA18: 0 | BB18: 0.50078392 | BC18: 0.35198119 | BD18: 0 | BE18: 0 | BF18: 0 | BG18: 0 | BH18: 0 | BI18: 0 | BJ18: 0 | BK18: 0 | BL18: 0 | BM18: 0 | BN18: 0 | BO18: 0 | BP18: 0 | BQ18: 0 | BR18: 0 | BS18: 0 | BT18: 0 | BU18: 0 | BV18: 0 | BW18: 0 | BX18: 0 | BY18: 0 | BZ18: 0 | CA18: 0 | CB18: 0 | CC18: 0 | CD18: 0.339866 | CE18: 0.25093671 | CF18: 0 | CG18: 0.3033737 | CH18: 0.21440875 | CI18: 0 | CJ18: 0
A19: CD20-m038 | B19: A | C19: =VLOOKUP(B19,'REJO.c Escape Paths'!$A$1:$C$5,3,FALSE) -> A: D279A + N460D | D19: =VLOOKUP(A19,Expression!$C$1:$D$462,2,FALSE) -> 77.9718 | E19: =VLOOKUP(A19,'REJOc Survival Analysis'!$A$1:$C$60,3,FALSE) -> 8 | F19: =VLOOKUP(A19,'sequencing metadata'!$A$1:$B$34,2,FALSE) -> 17 | G19: =F19-E19 -> 9 | H19: =COUNTIF(J19:CJ19,">.1") -> 4 | I19: CD20-m038 | J19: 0 | K19: 0 | L19: 0 | M19: 0 | N19: 0.64925568 | O19: 0 | P19: 0 | Q19: 0 | R19: 0 | S19: 0 | T19: 0 | U19: 0 | V19: 0 | W19: 0 | X19: 0 | Y19: 0 | Z19: 0 | AA19: 0 | AB19: 0 | AC19: 0 | AD19: 0 | AE19: 0 | AF19: 0.99140647 | AG19: 0 | AH19: 0 | AI19: 0 | AJ19: 0 | AK19: 0 | AL19: 0 | AM19: 0 | AN19: 0 | AO19: 0 | AP19: 0 | AQ19: 0 | AR19: 0 | AS19: 0 | AT19: 0 | AU19: 0 | AV19: 0 | AW19: 0 | AX19: 0 | AY19: 0 | AZ19: 0 | BA19: 0.72065418 | BB19: 0.1458744 | BC19: 0 | BD19: 0 | BE19: 0 | BF19: 0 | BG19: 0 | BH19: 0 | BI19: 0 | BJ19: 0 | BK19: 0 | BL19: 0 | BM19: 0 | BN19: 0 | BO19: 0 | BP19: 0 | BQ19: 0 | BR19: 0 | BS19: 0 | BT19: 0 | BU19: 0 | BV19: 0 | BW19: 0 | BX19: 0 | BY19: 0 | BZ19: 0 | CA19: 0 | CB19: 0 | CC19: 0 | CD19: 0 | CE19: 0 | CF19: 0 | CG19: 0 | CH19: 0 | CI19: 0 | CJ19: 0
A20: CD20-m021 | B20: A | C20: =VLOOKUP(B20,'REJO.c Escape Paths'!$A$1:$C$5,3,FALSE) -> A: D279A + N460D | D20: =VLOOKUP(A20,Expression!$C$1:$D$462,2,FALSE) -> 74.6133 | E20: =VLOOKUP(A20,'REJOc Survival Analysis'!$A$1:$C$60,3,FALSE) -> 4 | F20: =VLOOKUP(A20,'sequencing metadata'!$A$1:$B$34,2,FALSE) -> 20 | G20: =F20-E20 -> 16 | H20: =COUNTIF(J20:CJ20,">.1") -> 11 | I20: CD20-m021 | J20: 0 | K20: 0 | L20: 0 | M20: 0.52473629 | N20: 0.9860223 | O20: 0 | P20: 0 | Q20: 0 | R20: 0 | S20: 0 | T20: 0 | U20: 0 | V20: 0 | W20: 0.26851336 | X20: 0 | Y20: 0 | Z20: 0 | AA20: 0 | AB20: 0.13901345 | AC20: 0 | AD20: 0 | AE20: 0 | AF20: 0.9926449 | AG20: 0 | AH20: 0 | AI20: 0 | AJ20: 0 | AK20: 0 | AL20: 0 | AM20: 0 | AN20: 0 | AO20: 0 | AP20: 0 | AQ20: 0 | AR20: 0.27401243 | AS20: 0 | AT20: 0.16364259 | AU20: 0 | AV20: 0 | AW20: 0 | AX20: 0 | AY20: 0 | AZ20: 0 | BA20: 0.30905849 | BB20: 0.14478397 | BC20: 0.53760573 | BD20: 0 | BE20: 0 | BF20: 0 | BG20: 0 | BH20: 0 | BI20: 0 | BJ20: 0 | BK20: 0 | BL20: 0 | BM20: 0 | BN20: 0 | BO20: 0 | BP20: 0 | BQ20: 0 | BR20: 0 | BS20: 0 | BT20: 0 | BU20: 0 | BV20: 0 | BW20: 0 | BX20: 0 | BY20: 0 | BZ20: 0 | CA20: 0 | CB20: 0 | CC20: 0.99429961 | CD20: 0 | CE20: 0 | CF20: 0 | CG20: 0 | CH20: 0 | CI20: 0 | CJ20: 0
A21: CD5-m281 | B21: B | C21: =VLOOKUP(B21,'REJO.c Escape Paths'!$A$1:$C$5,3,FALSE) -> B: D279A + N276D | D21: =VLOOKUP(A21,Expression!$C$1:$D$462,2,FALSE) -> 109.9856 | E21: =VLOOKUP(A21,'REJOc Survival Analysis'!$A$1:$C$60,3,FALSE) -> 2 | F21: =VLOOKUP(A21,'sequencing metadata'!$A$1:$B$34,2,FALSE) -> 20 | G21: =F21-E21 -> 18 | H21: =COUNTIF(J21:CJ21,">.1") -> 5 | I21: CD5-m281 | J21: 0 | K21: 0 | L21: 0 | M21: 0 | N21: 0.99701937 | O21: 0 | P21: 0 | Q21: 0 | R21: 0 | S21: 0 | T21: 0 | U21: 0 | V21: 0 | W21: 0 | X21: 0 | Y21: 0 | Z21: 0 | AA21: 0 | AB21: 0 | AC21: 0 | AD21: 0 | AE21: 0.99570201 | AF21: 0.99712644 | AG21: 0 | AH21: 0 | AI21: 0 | AJ21: 0 | AK21: 0 | AL21: 0 | AM21: 0 | AN21: 0 | AO21: 0 | AP21: 0 | AQ21: 0 | AR21: 0 | AS21: 0 | AT21: 0 | AU21: 0 | AV21: 0 | AW21: 0 | AX21: 0 | AY21: 0 | AZ21: 0 | BA21: 0 | BB21: 0 | BC21: 0 | BD21: 0.99517491 | BE21: 0 | BF21: 0 | BG21: 0 | BH21: 0 | BI21: 0 | BJ21: 0 | BK21: 0 | BL21: 0 | BM21: 0 | BN21: 0 | BO21: 0 | BP21: 0 | BQ21: 0 | BR21: 0 | BS21: 0 | BT21: 0 | BU21: 0 | BV21: 0 | BW21: 0 | BX21: 0 | BY21: 0.62894818 | BZ21: 0 | CA21: 0 | CB21: 0 | CC21: 0 | CD21: 0 | CE21: 0 | CF21: 0 | CG21: 0 | CH21: 0 | CI21: 0 | CJ21: 0
... A35: CD20-m034 | B35: D | C35: =VLOOKUP(B35,'REJO.c Escape Paths'!$A$1:$C$5,3,FALSE) -> D: Other | D35: =VLOOKUP(A35,Expression!$C$1:$D$462,2,FALSE) -> 69.8193 | E35: =VLOOKUP(A35,'REJOc Survival Analysis'!$A$1:$C$60,3,FALSE) -> 15 | F35: =VLOOKUP(A35,'sequencing metadata'!$A$1:$B$34,2,FALSE) -> 20 | G35: =F35-E35 -> 5 | H35: =COUNTIF(J35:CJ35,">.1") -> 7 | I35: CD20-m034 | J35: 0 | K35: 0 | L35: 0 | M35: 0 | N35: 0 | O35: 0 | P35: 0 | Q35: 0 | R35: 0 | S35: 0 | T35: 0 | U35: 0 | V35: 0 | W35: 0 | X35: 0 | Y35: 0 | Z35: 0 | AA35: 0 | AB35: 0 | AC35: 0 | AD35: 0 | AE35: 0 | AF35: 0 | AG35: 0 | AH35: 0 | AI35: 0 | AJ35: 0 | AK35: 0 | AL35: 0 | AM35: 0.31544703 | AN35: 0 | AO35: 0 | AP35: 0 | AQ35: 0 | AR35: 0 | AS35: 0 | AT35: 0 | AU35: 0 | AV35: 0 | AW35: 0 | AX35: 0 | AY35: 0 | AZ35: 0 | BA35: 0 | BB35: 0 | BC35: 0 | BD35: 0 | BE35: 0 | BF35: 0.32704387 | BG35: 0.74587208 | BH35: 0.16399438 | BI35: 0 | BJ35: 0 | BK35: 0 | BL35: 0 | BM35: 0.9105171 | BN35: 0 | BO35: 0 | BP35: 0 | BQ35: 0 | BR35: 0 | BS35: 0.30125038 | BT35: 0 | BU35: 0 | BV35: 0 | BW35: 0 | BX35: 0.14124549 | BY35: 0 | BZ35: 0 | CA35: 0 | CB35: 0 | CC35: 0 | CD35: 0 | CE35: 0 | CF35: 0 | CG35: 0 | CH35: 0 | CI35: 0 | CJ35: 0

Sheet REJO.c Escape Paths
A1: Escape Path ID | B1: Escape Path | C1: Escape Path + ID
A2: A | B2: D279A + N460D | C2: =_xlfn.CONCAT(A2,": ",B2) -> A: D279A + N460D
A3: B | B3: D279A + N276D | C3: =_xlfn.CONCAT(A3,": ",B3) -> B: D279A + N276D
A4: C | B4: D279A + Other | C4: =_xlfn.CONCAT(A4,": ",B4) -> C: D279A + Other
A5: D | B5: Other | C5: =_xlfn.CONCAT(A5,": ",B5) -> D: Other

Sheet REJOc Raw 0.1
B1: aa_pos | C1: HXB2_pos | D1: REJOc_aa | E1: HXB2_aa | F1: Syn | G1: aa_alt | H1: CD10-m880 | I1: CD20-m020 | J1: CD20-m021 | K1: CD20-m022 | L1: CD20-m023 | M1: CD20-m026 | N1: CD20-m027 | O1: CD20-m028 | P1: CD20-m034 | Q1: CD20-m038 | R1: CD21-m010 | S1: CD21-m017 | T1: CD46-m331 | U1: CD46-m332 | V1: CD46-m333 | W1: CD46-m334 | X1: CD46-m336 | Y1: CD46-m339 | Z1: CD46-m340 | AA1: CD5-m260 | AB1: CD5-m263 | AC1: CD5-m264 | AD1: CD5-m265 | AE1: CD5-m269 | AF1: CD5-m272 | AG1: CD5-m273 | AH1: CD5-m281 | AI1: CD5-m285 | AJ1: Score
A2: 0 | B2: 1 | C2: 1 | D2: M | E2: M | F2: =D2=G2 -> FALSE | G2: 0 | H2: 0 | I2: 0 | J2: 0 | K2: 0 | L2: 0 | M2: 0 | N2: 0 | O2: 0 | P2: 0 | Q2: 0 | R2: 0 | S2: 0 | T2: 0 | U2: 0 | V2: 0 | W2: 0 | X2: 0 | Y2: 0 | Z2: 0 | AA2: 0 | AB2: 0 | AC2: 0 | AD2: 0 | AE2: 0 | AF2: 0 | AG2: 0 | AH2: 0 | AI2: 0 | AJ2: =COUNTIF(H2:AI2,">0.1") -> 0
A3: 1 | B3: 2 | C3: 2 | D3: K | E3: R | F3: =D3=G3 -> FALSE | G3: 0 | H3: 0 | I3: 0 | J3: 0 | K3: 0 | L3: 0 | M3: 0 | N3: 0 | O3: 0 | P3: 0 | Q3: 0 | R3: 0 | S3: 0 | T3: 0 | U3: 0 | V3: 0 | W3: 0 | X3: 0 | Y3: 0 | Z3: 0 | AA3: 0 | AB3: 0 | AC3: 0 | AD3: 0 | AE3: 0 | AF3: 0 | AG3: 0 | AH3: 0 | AI3: 0 | AJ3: =COUNTIF(H3:AI3,">0.25") -> 0
A4: 2 | B4: 3 | C4: 3 | D4: V | E4: V | F4: =D4=G4 -> FALSE | G4: 0 | H4: 0 | I4: 0 | J4: 0 | K4: 0 | L4: 0 | M4: 0 | N4: 0 | O4: 0 | P4: 0 | Q4: 0 | R4: 0 | S4: 0 | T4: 0 | U4: 0 | V4: 0 | W4: 0 | X4: 0 | Y4: 0 | Z4: 0 | AA4: 0 | AB4: 0 | AC4: 0 | AD4: 0 | AE4: 0 | AF4: 0 | AG4: 0 | AH4: 0 | AI4: 0 | AJ4: =COUNTIF(H4:AI4,">0.25") -> 0
A5: 3 | B5: 4 | C5: 4 | D5: K | E5: K | F5: =D5=G5 -> FALSE | G5: 0 | H5: 0 | I5: 0 | J5: 0 | K5: 0 | L5: 0 | M5: 0 | N5: 0 | O5: 0 | P5: 0 | Q5: 0 | R5: 0 | S5: 0 | T5: 0 | U5: 0 | V5: 0 | W5: 0 | X5: 0 | Y5: 0 | Z5: 0 | AA5: 0 | AB5: 0 | AC5: 0 | AD5: 0 | AE5: 0 | AF5: 0 | AG5: 0 | AH5: 0 | AI5: 0 | AJ5: =COUNTIF(H5:AI5,">0.25") -> 0
A6: 4 | B6: 5 | C6: 4a | D6: G | E6: - | F6: =D6=G6 -> FALSE | G6: R | H6: 0 | I6: 0 | J6: 0 | K6: 0 | L6: 0 | M6: 0 | N6: 0.15284974 | O6: 0 | P6: 0 | Q6: 0 | R6: 0 | S6: 0 | T6: 0 | U6: 0 | V6: 0 | W6: 0 | X6: 0 | Y6: 0 | Z6: 0 | AA6: 0 | AB6: 0 | AC6: 0 | AD6: 0 | AE6: 0 | AF6: 0 | AG6: 0 | AH6: 0 | AI6: 0 | AJ6: =COUNTIF(H6:AI6,">0.25") -> 0
A7: 5 | B7: 6 | C7: 4b | D7: I | E7: - | F7: =D7=G7 -> FALSE | G7: 0 | H7: 0 | I7: 0 | J7: 0 | K7: 0 | L7: 0 | M7: 0 | N7: 0 | O7: 0 | P7: 0 | Q7: 0 | R7: 0 | S7: 0 | T7: 0 | U7: 0 | V7: 0 | W7: 0 | X7: 0 | Y7: 0 | Z7: 0 | AA7: 0 | AB7: 0 | AC7: 0 | AD7: 0 | AE7: 0 | AF7: 0 | AG7: 0 | AH7: 0 | AI7: 0 | AJ7: =COUNTIF(H7:AI7,">0.25") -> 0
A8: 6 | B8: 7 | C8: 4c | D8: R | E8: - | F8: =D8=G8 -> FALSE | G8: K | H8: 0 | I8: 0 | J8: 0 | K8: 0 | L8: 0 | M8: 0 | N8: 0 | O8: 0 | P8: 0 | Q8: 0 | R8: 0 | S8: 0 | T8: 0 | U8: 0 | V8: 0 | W8: 0 | X8: 0 | Y8: 0 | Z8: 0 | AA8: 0 | AB8: 0 | AC8: 0 | AD8: 0.23738872 | AE8: 0 | AF8: 0 | AG8: 0 | AH8: 0 | AI8: 0 | AJ8: =COUNTIF(H8:AI8,">0.25") -> 0
A9: 7 | B9: 7 | C9: 4c | D9: R | E9: - | F9: =D9=G9 -> TRUE | G9: R | H9: 0 | I9: 0 | J9: 0 | K9: 0 | L9: 0 | M9: 0 | N9: 0 | O9: 0 | P9: 0 | Q9: 0 | R9: 0 | S9: 0 | T9: 0 | U9: 0 | V9: 0 | W9: 0 | X9: 0 | Y9: 0 | Z9: 0 | AA9: 0 | AB9: 0 | AC9: 0 | AD9: 0.1305638 | AE9: 0 | AF9: 0 | AG9: 0 | AH9: 0 | AI9: 0 | AJ9: =COUNTIF(H9:AI9,">0.25") -> 0
A10: 8 | B10: 8 | C10: 5 | D10: R | E10: E | F10: =D10=G10 -> FALSE | G10: 0 | H10: 0 | I10: 0 | J10: 0 | K10: 0 | L10: 0 | M10: 0 | N10: 0 | O10: 0 | P10: 0 | Q10: 0 | R10: 0 | S10: 0 | T10: 0 | U10: 0 | V10: 0 | W10: 0 | X10: 0 | Y10: 0 | Z10: 0 | AA10: 0 | AB10: 0 | AC10: 0 | AD10: 0 | AE10: 0 | AF10: 0 | AG10: 0 | AH10: 0 | AI10: 0 | AJ10: =COUNTIF(H10:AI10,">0.25") -> 0
A11: 9 | B11: 9 | C11: 6 | D11: N | E11: K | F11: =D11=G11 -> FALSE | G11: 0 | H11: 0 | I11: 0 | J11: 0 | K11: 0 | L11: 0 | M11: 0 | N11: 0 | O11: 0 | P11: 0 | Q11: 0 | R11: 0 | S11: 0 | T11: 0 | U11: 0 | V11: 0 | W11: 0 | X11: 0 | Y11: 0 | Z11: 0 | AA11: 0 | AB11: 0 | AC11: 0 | AD11: 0 | AE11: 0 | AF11: 0 | AG11: 0 | AH11: 0 | AI11: 0 | AJ11: =COUNTIF(H11:AI11,">0.25") -> 0
A12: 10 | B12: 10 | C12: 7 | D12: Y | E12: Y | F12: =D12=G12 -> FALSE | G12: 0 | H12: 0 | I12: 0 | J12: 0 | K12: 0 | L12: 0 | M12: 0 | N12: 0 | O12: 0 | P12: 0 | Q12: 0 | R12: 0 | S12: 0 | T12: 0 | U12: 0 | V12: 0 | W12: 0 | X12: 0 | Y12: 0 | Z12: 0 | AA12: 0 | AB12: 0 | AC12: 0 | AD12: 0 | AE12: 0 | AF12: 0 | AG12: 0 | AH12: 0 | AI12: 0 | AJ12: =COUNTIF(H12:AI12,">0.25") -> 0
A13: 11 | B13: 11 | C13: 8 | D13: Q | E13: Q | F13: =D13=G13 -> FALSE | G13: 0 | H13: 0 | I13: 0 | J13: 0 | K13: 0 | L13: 0 | M13: 0 | N13: 0 | O13: 0 | P13: 0 | Q13: 0 | R13: 0 | S13: 0 | T13: 0 | U13: 0 | V13: 0 | W13: 0 | X13: 0 | Y13: 0 | Z13: 0 | AA13: 0 | AB13: 0 | AC13: 0 | AD13: 0 | AE13: 0 | AF13: 0 | AG13: 0 | AH13: 0 | AI13: 0 | AJ13: =COUNTIF(H13:AI13,">0.25") -> 0
A14: 12 | B14: 12 | C14: 9 | D14: H | E14: H | F14: =D14=G14 -> FALSE | G14: 0 | H14: 0 | I14: 0 | J14: 0 | K14: 0 | L14: 0 | M14: 0 | N14: 0 | O14: 0 | P14: 0 | Q14: 0 | R14: 0 | S14: 0 | T14: 0 | U14: 0 | V14: 0 | W14: 0 | X14: 0 | Y14: 0 | Z14: 0 | AA14: 0 | AB14: 0 | AC14: 0 | AD14: 0 | AE14: 0 | AF14: 0 | AG14: 0 | AH14: 0 | AI14: 0 | AJ14: =COUNTIF(H14:AI14,">0.25") -> 0
A15: 13 | B15: 13 | C15: 10 | D15: L | E15: L | F15: =D15=G15 -> TRUE | G15: L | H15: 0 | I15: 0 | J15: 0 | K15: 0 | L15: 0 | M15: 0 | N15: 0 | O15: 0 | P15: 0 | Q15: 0 | R15: 0 | S15: 0.16634554 | T15: 0 | U15: 0 | V15: 0 | W15: 0 | X15: 0 | Y15: 0 | Z15: 0 | AA15: 0 | AB15: 0 | AC15: 0 | AD15: 0 | AE15: 0 | AF15: 0 | AG15: 0 | AH15: 0 | AI15: 0 | AJ15: =COUNTIF(H15:AI15,">0.25") -> 0
A16: 14 | B16: 14 | C16: 11 | D16: W | E16: W | F16: =D16=G16 -> FALSE | G16: 0 | H16: 0 | I16: 0 | J16: 0 | K16: 0 | L16: 0 | M16: 0 | N16: 0 | O16: 0 | P16: 0 | Q16: 0 | R16: 0 | S16: 0 | T16: 0 | U16: 0 | V16: 0 | W16: 0 | X16: 0 | Y16: 0 | Z16: 0 | AA16: 0 | AB16: 0 | AC16: 0 | AD16: 0 | AE16: 0 | AF16: 0 | AG16: 0 | AH16: 0 | AI16: 0 | AJ16: =COUNTIF(H16:AI16,">0.25") -> 0
A17: 15 | B17: 15 | C17: 12 | D17: R | E17: R | F17: =D17=G17 -> FALSE | G17: S | H17: 0 | I17: 0 | J17: 0 | K17: 0 | L17: 0 | M17: 0 | N17: 0 | O17: 0 | P17: 0 | Q17: 0 | R17: 0 | S17: 0.18597561 | T17: 0 | U17: 0 | V17: 0 | W17: 0 | X17: 0 | Y17: 0 | Z17: 0 | AA17: 0 | AB17: 0 | AC17: 0 | AD17: 0 | AE17: 0 | AF17: 0 | AG17: 0 | AH17: 0 | AI17: 0 | AJ17: =COUNTIF(H17:AI17,">0.25") -> 0
A18: 16 | B18: 15a | C18: 13 | D18: - | E18: W | F18: =D18=G18 -> FALSE | G18: 0 | H18: 0 | I18: 0 | J18: 0 | K18: 0 | L18: 0 | M18: 0 | N18: 0 | O18: 0 | P18: 0 | Q18: 0 | R18: 0 | S18: 0 | T18: 0 | U18: 0 | V18: 0 | W18: 0 | X18: 0 | Y18: 0 | Z18: 0 | AA18: 0 | AB18: 0 | AC18: 0 | AD18: 0 | AE18: 0 | AF18: 0 | AG18: 0 | AH18: 0 | AI18: 0 | AJ18: =COUNTIF(H18:AI18,">0.25") -> 0
A19: 17 | B19: 15b | C19: 14 | D19: - | E19: G | F19: =D19=G19 -> FALSE | G19: 0 | H19: 0 | I19: 0 | J19: 0 | K19: 0 | L19: 0 | M19: 0 | N19: 0 | O19: 0 | P19: 0 | Q19: 0 | R19: 0 | S19: 0 | T19: 0 | U19: 0 | V19: 0 | W19: 0 | X19: 0 | Y19: 0 | Z19: 0 | AA19: 0 | AB19: 0 | AC19: 0 | AD19: 0 | AE19: 0 | AF19: 0 | AG19: 0 | AH19: 0 | AI19: 0 | AJ19: =COUNTIF(H19:AI19,">0.25") -> 0
A20: 18 | B20: 15c | C20: 15 | D20: - | E20: W | F20: =D20=G20 -> FALSE | G20: 0 | H20: 0 | I20: 0 | J20: 0 | K20: 0 | L20: 0 | M20: 0 | N20: 0 | O20: 0 | P20: 0 | Q20: 0 | R20: 0 | S20: 0 | T20: 0 | U20: 0 | V20: 0 | W20: 0 | X20: 0 | Y20: 0 | Z20: 0 | AA20: 0 | AB20: 0 | AC20: 0 | AD20: 0 | AE20: 0 | AF20: 0 | AG20: 0 | AH20: 0 | AI20: 0 | AJ20: =COUNTIF(H20:AI20,">0.25") -> 0
A21: 19 | B21: 15d | C21: 16 | D21: - | E21: R | F21: =D21=G21 -> FALSE | G21: 0 | H21: 0 | I21: 0 | J21: 0 | K21: 0 | L21: 0 | M21: 0 | N21: 0 | O21: 0 | P21: 0 | Q21: 0 | R21: 0 | S21: 0 | T21: 0 | U21: 0 | V21: 0 | W21: 0 | X21: 0 | Y21: 0 | Z21: 0 | AA21: 0 | AB21: 0 | AC21: 0 | AD21: 0 | AE21: 0 | AF21: 0 | AG21: 0 | AH21: 0 | AI21: 0 | AJ21: =COUNTIF(H21:AI21,">0.25") -> 0
A22: 20 | B22: 16 | C22: 17 | D22: W | E22: W | F22: =D22=G22 -> FALSE | G22: 0 | H22: 0 | I22: 0 | J22: 0 | K22: 0 | L22: 0 | M22: 0 | N22: 0 | O22: 0 | P22: 0 | Q22: 0 | R22: 0 | S22: 0 | T22: 0 | U22: 0 | V22: 0 | W22: 0 | X22: 0 | Y22: 0 | Z22: 0 | AA22: 0 | AB22: 0 | AC22: 0 | AD22: 0 | AE22: 0 | AF22: 0 | AG22: 0 | AH22: 0 | AI22: 0 | AJ22: =COUNTIF(H22:AI22,">0.25") -> 0
A23: 21 | B23: 17 | C23: 18 | D23: G | E23: G | F23: =D23=G23 -> FALSE | G23: S | H23: 0 | I23: 0.31366362 | J23: 0 | K23: 0 | L23: 0 | M23: 0 | N23: 0 | O23: 0 | P23: 0 | Q23: 0 | R23: 0 | S23: 0.24365208 | T23: 0 | U23: 0 | V23: 0 | W23: 0 | X23: 0 | Y23: 0 | Z23: 0 | AA23: 0 | AB23: 0 | AC23: 0 | AD23: 0 | AE23: 0 | AF23: 0 | AG23: 0 | AH23: 0 | AI23: 0 | AJ23: =COUNTIF(H23:AI23,">0.25") -> 1
A24: 22 | B24: 18 | C24: 19 | D24: I | E24: T | F24: =D24=G24 -> FALSE | G24: 0 | H24: 0 | I24: 0 | J24: 0 | K24: 0 | L24: 0 | M24: 0 | N24: 0 | O24: 0 | P24: 0 | Q24: 0 | R24: 0 | S24: 0 | T24: 0 | U24: 0 | V24: 0 | W24: 0 | X24: 0 | Y24: 0 | Z24: 0 | AA24: 0 | AB24: 0 | AC24: 0 | AD24: 0 | AE24: 0 | AF24: 0 | AG24: 0 | AH24: 0 | AI24: 0 | AJ24: =COUNTIF(H24:AI24,">0.25") -> 0
A25: 23 | B25: 19 | C25: 20 | D25: M | E25: M | F25: =D25=G25 -> FALSE | G25: 0 | H25: 0 | I25: 0 | J25: 0 | K25: 0 | L25: 0 | M25: 0 | N25: 0 | O25: 0 | P25: 0 | Q25: 0 | R25: 0 | S25: 0 | T25: 0 | U25: 0 | V25: 0 | W25: 0 | X25: 0 | Y25: 0 | Z25: 0 | AA25: 0 | AB25: 0 | AC25: 0 | AD25: 0 | AE25: 0 | AF25: 0 | AG25: 0 | AH25: 0 | AI25: 0 | AJ25: =COUNTIF(H25:AI25,">0.25") -> 0
A26: 24 | B26: 20 | C26: 21 | D26: L | E26: L | F26: =D26=G26 -> FALSE | G26: 0 | H26: 0 | I26: 0 | J26: 0 | K26: 0 | L26: 0 | M26: 0 | N26: 0 | O26: 0 | P26: 0 | Q26: 0 | R26: 0 | S26: 0 | T26: 0 | U26: 0 | V26: 0 | W26: 0 | X26: 0 | Y26: 0 | Z26: 0 | AA26: 0 | AB26: 0 | AC26: 0 | AD26: 0 | AE26: 0 | AF26: 0 | AG26: 0 | AH26: 0 | AI26: 0 | AJ26: =COUNTIF(H26:AI26,">0.25") -> 0
A27: 25 | B27: 21 | C27: 22 | D27: L | E27: L | F27: =D27=G27 -> FALSE | G27: 0 | H27: 0 | I27: 0 | J27: 0 | K27: 0 | L27: 0 | M27: 0 | N27: 0 | O27: 0 | P27: 0 | Q27: 0 | R27: 0 | S27: 0 | T27: 0 | U27: 0 | V27: 0 | W27: 0 | X27: 0 | Y27: 0 | Z27: 0 | AA27: 0 | AB27: 0 | AC27: 0 | AD27: 0 | AE27: 0 | AF27: 0 | AG27: 0 | AH27: 0 | AI27: 0 | AJ27: =COUNTIF(H27:AI27,">0.25") -> 0
A28: 26 | B28: 22 | C28: 23 | D28: G | E28: G | F28: =D28=G28 -> FALSE | G28: E | H28: 0 | I28: 0 | J28: 0 | K28: 0 | L28: 0 | M28: 0 | N28: 0.14056225 | O28: 0 | P28: 0 | Q28: 0 | R28: 0 | S28: 0 | T28: 0 | U28: 0 | V28: 0 | W28: 0 | X28: 0 | Y28: 0 | Z28: 0 | AA28: 0 | AB28: 0 | AC28: 0 | AD28: 0 | AE28: 0 | AF28: 0 | AG28: 0 | AH28: 0 | AI28: 0 | AJ28: =COUNTIF(H28:AI28,">0.25") -> 0
A29: 27 | B29: 23 | C29: 24 | D29: I | E29: M | F29: =D29=G29 -> FALSE | G29: 0 | H29: 0 | I29: 0 | J29: 0 | K29: 0 | L29: 0 | M29: 0 | N29: 0 | O29: 0 | P29: 0 | Q29: 0 | R29: 0 | S29: 0 | T29: 0 | U29: 0 | V29: 0 | W29: 0 | X29: 0 | Y29: 0 | Z29: 0 | AA29: 0 | AB29: 0 | AC29: 0 | AD29: 0 | AE29: 0 | AF29: 0 | AG29: 0 | AH29: 0 | AI29: 0 | AJ29: =COUNTIF(H29:AI29,">0.25") -> 0
A30: 28 | B30: 24 | C30: 25 | D30: L | E30: L | F30: =D30=G30 -> TRUE | G30: L | H30: 0 | I30: 0 | J30: 0 | K30: 0 | L30: 0 | M30: 0 | N30: 0 | O30: 0 | P30: 0 | Q30: 0 | R30: 0 | S30: 0 | T30: 0.11111111 | U30: 0 | V30: 0 | W30: 0 | X30: 0 | Y30: 0 | Z30: 0 | AA30: 0 | AB30: 0 | AC30: 0 | AD30: 0 | AE30: 0 | AF30: 0 | AG30: 0 | AH30: 0 | AI30: 0 | AJ30: =COUNTIF(H30:AI30,">0.25") -> 0
A31: 29 | B31: 25 | C31: 26 | D31: M | E31: M | F31: =D31=G31 -> FALSE | G31: 0 | H31: 0 | I31: 0 | J31: 0 | K31: 0 | L31: 0 | M31: 0 | N31: 0 | O31: 0 | P31: 0 | Q31: 0 | R31: 0 | S31: 0 | T31: 0 | U31: 0 | V31: 0 | W31: 0 | X31: 0 | Y31: 0 | Z31: 0 | AA31: 0 | AB31: 0 | AC31: 0 | AD31: 0 | AE31: 0 | AF31: 0 | AG31: 0 | AH31: 0 | AI31: 0 | AJ31: =COUNTIF(H31:AI31,">0.25") -> 0
A32: 30 | B32: 26 | C32: 27 | D32: I | E32: I | F32: =D32=G32 -> FALSE | G32: 0 | H32: 0 | I32: 0 | J32: 0 | K32: 0 | L32: 0 | M32: 0 | N32: 0 | O32: 0 | P32: 0 | Q32: 0 | R32: 0 | S32: 0 | T32: 0 | U32: 0 | V32: 0 | W32: 0 | X32: 0 | Y32: 0 | Z32: 0 | AA32: 0 | AB32: 0 | AC32: 0 | AD32: 0 | AE32: 0 | AF32: 0 | AG32: 0 | AH32: 0 | AI32: 0 | AJ32: =COUNTIF(H32:AI32,">0.25") -> 0
A33: 31 | B33: 27 | C33: 28 | D33: C | E33: C | F33: =D33=G33 -> FALSE | G33: 0 | H33: 0 | I33: 0 | J33: 0 | K33: 0 | L33: 0 | M33: 0 | N33: 0 | O33: 0 | P33: 0 | Q33: 0 | R33: 0 | S33: 0 | T33: 0 | U33: 0 | V33: 0 | W33: 0 | X33: 0 | Y33: 0 | Z33: 0 | AA33: 0 | AB33: 0 | AC33: 0 | AD33: 0 | AE33: 0 | AF33: 0 | AG33: 0 | AH33: 0 | AI33: 0 | AJ33: =COUNTIF(H33:AI33,">0.25") -> 0
A34: 32 | B34: 28 | C34: 29 | D34: S | E34: S | F34: =D34=G34 -> FALSE | G34: 0 | H34: 0 | I34: 0 | J34: 0 | K34: 0 | L34: 0 | M34: 0 | N34: 0 | O34: 0 | P34: 0 | Q34: 0 | R34: 0 | S34: 0 | T34: 0 | U34: 0 | V34: 0 | W34: 0 | X34: 0 | Y34: 0 | Z34: 0 | AA34: 0 | AB34: 0 | AC34: 0 | AD34: 0 | AE34: 0 | AF34: 0 | AG34: 0 | AH34: 0 | AI34: 0 | AJ34: =COUNTIF(H34:AI34,">0.25") -> 0
A35: 33 | B35: 29 | C35: 30 | D35: A | E35: A | F35: =D35=G35 -> FALSE | G35: 0 | H35: 0 | I35: 0 | J35: 0 | K35: 0 | L35: 0 | M35: 0 | N35: 0 | O35: 0 | P35: 0 | Q35: 0 | R35: 0 | S35: 0 | T35: 0 | U35: 0 | V35: 0 | W35: 0 | X35: 0 | Y35: 0 | Z35: 0 | AA35: 0 | AB35: 0 | AC35: 0 | AD35: 0 | AE35: 0 | AF35: 0 | AG35: 0 | AH35: 0 | AI35: 0 | AJ35: =COUNTIF(H35:AI35,">0.25") -> 0
A36: 34 | B36: 30 | C36: 31 | D36: T | E36: T | F36: =D36=G36 -> FALSE | G36: 0 | H36: 0 | I36: 0 | J36: 0 | K36: 0 | L36: 0 | M36: 0 | N36: 0 | O36: 0 | P36: 0 | Q36: 0 | R36: 0 | S36: 0 | T36: 0 | U36: 0 | V36: 0 | W36: 0 | X36: 0 | Y36: 0 | Z36: 0 | AA36: 0 | AB36: 0 | AC36: 0 | AD36: 0 | AE36: 0 | AF36: 0 | AG36: 0 | AH36: 0 | AI36: 0 | AJ36: =COUNTIF(H36:AI36,">0.25") -> 0
A37: 35 | B37: 31 | C37: 32 | D37: E | E37: E | F37: =D37=G37 -> FALSE | G37: 0 | H37: 0 | I37: 0 | J37: 0 | K37: 0 | L37: 0 | M37: 0 | N37: 0 | O37: 0 | P37: 0 | Q37: 0 | R37: 0 | S37: 0 | T37: 0 | U37: 0 | V37: 0 | W37: 0 | X37: 0 | Y37: 0 | Z37: 0 | AA37: 0 | AB37: 0 | AC37: 0 | AD37: 0 | AE37: 0 | AF37: 0 | AG37: 0 | AH37: 0 | AI37: 0 | AJ37: =COUNTIF(H37:AI37,">0.25") -> 0
A38: 36 | B38: 32 | C38: 33 | D38: K | E38: K | F38: =D38=G38 -> FALSE | G38: 0 | H38: 0 | I38: 0 | J38: 0 | K38: 0 | L38: 0 | M38: 0 | N38: 0 | O38: 0 | P38: 0 | Q38: 0 | R38: 0 | S38: 0 | T38: 0 | U38: 0 | V38: 0 | W38: 0 | X38: 0 | Y38: 0 | Z38: 0 | AA38: 0 | AB38: 0 | AC38: 0 | AD38: 0 | AE38: 0 | AF38: 0 | AG38: 0 | AH38: 0 | AI38: 0 | AJ38: =COUNTIF(H38:AI38,">0.25") -> 0
A39: 37 | B39: 33 | C39: 34 | D39: L | E39: L | F39: =D39=G39 -> FALSE | G39: 0 | H39: 0 | I39: 0 | J39: 0 | K39: 0 | L39: 0 | M39: 0 | N39: 0 | O39: 0 | P39: 0 | Q39: 0 | R39: 0 | S39: 0 | T39: 0 | U39: 0 | V39: 0 | W39: 0 | X39: 0 | Y39: 0 | Z39: 0 | AA39: 0 | AB39: 0 | AC39: 0 | AD39: 0 | AE39: 0 | AF39: 0 | AG39: 0 | AH39: 0 | AI39: 0 | AJ39: =COUNTIF(H39:AI39,">0.25") -> 0
A40: 38 | B40: 34 | C40: 35 | D40: W | E40: W | F40: =D40=G40 -> FALSE | G40: 0 | H40: 0 | I40: 0 | J40: 0 | K40: 0 | L40: 0 | M40: 0 | N40: 0 | O40: 0 | P40: 0 | Q40: 0 | R40: 0 | S40: 0 | T40: 0 | U40: 0 | V40: 0 | W40: 0 | X40: 0 | Y40: 0 | Z40: 0 | AA40: 0 | AB40: 0 | AC40: 0 | AD40: 0 | AE40: 0 | AF40: 0 | AG40: 0 | AH40: 0 | AI40: 0 | AJ40: =COUNTIF(H40:AI40,">0.25") -> 0
A41: 39 | B41: 35 | C41: 36 | D41: V | E41: V | F41: =D41=G41 -> FALSE | G41: 0 | H41: 0 | I41: 0 | J41: 0 | K41: 0 | L41: 0 | M41: 0 | N41: 0 | O41: 0 | P41: 0 | Q41: 0 | R41: 0 | S41: 0 | T41: 0 | U41: 0 | V41: 0 | W41: 0 | X41: 0 | Y41: 0 | Z41: 0 | AA41: 0 | AB41: 0 | AC41: 0 | AD41: 0 | AE41: 0 | AF41: 0 | AG41: 0 | AH41: 0 | AI41: 0 | AJ41: =COUNTIF(H41:AI41,">0.25") -> 0
A42: 40 | B42: 36 | C42: 37 | D42: T | E42: T | F42: =D42=G42 -> FALSE | G42: 0 | H42: 0 | I42: 0 | J42: 0 | K42: 0 | L42: 0 | M42: 0 | N42: 0 | O42: 0 | P42: 0 | Q42: 0 | R42: 0 | S42: 0 | T42: 0 | U42: 0 | V42: 0 | W42: 0 | X42: 0 | Y42: 0 | Z42: 0 | AA42: 0 | AB42: 0 | AC42: 0 | AD42: 0 | AE42: 0 | AF42: 0 | AG42: 0 | AH42: 0 | AI42: 0 | AJ42: =COUNTIF(H42:AI42,">0.25") -> 0
... A45: 43 | B45: 39 | C45: 40 | D45: Y | E45: Y | F45: =D45=G45 -> FALSE | G45: 0 | H45: 0 | I45: 0 | J45: 0 | K45: 0 | L45: 0 | M45: 0 | N45: 0 | O45: 0 | P45: 0 | Q45: 0 | R45: 0 | S45: 0 | T45: 0 | U45: 0 | V45: 0 | W45: 0 | X45: 0 | Y45: 0 | Z45: 0 | AA45: 0 | AB45: 0 | AC45: 0 | AD45: 0 | AE45: 0 | AF45: 0 | AG45: 0 | AH45: 0 | AI45: 0 | AJ45: =COUNTIF(H45:AI45,">0.25") -> 0
A46: 44 | B46: 40 | C46: 41 | D46: G | E46: G | F46: =D46=G46 -> FALSE | G46: R | H46: 0 | I46: 0 | J46: 0 | K46: 0 | L46: 0 | M46: 0 | N46: 0.13947773 | O46: 0 | P46: 0 | Q46: 0 | R46: 0 | S46: 0 | T46: 0 | U46: 0 | V46: 0 | W46: 0 | X46: 0 | Y46: 0 | Z46: 0 | AA46: 0 | AB46: 0 | AC46: 0 | AD46: 0 | AE46: 0 | AF46: 0 | AG46: 0 | AH46: 0 | AI46: 0 | AJ46: =COUNTIF(H46:AI46,">0.25") -> 0
A47: 45 | B47: 41 | C47: 42 | D47: V | E47: V | F47: =D47=G47 -> FALSE | G47: 0 | H47: 0 | I47: 0 | J47: 0 | K47: 0 | L47: 0 | M47: 0 | N47: 0 | O47: 0 | P47: 0 | Q47: 0 | R47: 0 | S47: 0 | T47: 0 | U47: 0 | V47: 0 | W47: 0 | X47: 0 | Y47: 0 | Z47: 0 | AA47: 0 | AB47: 0 | AC47: 0 | AD47: 0 | AE47: 0 | AF47: 0 | AG47: 0 | AH47: 0 | AI47: 0 | AJ47: =COUNTIF(H47:AI47,">0.25") -> 0
A48: 46 | B48: 42 | C48: 43 | D48: P | E48: P | F48: =D48=G48 -> FALSE | G48: 0 | H48: 0 | I48: 0 | J48: 0 | K48: 0 | L48: 0 | M48: 0 | N48: 0 | O48: 0 | P48: 0 | Q48: 0 | R48: 0 | S48: 0 | T48: 0 | U48: 0 | V48: 0 | W48: 0 | X48: 0 | Y48: 0 | Z48: 0 | AA48: 0 | AB48: 0 | AC48: 0 | AD48: 0 | AE48: 0 | AF48: 0 | AG48: 0 | AH48: 0 | AI48: 0 | AJ48: =COUNTIF(H48:AI48,">0.25") -> 0
A49: 47 | B49: 43 | C49: 44 | D49: V | E49: V | F49: =D49=G49 -> FALSE | G49: 0 | H49: 0 | I49: 0 | J49: 0 | K49: 0 | L49: 0 | M49: 0 | N49: 0 | O49: 0 | P49: 0 | Q49: 0 | R49: 0 | S49: 0 | T49: 0 | U49: 0 | V49: 0 | W49: 0 | X49: 0 | Y49: 0 | Z49: 0 | AA49: 0 | AB49: 0 | AC49: 0 | AD49: 0 | AE49: 0 | AF49: 0 | AG49: 0 | AH49: 0 | AI49: 0 | AJ49: =COUNTIF(H49:AI49,">0.25") -> 0
A50: 48 | B50: 44 | C50: 45 | D50: W | E50: W | F50: =D50=G50 -> FALSE | G50: 0 | H50: 0 | I50: 0 | J50: 0 | K50: 0 | L50: 0 | M50: 0 | N50: 0 | O50: 0 | P50: 0 | Q50: 0 | R50: 0 | S50: 0 | T50: 0 | U50: 0 | V50: 0 | W50: 0 | X50: 0 | Y50: 0 | Z50: 0 | AA50: 0 | AB50: 0 | AC50: 0 | AD50: 0 | AE50: 0 | AF50: 0 | AG50: 0 | AH50: 0 | AI50: 0 | AJ50: =COUNTIF(H50:AI50,">0.25") -> 0
A51: 49 | B51: 45 | C51: 46 | D51: K | E51: K | F51: =D51=G51 -> FALSE | G51: 0 | H51: 0 | I51: 0 | J51: 0 | K51: 0 | L51: 0 | M51: 0 | N51: 0 | O51: 0 | P51: 0 | Q51: 0 | R51: 0 | S51: 0 | T51: 0 | U51: 0 | V51: 0 | W51: 0 | X51: 0 | Y51: 0 | Z51: 0 | AA51: 0 | AB51: 0 | AC51: 0 | AD51: 0 | AE51: 0 | AF51: 0 | AG51: 0 | AH51: 0 | AI51: 0 | AJ51: =COUNTIF(H51:AI51,">0.25") -> 0
A52: 50 | B52: 46 | C52: 47 | D52: E | E52: E | F52: =D52=G52 -> FALSE | G52: 0 | H52: 0 | I52: 0 | J52: 0 | K52: 0 | L52: 0 | M52: 0 | N52: 0 | O52: 0 | P52: 0 | Q52: 0 | R52: 0 | S52: 0 | T52: 0 | U52: 0 | V52: 0 | W52: 0 | X52: 0 | Y52: 0 | Z52: 0 | AA52: 0 | AB52: 0 | AC52: 0 | AD52: 0 | AE52: 0 | AF52: 0 | AG52: 0 | AH52: 0 | AI52: 0 | AJ52: =COUNTIF(H52:AI52,">0.25") -> 0
A53: 51 | B53: 47 | C53: 48 | D53: A | E53: A | F53: =D53=G53 -> FALSE | G53: 0 | H53: 0 | I53: 0 | J53: 0 | K53: 0 | L53: 0 | M53: 0 | N53: 0 | O53: 0 | P53: 0 | Q53: 0 | R53: 0 | S53: 0 | T53: 0 | U53: 0 | V53: 0 | W53: 0 | X53: 0 | Y53: 0 | Z53: 0 | AA53: 0 | AB53: 0 | AC53: 0 | AD53: 0 | AE53: 0 | AF53: 0 | AG53: 0 | AH53: 0 | AI53: 0 | AJ53: =COUNTIF(H53:AI53,">0.25") -> 0
A54: 52 | B54: 48 | C54: 49 | D54: T | E54: T | F54: =D54=G54 -> FALSE | G54: N | H54: 0 | I54: 0 | J54: 0 | K54: 0 | L54: 0 | M54: 0 | N54: 0 | O54: 0 | P54: 0 | Q54: 0 | R54: 0 | S54: 0 | T54: 0 | U54: 0 | V54: 0 | W54: 0 | X54: 0 | Y54: 0 | Z54: 0 | AA54: 0.93376475 | AB54: 0 | AC54: 0 | AD54: 0 | AE54: 0 | AF54: 0 | AG54: 0 | AH54: 0 | AI54: 0 | AJ54: =COUNTIF(H54:AI54,">0.25") -> 1
A55: 53 | B55: 49 | C55: 50 | D55: T | E55: T | F55: =D55=G55 -> FALSE | G55: 0 | H55: 0 | I55: 0 | J55: 0 | K55: 0 | L55: 0 | M55: 0 | N55: 0 | O55: 0 | P55: 0 | Q55: 0 | R55: 0 | S55: 0 | T55: 0 | U55: 0 | V55: 0 | W55: 0 | X55: 0 | Y55: 0 | Z55: 0 | AA55: 0 | AB55: 0 | AC55: 0 | AD55: 0 | AE55: 0 | AF55: 0 | AG55: 0 | AH55: 0 | AI55: 0 | AJ55: =COUNTIF(H55:AI55,">0.25") -> 0
A56: 54 | B56: 50 | C56: 51 | D56: T | E56: T | F56: =D56=G56 -> FALSE | G56: 0 | H56: 0 | I56: 0 | J56: 0 | K56: 0 | L56: 0 | M56: 0 | N56: 0 | O56: 0 | P56: 0 | Q56: 0 | R56: 0 | S56: 0 | T56: 0 | U56: 0 | V56: 0 | W56: 0 | X56: 0 | Y56: 0 | Z56: 0 | AA56: 0 | AB56: 0 | AC56: 0 | AD56: 0 | AE56: 0 | AF56: 0 | AG56: 0 | AH56: 0 | AI56: 0 | AJ56: =COUNTIF(H56:AI56,">0.25") -> 0
A57: 55 | B57: 51 | C57: 52 | D57: L | E57: L | F57: =D57=G57 -> FALSE | G57: 0 | H57: 0 | I57: 0 | J57: 0 | K57: 0 | L57: 0 | M57: 0 | N57: 0 | O57: 0 | P57: 0 | Q57: 0 | R57: 0 | S57: 0 | T57: 0 | U57: 0 | V57: 0 | W57: 0 | X57: 0 | Y57: 0 | Z57: 0 | AA57: 0 | AB57: 0 | AC57: 0 | AD57: 0 | AE57: 0 | AF57: 0 | AG57: 0 | AH57: 0 | AI57: 0 | AJ57: =COUNTIF(H57:AI57,">0.25") -> 0
A58: 56 | B58: 52 | C58: 53 | D58: F | E58: F | F58: =D58=G58 -> FALSE | G58: 0 | H58: 0 | I58: 0 | J58: 0 | K58: 0 | L58: 0 | M58: 0 | N58: 0 | O58: 0 | P58: 0 | Q58: 0 | R58: 0 | S58: 0 | T58: 0 | U58: 0 | V58: 0 | W58: 0 | X58: 0 | Y58: 0 | Z58: 0 | AA58: 0 | AB58: 0 | AC58: 0 | AD58: 0 | AE58: 0 | AF58: 0 | AG58: 0 | AH58: 0 | AI58: 0 | AJ58: =COUNTIF(H58:AI58,">0.25") -> 0
A59: 57 | B59: 53 | C59: 54 | D59: C | E59: C | F59: =D59=G59 -> TRUE | G59: C | H59: 0 | I59: 0 | J59: 0 | K59: 0 | L59: 0 | M59: 0 | N59: 0 | O59: 0 | P59: 0 | Q59: 0 | R59: 0 | S59: 0 | T59: 0.997921 | U59: 0 | V59: 0 | W59: 0 | X59: 0 | Y59: 0 | Z59: 0 | AA59: 0 | AB59: 0 | AC59: 0 | AD59: 0 | AE59: 0 | AF59: 0 | AG59: 0 | AH59: 0 | AI59: 0 | AJ59: =COUNTIF(H59:AI59,">0.25") -> 1
A60: 58 | B60: 54 | C60: 55 | D60: A | E60: A | F60: =D60=G60 -> FALSE | G60: 0 | H60: 0 | I60: 0 | J60: 0 | K60: 0 | L60: 0 | M60: 0 | N60: 0 | O60: 0 | P60: 0 | Q60: 0 | R60: 0 | S60: 0 | T60: 0 | U60: 0 | V60: 0 | W60: 0 | X60: 0 | Y60: 0 | Z60: 0 | AA60: 0 | AB60: 0 | AC60: 0 | AD60: 0 | AE60: 0 | AF60: 0 | AG60: 0 | AH60: 0 | AI60: 0 | AJ60: =COUNTIF(H60:AI60,">0.25") -> 0
A61: 59 | B61: 55 | C61: 56 | D61: S | E61: S | F61: =D61=G61 -> FALSE | G61: 0 | H61: 0 | I61: 0 | J61: 0 | K61: 0 | L61: 0 | M61: 0 | N61: 0 | O61: 0 | P61: 0 | Q61: 0 | R61: 0 | S61: 0 | T61: 0 | U61: 0 | V61: 0 | W61: 0 | X61: 0 | Y61: 0 | Z61: 0 | AA61: 0 | AB61: 0 | AC61: 0 | AD61: 0 | AE61: 0 | AF61: 0 | AG61: 0 | AH61: 0 | AI61: 0 | AJ61: =COUNTIF(H61:AI61,">0.25") -> 0
A62: 60 | B62: 56 | C62: 57 | D62: D | E62: D | F62: =D62=G62 -> FALSE | G62: 0 | H62: 0 | I62: 0 | J62: 0 | K62: 0 | L62: 0 | M62: 0 | N62: 0 | O62: 0 | P62: 0 | Q62: 0 | R62: 0 | S62: 0 | T62: 0 | U62: 0 | V62: 0 | W62: 0 | X62: 0 | Y62: 0 | Z62: 0 | AA62: 0 | AB62: 0 | AC62: 0 | AD62: 0 | AE62: 0 | AF62: 0 | AG62: 0 | AH62: 0 | AI62: 0 | AJ62: =COUNTIF(H62:AI62,">0.25") -> 0
A63: 61 | B63: 57 | C63: 58 | D63: A | E63: A | F63: =D63=G63 -> FALSE | G63: 0 | H63: 0 | I63: 0 | J63: 0 | K63: 0 | L63: 0 | M63: 0 | N63: 0 | O63: 0 | P63: 0 | Q63: 0 | R63: 0 | S63: 0 | T63: 0 | U63: 0 | V63: 0 | W63: 0 | X63: 0 | Y63: 0 | Z63: 0 | AA63: 0 | AB63: 0 | AC63: 0 | AD63: 0 | AE63: 0 | AF63: 0 | AG63: 0 | AH63: 0 | AI63: 0 | AJ63: =COUNTIF(H63:AI63,">0.25") -> 0
A64: 62 | B64: 58 | C64: 59 | D64: K | E64: K | F64: =D64=G64 -> FALSE | G64: 0 | H64: 0 | I64: 0 | J64: 0 | K64: 0 | L64: 0 | M64: 0 | N64: 0 | O64: 0 | P64: 0 | Q64: 0 | R64: 0 | S64: 0 | T64: 0 | U64: 0 | V64: 0 | W64: 0 | X64: 0 | Y64: 0 | Z64: 0 | AA64: 0 | AB64: 0 | AC64: 0 | AD64: 0 | AE64: 0 | AF64: 0 | AG64: 0 | AH64: 0 | AI64: 0 | AJ64: =COUNTIF(H64:AI64,">0.25") -> 0
A65: 63 | B65: 59 | C65: 60 | D65: A | E65: A | F65: =D65=G65 -> FALSE | G65: 0 | H65: 0 | I65: 0 | J65: 0 | K65: 0 | L65: 0 | M65: 0 | N65: 0 | O65: 0 | P65: 0 | Q65: 0 | R65: 0 | S65: 0 | T65: 0 | U65: 0 | V65: 0 | W65: 0 | X65: 0 | Y65: 0 | Z65: 0 | AA65: 0 | AB65: 0 | AC65: 0 | AD65: 0 | AE65: 0 | AF65: 0 | AG65: 0 | AH65: 0 | AI65: 0 | AJ65: =COUNTIF(H65:AI65,">0.25") -> 0
A66: 64 | B66: 60 | C66: 61 | D66: Y | E66: Y | F66: =D66=G66 -> FALSE | G66: 0 | H66: 0 | I66: 0 | J66: 0 | K66: 0 | L66: 0 | M66: 0 | N66: 0 | O66: 0 | P66: 0 | Q66: 0 | R66: 0 | S66: 0 | T66: 0 | U66: 0 | V66: 0 | W66: 0 | X66: 0 | Y66: 0 | Z66: 0 | AA66: 0 | AB66: 0 | AC66: 0 | AD66: 0 | AE66: 0 | AF66: 0 | AG66: 0 | AH66: 0 | AI66: 0 | AJ66: =COUNTIF(H66:AI66,">0.25") -> 0
A67: 65 | B67: 61 | C67: 62 | D67: D | E67: D | F67: =D67=G67 -> FALSE | G67: 0 | H67: 0 | I67: 0 | J67: 0 | K67: 0 | L67: 0 | M67: 0 | N67: 0 | O67: 0 | P67: 0 | Q67: 0 | R67: 0 | S67: 0 | T67: 0 | U67: 0 | V67: 0 | W67: 0 | X67: 0 | Y67: 0 | Z67: 0 | AA67: 0 | AB67: 0 | AC67: 0 | AD67: 0 | AE67: 0 | AF67: 0 | AG67: 0 | AH67: 0 | AI67: 0 | AJ67: =COUNTIF(H67:AI67,">0.25") -> 0
A68: 66 | B68: 62 | C68: 63 | D68: Q | E68: T | F68: =D68=G68 -> FALSE | G68: 0 | H68: 0 | I68: 0 | J68: 0 | K68: 0 | L68: 0 | M68: 0 | N68: 0 | O68: 0 | P68: 0 | Q68: 0 | R68: 0 | S68: 0 | T68: 0 | U68: 0 | V68: 0 | W68: 0 | X68: 0 | Y68: 0 | Z68: 0 | AA68: 0 | AB68: 0 | AC68: 0 | AD68: 0 | AE68: 0 | AF68: 0 | AG68: 0 | AH68: 0 | AI68: 0 | AJ68: =COUNTIF(H68:AI68,">0.25") -> 0
A69: 67 | B69: 63 | C69: 64 | D69: E | E69: E | F69: =D69=G69 -> FALSE | G69: 0 | H69: 0 | I69: 0 | J69: 0 | K69: 0 | L69: 0 | M69: 0 | N69: 0 | O69: 0 | P69: 0 | Q69: 0 | R69: 0 | S69: 0 | T69: 0 | U69: 0 | V69: 0 | W69: 0 | X69: 0 | Y69: 0 | Z69: 0 | AA69: 0 | AB69: 0 | AC69: 0 | AD69: 0 | AE69: 0 | AF69: 0 | AG69: 0 | AH69: 0 | AI69: 0 | AJ69: =COUNTIF(H69:AI69,">0.25") -> 0
A70: 68 | B70: 64 | C70: 65 | D70: I | E70: V | F70: =D70=G70 -> FALSE | G70: V | H70: 0 | I70: 0 | J70: 0 | K70: 0 | L70: 0 | M70: 0 | N70: 0 | O70: 0 | P70: 0 | Q70: 0 | R70: 0.10836707 | S70: 0 | T70: 0 | U70: 0 | V70: 0 | W70: 0 | X70: 0 | Y70: 0 | Z70: 0 | AA70: 0 | AB70: 0 | AC70: 0 | AD70: 0 | AE70: 0 | AF70: 0 | AG70: 0 | AH70: 0 | AI70: 0 | AJ70: =COUNTIF(H70:AI70,">0.25") -> 0
A71: 69 | B71: 65 | C71: 66 | D71: H | E71: H | F71: =D71=G71 -> FALSE | G71: 0 | H71: 0 | I71: 0 | J71: 0 | K71: 0 | L71: 0 | M71: 0 | N71: 0 | O71: 0 | P71: 0 | Q71: 0 | R71: 0 | S71: 0 | T71: 0 | U71: 0 | V71: 0 | W71: 0 | X71: 0 | Y71: 0 | Z71: 0 | AA71: 0 | AB71: 0 | AC71: 0 | AD71: 0 | AE71: 0 | AF71: 0 | AG71: 0 | AH71: 0 | AI71: 0 | AJ71: =COUNTIF(H71:AI71,">0.25") -> 0
A72: 70 | B72: 66 | C72: 67 | D72: N | E72: N | F72: =D72=G72 -> TRUE | G72: N | H72: 0 | I72: 0 | J72: 0 | K72: 0 | L72: 0 | M72: 0 | N72: 0 | O72: 0 | P72: 0 | Q72: 0 | R72: 0 | S72: 0 | T72: 0 | U72: 0 | V72: 0 | W72: 0 | X72: 0 | Y72: 0 | Z72: 0 | AA72: 0.19596924 | AB72: 0 | AC72: 0 | AD72: 0 | AE72: 0 | AF72: 0 | AG72: 0 | AH72: 0 | AI72: 0 | AJ72: =COUNTIF(H72:AI72,">0.25") -> 0
A73: 71 | B73: 67 | C73: 68 | D73: I | E73: V | F73: =D73=G73 -> FALSE | G73: 0 | H73: 0 | I73: 0 | J73: 0 | K73: 0 | L73: 0 | M73: 0 | N73: 0 | O73: 0 | P73: 0 | Q73: 0 | R73: 0 | S73: 0 | T73: 0 | U73: 0 | V73: 0 | W73: 0 | X73: 0 | Y73: 0 | Z73: 0 | AA73: 0 | AB73: 0 | AC73: 0 | AD73: 0 | AE73: 0 | AF73: 0 | AG73: 0 | AH73: 0 | AI73: 0 | AJ73: =COUNTIF(H73:AI73,">0.25") -> 0
A74: 72 | B74: 68 | C74: 69 | D74: W | E74: W | F74: =D74=G74 -> FALSE | G74: 0 | H74: 0 | I74: 0 | J74: 0 | K74: 0 | L74: 0 | M74: 0 | N74: 0 | O74: 0 | P74: 0 | Q74: 0 | R74: 0 | S74: 0 | T74: 0 | U74: 0 | V74: 0 | W74: 0 | X74: 0 | Y74: 0 | Z74: 0 | AA74: 0 | AB74: 0 | AC74: 0 | AD74: 0 | AE74: 0 | AF74: 0 | AG74: 0 | AH74: 0 | AI74: 0 | AJ74: =COUNTIF(H74:AI74,">0.25") -> 0
A75: 73 | B75: 69 | C75: 70 | D75: A | E75: A | F75: =D75=G75 -> FALSE | G75: 0 | H75: 0 | I75: 0 | J75: 0 | K75: 0 | L75: 0 | M75: 0 | N75: 0 | O75: 0 | P75: 0 | Q75: 0 | R75: 0 | S75: 0 | T75: 0 | U75: 0 | V75: 0 | W75: 0 | X75: 0 | Y75: 0 | Z75: 0 | AA75: 0 | AB75: 0 | AC75: 0 | AD75: 0 | AE75: 0 | AF75: 0 | AG75: 0 | AH75: 0 | AI75: 0 | AJ75: =COUNTIF(H75:AI75,">0.25") -> 0
A76: 74 | B76: 70 | C76: 71 | D76: T | E76: T | F76: =D76=G76 -> FALSE | G76: 0 | H76: 0 | I76: 0 | J76: 0 | K76: 0 | L76: 0 | M76: 0 | N76: 0 | O76: 0 | P76: 0 | Q76: 0 | R76: 0 | S76: 0 | T76: 0 | U76: 0 | V76: 0 | W76: 0 | X76: 0 | Y76: 0 | Z76: 0 | AA76: 0 | AB76: 0 | AC76: 0 | AD76: 0 | AE76: 0 | AF76: 0 | AG76: 0 | AH76: 0 | AI76: 0 | AJ76: =COUNTIF(H76:AI76,">0.25") -> 0
A77: 75 | B77: 71 | C77: 72 | D77: H | E77: H | F77: =D77=G77 -> FALSE | G77: 0 | H77: 0 | I77: 0 | J77: 0 | K77: 0 | L77: 0 | M77: 0 | N77: 0 | O77: 0 | P77: 0 | Q77: 0 | R77: 0 | S77: 0 | T77: 0 | U77: 0 | V77: 0 | W77: 0 | X77: 0 | Y77: 0 | Z77: 0 | AA77: 0 | AB77: 0 | AC77: 0 | AD77: 0 | AE77: 0 | AF77: 0 | AG77: 0 | AH77: 0 | AI77: 0 | AJ77: =COUNTIF(H77:AI77,">0.25") -> 0
A78: 76 | B78: 72 | C78: 73 | D78: A | E78: A | F78: =D78=G78 -> FALSE | G78: 0 | H78: 0 | I78: 0 | J78: 0 | K78: 0 | L78: 0 | M78: 0 | N78: 0 | O78: 0 | P78: 0 | Q78: 0 | R78: 0 | S78: 0 | T78: 0 | U78: 0 | V78: 0 | W78: 0 | X78: 0 | Y78: 0 | Z78: 0 | AA78: 0 | AB78: 0 | AC78: 0 | AD78: 0 | AE78: 0 | AF78: 0 | AG78: 0 | AH78: 0 | AI78: 0 | AJ78: =COUNTIF(H78:AI78,">0.25") -> 0
A79: 77 | B79: 73 | C79: 74 | D79: C | E79: C | F79: =D79=G79 -> FALSE | G79: 0 | H79: 0 | I79: 0 | J79: 0 | K79: 0 | L79: 0 | M79: 0 | N79: 0 | O79: 0 | P79: 0 | Q79: 0 | R79: 0 | S79: 0 | T79: 0 | U79: 0 | V79: 0 | W79: 0 | X79: 0 | Y79: 0 | Z79: 0 | AA79: 0 | AB79: 0 | AC79: 0 | AD79: 0 | AE79: 0 | AF79: 0 | AG79: 0 | AH79: 0 | AI79: 0 | AJ79: =COUNTIF(H79:AI79,">0.25") -> 0
A80: 78 | B80: 74 | C80: 75 | D80: V | E80: V | F80: =D80=G80 -> FALSE | G80: 0 | H80: 0 | I80: 0 | J80: 0 | K80: 0 | L80: 0 | M80: 0 | N80: 0 | O80: 0 | P80: 0 | Q80: 0 | R80: 0 | S80: 0 | T80: 0 | U80: 0 | V80: 0 | W80: 0 | X80: 0 | Y80: 0 | Z80: 0 | AA80: 0 | AB80: 0 | AC80: 0 | AD80: 0 | AE80: 0 | AF80: 0 | AG80: 0 | AH80: 0 | AI80: 0 | AJ80: =COUNTIF(H80:AI80,">0.25") -> 0
A81: 79 | B81: 75 | C81: 76 | D81: P | E81: P | F81: =D81=G81 -> FALSE | G81: 0 | H81: 0 | I81: 0 | J81: 0 | K81: 0 | L81: 0 | M81: 0 | N81: 0 | O81: 0 | P81: 0 | Q81: 0 | R81: 0 | S81: 0 | T81: 0 | U81: 0 | V81: 0 | W81: 0 | X81: 0 | Y81: 0 | Z81: 0 | AA81: 0 | AB81: 0 | AC81: 0 | AD81: 0 | AE81: 0 | AF81: 0 | AG81: 0 | AH81: 0 | AI81: 0 | AJ81: =COUNTIF(H81:AI81,">0.25") -> 0
A82: 80 | B82: 76 | C82: 77 | D82: T | E82: T | F82: =D82=G82 -> FALSE | G82: 0 | H82: 0 | I82: 0 | J82: 0 | K82: 0 | L82: 0 | M82: 0 | N82: 0 | O82: 0 | P82: 0 | Q82: 0 | R82: 0 | S82: 0 | T82: 0 | U82: 0 | V82: 0 | W82: 0 | X82: 0 | Y82: 0 | Z82: 0 | AA82: 0 | AB82: 0 | AC82: 0 | AD82: 0 | AE82: 0 | AF82: 0 | AG82: 0 | AH82: 0 | AI82: 0 | AJ82: =COUNTIF(H82:AI82,">0.25") -> 0
A83: 81 | B83: 77 | C83: 78 | D83: D | E83: D | F83: =D83=G83 -> FALSE | G83: 0 | H83: 0 | I83: 0 | J83: 0 | K83: 0 | L83: 0 | M83: 0 | N83: 0 | O83: 0 | P83: 0 | Q83: 0 | R83: 0 | S83: 0 | T83: 0 | U83: 0 | V83: 0 | W83: 0 | X83: 0 | Y83: 0 | Z83: 0 | AA83: 0 | AB83: 0 | AC83: 0 | AD83: 0 | AE83: 0 | AF83: 0 | AG83: 0 | AH83: 0 | AI83: 0 | AJ83: =COUNTIF(H83:AI83,">0.25") -> 0
A84: 82 | B84: 78 | C84: 79 | D84: P | E84: P | F84: =D84=G84 -> FALSE | G84: 0 | H84: 0 | I84: 0 | J84: 0 | K84: 0 | L84: 0 | M84: 0 | N84: 0 | O84: 0 | P84: 0 | Q84: 0 | R84: 0 | S84: 0 | T84: 0 | U84: 0 | V84: 0 | W84: 0 | X84: 0 | Y84: 0 | Z84: 0 | AA84: 0 | AB84: 0 | AC84: 0 | AD84: 0 | AE84: 0 | AF84: 0 | AG84: 0 | AH84: 0 | AI84: 0 | AJ84: =COUNTIF(H84:AI84,">0.25") -> 0
... A89: 87 | B89: 83 | C89: 84 | D89: V | E89: V | F89: =D89=G89 -> FALSE | G89: 0 | H89: 0 | I89: 0 | J89: 0 | K89: 0 | L89: 0 | M89: 0 | N89: 0 | O89: 0 | P89: 0 | Q89: 0 | R89: 0 | S89: 0 | T89: 0 | U89: 0 | V89: 0 | W89: 0 | X89: 0 | Y89: 0 | Z89: 0 | AA89: 0 | AB89: 0 | AC89: 0 | AD89: 0 | AE89: 0 | AF89: 0 | AG89: 0 | AH89: 0 | AI89: 0 | AJ89: =COUNTIF(H89:AI89,">0.25") -> 0
A90: 88 | B90: 84 | C90: 85 | D90: E | E90: V | F90: =D90=G90 -> FALSE | G90: K | H90: 0 | I90: 0 | J90: 0 | K90: 0 | L90: 0 | M90: 0 | N90: 0.13637738 | O90: 0 | P90: 0 | Q90: 0 | R90: 0 | S90: 0 | T90: 0 | U90: 0 | V90: 0 | W90: 0 | X90: 0 | Y90: 0 | Z90: 0 | AA90: 0 | AB90: 0 | AC90: 0 | AD90: 0 | AE90: 0 | AF90: 0 | AG90: 0 | AH90: 0 | AI90: 0 | AJ90: =COUNTIF(H90:AI90,">0.25") -> 0
A91: 89 | B91: 85 | C91: 86 | D91: L | E91: L | F91: =D91=G91 -> TRUE | G91: L | H91: 0 | I91: 0 | J91: 0 | K91: 0 | L91: 0 | M91: 0 | N91: 0 | O91: 0 | P91: 0 | Q91: 0 | R91: 0 | S91: 0 | T91: 0 | U91: 0 | V91: 0 | W91: 0 | X91: 0.16182467 | Y91: 0 | Z91: 0 | AA91: 0 | AB91: 0 | AC91: 0 | AD91: 0 | AE91: 0 | AF91: 0 | AG91: 0 | AH91: 0 | AI91: 0 | AJ91: =COUNTIF(H91:AI91,">0.25") -> 0
A92: 90 | B92: 86 | C92: 87 | D92: K | E92: V | F92: =D92=G92 -> FALSE | G92: 0 | H92: 0 | I92: 0 | J92: 0 | K92: 0 | L92: 0 | M92: 0 | N92: 0 | O92: 0 | P92: 0 | Q92: 0 | R92: 0 | S92: 0 | T92: 0 | U92: 0 | V92: 0 | W92: 0 | X92: 0 | Y92: 0 | Z92: 0 | AA92: 0 | AB92: 0 | AC92: 0 | AD92: 0 | AE92: 0 | AF92: 0 | AG92: 0 | AH92: 0 | AI92: 0 | AJ92: =COUNTIF(H92:AI92,">0.25") -> 0
A93: 91 | B93: 87 | C93: 88 | D93: N | E93: N | F93: =D93=G93 -> FALSE | G93: 0 | H93: 0 | I93: 0 | J93: 0 | K93: 0 | L93: 0 | M93: 0 | N93: 0 | O93: 0 | P93: 0 | Q93: 0 | R93: 0 | S93: 0 | T93: 0 | U93: 0 | V93: 0 | W93: 0 | X93: 0 | Y93: 0 | Z93: 0 | AA93: 0 | AB93: 0 | AC93: 0 | AD93: 0 | AE93: 0 | AF93: 0 | AG93: 0 | AH93: 0 | AI93: 0 | AJ93: =COUNTIF(H93:AI93,">0.25") -> 0
A94: 92 | B94: 88 | C94: 89 | D94: V | E94: V | F94: =D94=G94 -> FALSE | G94: 0 | H94: 0 | I94: 0 | J94: 0 | K94: 0 | L94: 0 | M94: 0 | N94: 0 | O94: 0 | P94: 0 | Q94: 0 | R94: 0 | S94: 0 | T94: 0 | U94: 0 | V94: 0 | W94: 0 | X94: 0 | Y94: 0 | Z94: 0 | AA94: 0 | AB94: 0 | AC94: 0 | AD94: 0 | AE94: 0 | AF94: 0 | AG94: 0 | AH94: 0 | AI94: 0 | AJ94: =COUNTIF(H94:AI94,">0.25") -> 0
A95: 93 | B95: 89 | C95: 90 | D95: T | E95: T | F95: =D95=G95 -> FALSE | G95: 0 | H95: 0 | I95: 0 | J95: 0 | K95: 0 | L95: 0 | M95: 0 | N95: 0 | O95: 0 | P95: 0 | Q95: 0 | R95: 0 | S95: 0 | T95: 0 | U95: 0 | V95: 0 | W95: 0 | X95: 0 | Y95: 0 | Z95: 0 | AA95: 0 | AB95: 0 | AC95: 0 | AD95: 0 | AE95: 0 | AF95: 0 | AG95: 0 | AH95: 0 | AI95: 0 | AJ95: =COUNTIF(H95:AI95,">0.25") -> 0
A96: 94 | B96: 90 | C96: 91 | D96: E | E96: E | F96: =D96=G96 -> FALSE | G96: 0 | H96: 0 | I96: 0 | J96: 0 | K96: 0 | L96: 0 | M96: 0 | N96: 0 | O96: 0 | P96: 0 | Q96: 0 | R96: 0 | S96: 0 | T96: 0 | U96: 0 | V96: 0 | W96: 0 | X96: 0 | Y96: 0 | Z96: 0 | AA96: 0 | AB96: 0 | AC96: 0 | AD96: 0 | AE96: 0 | AF96: 0 | AG96: 0 | AH96: 0 | AI96: 0 | AJ96: =COUNTIF(H96:AI96,">0.25") -> 0
A97: 95 | B97: 91 | C97: 92 | D97: N | E97: N | F97: =D97=G97 -> TRUE | G97: N | H97: 0 | I97: 0 | J97: 0 | K97: 0 | L97: 0 | M97: 0 | N97: 0 | O97: 0 | P97: 0 | Q97: 0 | R97: 0 | S97: 0 | T97: 0 | U97: 0 | V97: 0 | W97: 0 | X97: 0.17003188 | Y97: 0 | Z97: 0 | AA97: 0 | AB97: 0 | AC97: 0 | AD97: 0 | AE97: 0 | AF97: 0 | AG97: 0 | AH97: 0 | AI97: 0 | AJ97: =COUNTIF(H97:AI97,">0.25") -> 0
A98: 96 | B98: 92 | C98: 93 | D98: F | E98: F | F98: =D98=G98 -> FALSE | G98: 0 | H98: 0 | I98: 0 | J98: 0 | K98: 0 | L98: 0 | M98: 0 | N98: 0 | O98: 0 | P98: 0 | Q98: 0 | R98: 0 | S98: 0 | T98: 0 | U98: 0 | V98: 0 | W98: 0 | X98: 0 | Y98: 0 | Z98: 0 | AA98: 0 | AB98: 0 | AC98: 0 | AD98: 0 | AE98: 0 | AF98: 0 | AG98: 0 | AH98: 0 | AI98: 0 | AJ98: =COUNTIF(H98:AI98,">0.25") -> 0
A99: 97 | B99: 93 | C99: 94 | D99: N | E99: N | F99: =D99=G99 -> FALSE | G99: 0 | H99: 0 | I99: 0 | J99: 0 | K99: 0 | L99: 0 | M99: 0 | N99: 0 | O99: 0 | P99: 0 | Q99: 0 | R99: 0 | S99: 0 | T99: 0 | U99: 0 | V99: 0 | W99: 0 | X99: 0 | Y99: 0 | Z99: 0 | AA99: 0 | AB99: 0 | AC99: 0 | AD99: 0 | AE99: 0 | AF99: 0 | AG99: 0 | AH99: 0 | AI99: 0 | AJ99: =COUNTIF(H99:AI99,">0.25") -> 0
A100: 98 | B100: 94 | C100: 95 | D100: M | E100: M | F100: =D100=G100 -> FALSE | G100: 0 | H100: 0 | I100: 0 | J100: 0 | K100: 0 | L100: 0 | M100: 0 | N100: 0 | O100: 0 | P100: 0 | Q100: 0 | R100: 0 | S100: 0 | T100: 0 | U100: 0 | V100: 0 | W100: 0 | X100: 0 | Y100: 0 | Z100: 0 | AA100: 0 | AB100: 0 | AC100: 0 | AD100: 0 | AE100: 0 | AF100: 0 | AG100: 0 | AH100: 0 | AI100: 0 | AJ100: =COUNTIF(H100:AI100,">0.25") -> 0
A101: 99 | B101: 95 | C101: 96 | D101: W | E101: W | F101: =D101=G101 -> FALSE | G101: 0 | H101: 0 | I101: 0 | J101: 0 | K101: 0 | L101: 0 | M101: 0 | N101: 0 | O101: 0 | P101: 0 | Q101: 0 | R101: 0 | S101: 0 | T101: 0 | U101: 0 | V101: 0 | W101: 0 | X101: 0 | Y101: 0 | Z101: 0 | AA101: 0 | AB101: 0 | AC101: 0 | AD101: 0 | AE101: 0 | AF101: 0 | AG101: 0 | AH101: 0 | AI101: 0 | AJ101: =COUNTIF(H101:AI101,">0.25") -> 0
A102: 100 | B102: 96 | C102: 97 | D102: K | E102: K | F102: =D102=G102 -> FALSE | G102: E | H102: 0 | I102: 0 | J102: 0.52473629 | K102: 0 | L102: 0 | M102: 0 | N102: 0 | O102: 0 | P102: 0 | Q102: 0 | R102: 0 | S102: 0 | T102: 0.16835017 | U102: 0 | V102: 0 | W102: 0.44963207 | X102: 0 | Y102: 0 | Z102: 0 | AA102: 0 | AB102: 0 | AC102: 0 | AD102: 0 | AE102: 0 | AF102: 0 | AG102: 0 | AH102: 0 | AI102: 0 | AJ102: =COUNTIF(H102:AI102,">0.25") -> 2
A103: 101 | B103: 97 | C103: 98 | D103: S | E103: N | F103: =D103=G103 -> FALSE | G103: N | H103: 0.45980773 | I103: 0.62283642 | J103: 0.9860223 | K103: 0.35964288 | L103: 0 | M103: 0.7421981 | N103: 0 | O103: 0 | P103: 0 | Q103: 0.64925568 | R103: 0.90900953 | S103: 0.99052242 | T103: 0.82706767 | U103: 0 | V103: 0 | W103: 0.75439043 | X103: 0.9951087 | Y103: 0 | Z103: 0.34073442 | AA103: 0 | AB103: 0 | AC103: 0 | AD103: 0.86976744 | AE103: 0 | AF103: 0.97145256 | AG103: 0.13243762 | AH103: 0.99701937 | AI103: 0.42832764 | AJ103: =COUNTIF(H103:AI103,">0.25") -> 16
A104: 102 | B104: 98 | C104: 99 | D104: N | E104: D | F104: =D104=G104 -> FALSE | G104: 0 | H104: 0 | I104: 0 | J104: 0 | K104: 0 | L104: 0 | M104: 0 | N104: 0 | O104: 0 | P104: 0 | Q104: 0 | R104: 0 | S104: 0 | T104: 0 | U104: 0 | V104: 0 | W104: 0 | X104: 0 | Y104: 0 | Z104: 0 | AA104: 0 | AB104: 0 | AC104: 0 | AD104: 0 | AE104: 0 | AF104: 0 | AG104: 0 | AH104: 0 | AI104: 0 | AJ104: =COUNTIF(H104:AI104,">0.25") -> 0
A105: 103 | B105: 99 | C105: 100 | D105: M | E105: M | F105: =D105=G105 -> FALSE | G105: 0 | H105: 0 | I105: 0 | J105: 0 | K105: 0 | L105: 0 | M105: 0 | N105: 0 | O105: 0 | P105: 0 | Q105: 0 | R105: 0 | S105: 0 | T105: 0 | U105: 0 | V105: 0 | W105: 0 | X105: 0 | Y105: 0 | Z105: 0 | AA105: 0 | AB105: 0 | AC105: 0 | AD105: 0 | AE105: 0 | AF105: 0 | AG105: 0 | AH105: 0 | AI105: 0 | AJ105: =COUNTIF(H105:AI105,">0.25") -> 0
A106: 104 | B106: 100 | C106: 101 | D106: V | E106: V | F106: =D106=G106 -> FALSE | G106: 0 | H106: 0 | I106: 0 | J106: 0 | K106: 0 | L106: 0 | M106: 0 | N106: 0 | O106: 0 | P106: 0 | Q106: 0 | R106: 0 | S106: 0 | T106: 0 | U106: 0 | V106: 0 | W106: 0 | X106: 0 | Y106: 0 | Z106: 0 | AA106: 0 | AB106: 0 | AC106: 0 | AD106: 0 | AE106: 0 | AF106: 0 | AG106: 0 | AH106: 0 | AI106: 0 | AJ106: =COUNTIF(H106:AI106,">0.25") -> 0
...

Sheet sequencing metadata
A1: sample | B1: week
A2: CD5-m260 | B2: 24
A3: CD5-m263 | B3: 15
A4: CD5-m264 | B4: 9
A5: CD5-m265 | B5: 25
A6: CD5-m269 | B6: 22
A7: CD5-m271 | B7: 26
A8: CD5-m272 | B8: 26
A9: CD5-m273 | B9: 18
A10: CD5-m281 | B10: 20
A11: CD5-m285 | B11: 26
A12: CD10-m880 | B12: 24
A13: CD20-m020 | B13: 18
... A28: CD46-m336 | B28: 24
A29: CD46-m337
A30: CD46-m339 | B30: 13
A31: CD46-m340 | B31: 22
A32: CD50-m131 | B32: 15
A33: CD50-m134 | B33: 12
A34: CD50-m136 | B34: 12
A35: CD21-m998 | B35: 24
A36: CD21-m999 | B36: 24
A37: CD21-m002 | B37: 18
A38: CD21-m003 | B38: 24
A39: CD21-m004 | B39: 12
A40: CD21-m006 | B40: 24
A41: CD21-m007 | B41: 21
... A50: CD30-m205 | B50: 20
A51: CD30-m206
A52: CD30-m207 | B52: 20
A53: CD30-m228
A54: CD30-m229 | B54: 20
A55: CD30-m230 | B55: 16
A56: CD30-m231 | B56: 20
A57: CD30-m232 | B57: 12
A58: CD50-m066 | B58: 24
A59: CD50-m067
A60: CD50-m068 | B60: 24
A61: CD50-m069 | B61: 24
A62: CD50-m071 | B62: 24
A63: CD50-m072
A64: CD50-m073 | B64: 24
A65: CD50-m074 | B65: 24

Sheet survival
A1: Sample | B1: Weeks Post-AAV | C1: Luciferase | D1: VRC07 | E1: PGDM140 | F1: N6
A2: CD5-m260 | B2: 12 | D2: 1
A3: CD5-m263 | B3: 7 | D3: 1
A4: CD5-m264 | B4: 4 | D4: 1
A5: CD5-m265 | B5: 5 | D5: 1
A6: CD5-m269 | B6: 14 | D6: 1
A7: CD5-m271 | B7: 3 | D7: 1
A8: CD5-m272 | B8: 5 | D8: 1
A9: CD5-m273 | B9: 8 | D9: 1
A10: CD5-m281 | B10: 2 | D10: 1
A11: CD5-m285 | B11: 2 | D11: 1
A12: CD10-m880 | B12: 10 | D12: 1
A13: CD20-m020 | B13: 3 | D13: 1
... A57: CD21-m020 | B57: 20 | D57: 0
A58: CD5-m245 | B58: 2 | C58: 1
A59: CD5-m246 | B59: 2 | C59: 1
A60: CD5-m247 | B60: 2 | C60: 1
A61: CD5-m248 | B61: 2 | C61: 1
A62: CD5-m249 | B62: 2 | C62: 1
A63: CD5-m250 | B63: 2 | C63: 1
A64: CD5-m251 | B64: 2 | C64: 1
A65: CD5-m253 | B65: 2 | C65: 1
A66: CD5-m254 | B66: 2 | C66: 1
A67: CD5-m255 | B67: 2 | C67: 1
A68: CD5-m256 | B68: 2 | C68: 1
A69: CD5-m257 | B69: 2 | C69: 1
... A101: CD21-m013 | B101: 2 | C101: 1
A102: CD21-m021*
A103: CD21-m022 | B103: 2 | C103: 1
A104: CD21-m023 | B104: 2 | C104: 1
A105: CD21-m024 | B105: 2 | C105: 1
A106: CD21-m025 | B106: 2 | C106: 1
A107: CD21-m026 | B107: 2 | C107: 1
A108: CD46-m324 | B108: 2 | C108: 1
A109: CD46-m327*
A110: CD46-m328 | B110: 2 | C110: 1
A111: CD46-m330 | B111: 2 | C111: 1
A112: CD5-m283*
A113: CD10-m876*
A114: CD20-m025*
A115: CD20-m035*
A116: CD20-m036*
A117: CD46-m338*
A118: CD10-m851 | B118: 2 | E118: 1
A119: CD10-m852 | B119: 2 | E119: 1
A120: CD10-m853 | B120: 2 | E120: 1
A121: CD10-m854 | B121: 2 | E121: 1
A122: CD10-m855 | B122: 2 | E122: 1
A123: CD10-m896 | B123: 2 | E123: 1
A124: CD10-m898 | B124: 2 | E124: 1
A125: CD10-m899 | B125: 2 | E125: 1
A126: CD10-m900 | B126: 2 | E126: 1
A127: CD20-m004 | B127: 3 | F127: 1
A128: CD20-m005 | B128: 3 | F128: 1
A129: CD20-m006 | B129: 2 | F129: 1
A130: CD20-m007 | B130: 3 | F130: 1
A131: CD20-m008 | B131: 2 | F131: 1
A132: CD20-m009 | B132: 2 | F132: 1
A133: CD20-m010 | B133: 3 | F133: 1
A134: CD20-m011 | B134: 3 | F134: 1
A135: CD20-m012 | B135: 3 | F135: 1
A136: CD20-m013 | B136: 4 | F136: 1
A137: CD20-m029 | B137: 2 | F137: 1
A138: CD20-m030 | B138: 2 | F138: 1
... A151: CSY41-m774 | B151: 2 | F151: 1
A152: m782*
A153: m783 | B153: 2 | E153: 1
A154: m784 | B154: 2 | E154: 1
A155: m785 | B155: 2 | E155: 1
A156: m786 | B156: 2 | E156: 1
A157: m787 | B157: 2 | E157: 1
A158: m788 | B158: 2 | E158: 1
A159: m789 | B159: 3 | E159: 1
A160: m806 | B160: 2 | F160: 1
A161: m807 | B161: 2 | F161: 1
A162: m808 | B162: 2 | F162: 1
A163: m809 | B163: 2 | F163: 1
A164: m810 | B164: 2 | F164: 1
A165: m756 | B165: 2 | F165: 1
A166: m757 | B166: 2 | F166: 1
A167: m773 | B167: 3
A168: m774 | B168: 3
A169: m776 | B169: 2
A170: m777 | B170: 2
A171: m778 | B171: 2
A172: m779 | B172: 2
A173: m780 | B173: 2
A174: m781 | B174: 2

Sheet REJOc Survival Analysis
A1: Sample | B1: Expression | C1: Weeks Post-AAV | D1: Luciferase | E1: VRC07
A2: CD5-m265 | B2: =VLOOKUP(A2,Expression!$C$1:$D$462,2,FALSE) -> 37.9099 | C2: 5 | E2: 1
A3: CD5-m273 | B3: =VLOOKUP(A3,Expression!$C$1:$D$462,2,FALSE) -> 70.4947 | C3: 8 | E3: 1
A4: CD20-m020 | B4: =VLOOKUP(A4,Expression!$C$1:$D$462,2,FALSE) -> 59.9141 | C4: 3 | E4: 1
A5: CD20-m021 | B5: =VLOOKUP(A5,Expression!$C$1:$D$462,2,FALSE) -> 74.6133 | C5: 4 | E5: 1
A6: CD20-m022 | B6: =VLOOKUP(A6,Expression!$C$1:$D$462,2,FALSE) -> 39.688 | C6: 3 | E6: 1
A7: CD20-m023 | B7: =VLOOKUP(A7,Expression!$C$1:$D$462,2,FALSE) -> 49.7479 | C7: 4 | E7: 1
A8: CD21-m017 | B8: =VLOOKUP(A8,Expression!$C$1:$D$462,2,FALSE) -> 177.065 | C8: 5 | E8: 1
A9: CD46-m331 | B9: =VLOOKUP(A9,Expression!$C$1:$D$462,2,FALSE) -> 79.3527 | C9: 5 | E9: 1
A10: CD46-m336 | B10: =VLOOKUP(A10,Expression!$C$1:$D$462,2,FALSE) -> 79.2136 | C10: 4 | E10: 1
A11: CD5-m272 | B11: =VLOOKUP(A11,Expression!$C$1:$D$462,2,FALSE) -> 32.7447 | C11: 5 | E11: 1
A12: CD5-m281 | B12: =VLOOKUP(A12,Expression!$C$1:$D$462,2,FALSE) -> 109.9856 | C12: 2 | E12: 1
A13: CD20-m028 | B13: =VLOOKUP(A13,Expression!$C$1:$D$462,2,FALSE) -> 65.932 | C13: 6 | E13: 1
... A56: CD50-m131 | B56: =VLOOKUP(A56,Expression!$C$1:$D$462,2,FALSE) -> 21.2032 | C56: 7 | E56: 1

Sheet Expression
A1: Experiment | B1: Mouse | C1: ID | D1: Geomean
A2: CD5 | B2: 260 | C2: =_xlfn.CONCAT(A2,"-m",B2) -> CD5-m260 | D2: 20.088
A3: CD5 | B3: 261 | C3: =_xlfn.CONCAT(A3,"-m",B3) -> CD5-m261 | D3: 40.2419
A4: CD5 | B4: 263 | C4: =_xlfn.CONCAT(A4,"-m",B4) -> CD5-m263 | D4: 32.966
A5: CD5 | B5: 264 | C5: =_xlfn.CONCAT(A5,"-m",B5) -> CD5-m264 | D5: 18.2003
A6: CD5 | B6: 265 | C6: =_xlfn.CONCAT(A6,"-m",B6) -> CD5-m265 | D6: 37.9099
A7: CD5 | B7: 266 | C7: =_xlfn.CONCAT(A7,"-m",B7) -> CD5-m266 | D7: 49.7924
A8: CD5 | B8: 267 | C8: =_xlfn.CONCAT(A8,"-m",B8) -> CD5-m267 | D8: 41.9774
A9: CD5 | B9: 269 | C9: =_xlfn.CONCAT(A9,"-m",B9) -> CD5-m269 | D9: 33.6268
A10: CD5 | B10: 270 | C10: =_xlfn.CONCAT(A10,"-m",B10) -> CD5-m270 | D10: 50.4443
A11: CD5 | B11: 271 | C11: =_xlfn.CONCAT(A11,"-m",B11) -> CD5-m271 | D11: 15.9094
A12: CD5 | B12: 272 | C12: =_xlfn.CONCAT(A12,"-m",B12) -> CD5-m272 | D12: 32.7447
A13: CD5 | B13: 273 | C13: =_xlfn.CONCAT(A13,"-m",B13) -> CD5-m273 | D13: 70.4947
... A53: CD10 | B53: 900 | C53: =_xlfn.CONCAT(A53,"-m",B53) -> CD10-m900 | D53: 42.3516
A54: CD20 | B54: m004 | C54: =_xlfn.CONCAT(A54,"-",B54) -> CD20-m004 | D54: 15.3163
A55: CD20 | B55: m005 | C55: =_xlfn.CONCAT(A55,"-",B55) -> CD20-m005 | D55: 13.9864
A56: CD20 | B56: m006 | C56: =_xlfn.CONCAT(A56,"-",B56) -> CD20-m006 | D56: 15.93
A57: CD20 | B57: m007 | C57: =_xlfn.CONCAT(A57,"-",B57) -> CD20-m007 | D57: 11.8393
A58: CD20 | B58: m008 | C58: =_xlfn.CONCAT(A58,"-",B58) -> CD20-m008 | D58: 14.6341
A59: CD20 | B59: m009 | C59: =_xlfn.CONCAT(A59,"-",B59) -> CD20-m009 | D59: 2.3771
A60: CD20 | B60: m010 | C60: =_xlfn.CONCAT(A60,"-",B60) -> CD20-m010 | D60: 11.8213
A61: CD20 | B61: m011 | C61: =_xlfn.CONCAT(A61,"-",B61) -> CD20-m011 | D61: 17.4849
A62: CD20 | B62: m012 | C62: =_xlfn.CONCAT(A62,"-",B62) -> CD20-m012 | D62: 16.7985
A63: CD20 | B63: m013 | C63: =_xlfn.CONCAT(A63,"-",B63) -> CD20-m013 | D63: 14.5655
A64: CD20 | B64: m029 | C64: =_xlfn.CONCAT(A64,"-",B64) -> CD20-m029 | D64: 4.3733
A65: CD20 | B65: m030 | C65: =_xlfn.CONCAT(A65,"-",B65) -> CD20-m030 | D65: 17.6805
... A171: CD27 | B171: m803 | C171: =_xlfn.CONCAT(A171,"-",B171) -> CD27-m803 | D171: 0.5787
A172: CD30 | B172: 158 | C172: =_xlfn.CONCAT(A172,"-m",B172) -> CD30-m158 | D172: 586.3097
A173: CD30 | B173: 159 | C173: =_xlfn.CONCAT(A173,"-m",B173) -> CD30-m159 | D173: 315.0203
A174: CD30 | B174: 160 | C174: =_xlfn.CONCAT(A174,"-m",B174) -> CD30-m160 | D174: 347.1628
A175: CD30 | B175: 161 | C175: =_xlfn.CONCAT(A175,"-m",B175) -> CD30-m161 | D175: 274.6268
A176: CD30 | B176: 162 | C176: =_xlfn.CONCAT(A176,"-m",B176) -> CD30-m162 | D176: 794.0524
A177: CD30 | B177: 164 | C177: =_xlfn.CONCAT(A177,"-m",B177) -> CD30-m164 | D177: 244.8502
A178: CD30 | B178: 165 | C178: =_xlfn.CONCAT(A178,"-m",B178) -> CD30-m165 | D178: 337.2518
A179: CD30 | B179: 166 | C179: =_xlfn.CONCAT(A179,"-m",B179) -> CD30-m166 | D179: 490.1936
A180: CD30 | B180: 167 | C180: =_xlfn.CONCAT(A180,"-m",B180) -> CD30-m167 | D180: 338.1059
A181: CD30 | B181: 168 | C181: =_xlfn.CONCAT(A181,"-m",B181) -> CD30-m168 | D181: 550.2127
A182: CD30 | B182: 169 | C182: =_xlfn.CONCAT(A182,"-m",B182) -> CD30-m169 | D182: 262.5437
A183: CD30 | B183: 170 | C183: =_xlfn.CONCAT(A183,"-m",B183) -> CD30-m170 | D183: 341.9487
... A311: CD46 | B311: 402 | C311: =_xlfn.CONCAT(A311,"-m",B311) -> CD46-m402 | D311: 20.7454
A312: CD50 | B312: 66 | C312: =_xlfn.CONCAT(A312,"-m0",B312) -> CD50-m066 | D312: 54.8498
A313: CD50 | B313: 67 | C313: =_xlfn.CONCAT(A313,"-m0",B313) -> CD50-m067 | D313: 11.476
A314: CD50 | B314: 68 | C314: =_xlfn.CONCAT(A314,"-m0",B314) -> CD50-m068 | D314: 39.0022
A315: CD50 | B315: 69 | C315: =_xlfn.CONCAT(A315,"-m0",B315) -> CD50-m069 | D315: 66.0624
A316: CD50 | B316: 71 | C316: =_xlfn.CONCAT(A316,"-m0",B316) -> CD50-m071 | D316: 48.8981
A317: CD50 | B317: 72 | C317: =_xlfn.CONCAT(A317,"-m0",B317) -> CD50-m072 | D317: 35.8961
A318: CD50 | B318: 73 | C318: =_xlfn.CONCAT(A318,"-m0",B318) -> CD50-m073 | D318: 76.1636
A319: CD50 | B319: 74 | C319: =_xlfn.CONCAT(A319,"-m0",B319) -> CD50-m074 | D319: 63.3509
A320: CD50 | B320: 86 | C320: =_xlfn.CONCAT(A320,"-m0",B320) -> CD50-m086 | D320: 62.2509
A321: CD50 | B321: 87 | C321: =_xlfn.CONCAT(A321,"-m0",B321) -> CD50-m087 | D321: 52.5394
A322: CD50 | B322: 88 | C322: =_xlfn.CONCAT(A322,"-m0",B322) -> CD50-m088 | D322: 60.1384
A323: CD50 | B323: 89 | C323: =_xlfn.CONCAT(A323,"-m0",B323) -> CD50-m089 | D323: 60.6654
... A331: CD50 | B331: 99 | C331: =_xlfn.CONCAT(A331,"-m0",B331) -> CD50-m099 | D331: 41.6405
A332: CD50 | B332: 100 | C332: =_xlfn.CONCAT(A332,"-m",B332) -> CD50-m100 | D332: 45.8084
A333: CD50 | B333: 108 | C333: =_xlfn.CONCAT(A333,"-m",B333) -> CD50-m108 | D333: 31.6829
A334: CD50 | B334: 109 | C334: =_xlfn.CONCAT(A334,"-m",B334) -> CD50-m109 | D334: 43.6859
A335: CD50 | B335: 110 | C335: =_xlfn.CONCAT(A335,"-m",B335) -> CD50-m110 | D335: 59.8417
A336: CD50 | B336: 112 | C336: =_xlfn.CONCAT(A336,"-m",B336) -> CD50-m112 | D336: 43.8336
A337: CD50 | B337: 126 | C337: =_xlfn.CONCAT(A337,"-m",B337) -> CD50-m126 | D337: 44.8705
A338: CD50 | B338: 113 | C338: =_xlfn.CONCAT(A338,"-m",B338) -> CD50-m113 | D338: 56.2924
A339: CD50 | B339: 114 | C339: =_xlfn.CONCAT(A339,"-m",B339) -> CD50-m114 | D339: 22.0389
A340: CD50 | B340: 115 | C340: =_xlfn.CONCAT(A340,"-m",B340) -> CD50-m115 | D340: 24.9936
A341: CD50 | B341: 116 | C341: =_xlfn.CONCAT(A341,"-m",B341) -> CD50-m116 | D341: 54.4316
A342: CD50 | B342: 117 | C342: =_xlfn.CONCAT(A342,"-m",B342) -> CD50-m117 | D342: 28.9983
A343: CD50 | B343: 118 | C343: =_xlfn.CONCAT(A343,"-m",B343) -> CD50-m118 | D343: 15.816
... A462: CD56 | B462: 717 | C462: =_xlfn.CONCAT(A462,"-m",B462) -> CD56-m717 | D462: 0.0068

Sheet setpoint vl
A1: SampleID | B1: Count of Value | C1: Product of Value2 | D1: Average of Value2 | E1: GeoMean
A2: CD10-m851 | B2: 27 | C2: 5.3881599e+123 | D2: 122312.99 | E2: 38251.277
A3: CD10-m852 | B3: 22 | C3: 2.0365848e+121 | D3: 495151.58 | E3: 326618.68
A4: CD10-m853 | B4: 40 | C4: 1.6040472e+202 | D4: 154289.07 | E4: 113535.17
A5: CD10-m854 | B5: 34 | C5: 4.7981414e+175 | D5: 222531.39 | E5: 146923.2
A6: CD10-m855 | B6: 36 | C6: 1.6971311e+185 | D6: 287974.89 | E6: 139723.63
A7: CD10-m880 | B7: 20 | C7: 1.3554678e+117 | D7: 792706.09 | E7: 718794.03
A8: CD10-m896 | B8: 34 | C8: 3.7540516e+168 | D8: 133979.99 | E8: 90797.426
A9: CD10-m898 | B9: 8 | C9: 8.1687966e+45 | D9: 816046.5 | E9: 548301.91
A10: CD10-m899 | B10: 22 | C10: 1.1688106e+107 | D10: 102858.14 | E10: 73572.522
A11: CD10-m900 | B11: 27 | C11: 1.0334888e+126 | D11: 168421.93 | E11: 46472.551
A12: CD20-m004 | B12: 22 | C12: 4.3149168e+123 | D12: 570842.25 | E12: 416650.08
A13: CD20-m005 | B13: 19 | C13: 5.948822e+108 | D13: 1187582.1 | E13: 530847.84
... A55: CD20-m034 | B55: 2 | C55: 1.5344283e+08 | D55: 13161.588 | E55: 12387.204
