Workbook

Sheet RV Haplotypes Edited
D7: Geometric Mean Expression (mg/ml) | E7: Time to Escape (Weeks) | F7: RV Pos | G7: 280
B8: Escape Path | C8: Sample ID | F8: HXB2 Pos | G8: 279
F9: WT AA | G9: D
F10: Mut AA | G10: A | H10: K | I10: H
B11: =VLOOKUP($C11,'RD Haplotypes'!$A$10:$BR$30,3,FALSE) -> #N/A | C11: CD50-m168 | D11: =VLOOKUP($C11,'RD Haplotypes'!$A$10:$BR$30,4,FALSE) -> #N/A | E11: =VLOOKUP($C11,'RD Haplotypes'!$A$10:$BR$30,5,FALSE) -> #N/A | G11: 0.84979716 | H11: 0 | I11: 0.1464503
C12: CD50-m167 | D12: =VLOOKUP($C12,'RD Haplotypes'!$A$10:$BR$30,4,FALSE) -> #N/A | E12: =VLOOKUP($C12,'RD Haplotypes'!$A$10:$BR$30,5,FALSE) -> #N/A | G12: 0.97213904 | H12: 0 | I12: 0
C13: CD50-m169 | D13: =VLOOKUP($C13,'RD Haplotypes'!$A$10:$BR$30,4,FALSE) -> #N/A | E13: =VLOOKUP($C13,'RD Haplotypes'!$A$10:$BR$30,5,FALSE) -> #N/A | G13: 0.99513627 | H13: 0 | I13: 0
C14: CD50-m163 | D14: =VLOOKUP($C14,'RD Haplotypes'!$A$10:$BR$30,4,FALSE) -> #N/A | E14: =VLOOKUP($C14,'RD Haplotypes'!$A$10:$BR$30,5,FALSE) -> #N/A | G14: 0.9959894 | H14: 0 | I14: 0
C15: CD50-m166 | D15: =VLOOKUP($C15,'RD Haplotypes'!$A$10:$BR$30,4,FALSE) -> #N/A | E15: =VLOOKUP($C15,'RD Haplotypes'!$A$10:$BR$30,5,FALSE) -> #N/A | G15: 0.99651422 | H15: 0 | I15: 0
B16: =VLOOKUP($C16,'RD Haplotypes'!$A$10:$BR$30,3,FALSE) -> #N/A | C16: CD50-m172 | D16: =VLOOKUP($C16,'RD Haplotypes'!$A$10:$BR$30,4,FALSE) -> #N/A | E16: =VLOOKUP($C16,'RD Haplotypes'!$A$10:$BR$30,5,FALSE) -> #N/A | G16: 0 | H16: 0.99771347 | I16: 0
C17: CD50-m175 | D17: =VLOOKUP($C17,'RD Haplotypes'!$A$10:$BR$30,4,FALSE) -> #N/A | E17: =VLOOKUP($C17,'RD Haplotypes'!$A$10:$BR$30,5,FALSE) -> #N/A | G17: 0 | H17: 0.99725421 | I17: 0
C18: CD50-m176 | D18: =VLOOKUP($C18,'RD Haplotypes'!$A$10:$BR$30,4,FALSE) -> #N/A | E18: =VLOOKUP($C18,'RD Haplotypes'!$A$10:$BR$30,5,FALSE) -> #N/A | G18: 0 | H18: 0.76339042 | I18: 0
B19: =VLOOKUP($C19,'RD Haplotypes'!$A$10:$BR$30,3,FALSE) -> #N/A | C19: CD50-m161 | D19: =VLOOKUP($C19,'RD Haplotypes'!$A$10:$BR$30,4,FALSE) -> #N/A | E19: =VLOOKUP($C19,'RD Haplotypes'!$A$10:$BR$30,5,FALSE) -> #N/A | G19: 0 | H19: 0 | I19: 0.992232

Sheet RD Haplotypes
H7: aa_pos | I7: 97 | J7: 168 | K7: 168 | L7: 237 | M7: 256 | N7: 260 | O7: 262 | P7: 269 | Q7: 271 | R7: 276 | S7: 278 | T7: 280 | U7: 282 | V7: 282 | W7: 283 | X7: 283 | Y7: 284 | Z7: 288 | AA7: 292 | AB7: 453 | AC7: 473 | AD7: 477 | AE7: 489 | AF7: 502 | AG7: 650 | AH7: 667 | AI7: 761 | AJ7: 854 | AK7: 854
H8: HXB2_pos | I8: 98 | J8: 167 | K8: 167 | L8: 236 | M8: 255 | N8: 259 | O8: 261 | P8: 268 | Q8: 270 | R8: 275 | S8: 277 | T8: 279 | U8: 281 | V8: 281 | W8: 282 | X8: 282 | Y8: 283 | Z8: 287 | AA8: 291 | AB8: 455 | AC8: 474 | AD8: 478 | AE8: 490 | AF8: 503 | AG8: 651 | AH8: 668 | AI8: 762 | AJ8: 855 | AK8: 856
H9: RD_aa | I9: S | J9: D | K9: D | L9: T | M9: I | N9: L | O9: L | P9: D | Q9: V | R9: D | S9: F | T9: D | U9: A | V9: A | W9: K | X9: K | Y9: T | Z9: H | AA9: T | AB9: T | AC9: D | AD9: N | AE9: Q | AF9: R | AG9: N | AH9: S | AI9: S | AJ9: L | AK9: L
A10: Samples | B10: Escape Path ID | C10: Escape Path | D10: Geometric Mean Expression (mg/ml) | E10: Time to Escape (Weeks) | F10: Time of Sequencing | G10: Time After Escape | H10: aa_alt | I10: N | J10: G | K10: N | L10: K | M10: V | N10: L | O10: L | P10: E | Q10: V | R10: E | S10: F | T10: N | U10: DEL | V10: T | W10: N | X10: DEL | Y10: I | Z10: Q | AA10: S | AB10: I | AC10: D | AD10: N | AE10: K | AF10: K | AG10: S | AH10: G | AI10: N | AJ10: M | AK10: I
A11: CD50-m151 | B11: A | C11: =VLOOKUP(B11,'RV Escape Paths'!$A$1:$C$5,3,FALSE) -> A: D279A | D11: =VLOOKUP(A11,Expression!$C$1:$D$462,2,FALSE) -> 64.1636 | E11: =VLOOKUP(A11,'RV Survival Analysis'!$A$1:$C$100,3,FALSE) -> #N/A | F11: =VLOOKUP(A11,'sequencing metadata'!$A$1:$B$34,2,FALSE) -> #N/A | G11: =F11-E11 -> #N/A | I11: 0.50228675 | J11: 0 | K11: 0.70874959 | L11: 0 | M11: 0.99423868 | N11: 0.86423358 | O11: 0.99190283 | P11: 0.9738806 | Q11: 0.97520661 | R11: 0.98947368 | S11: 0.98412698 | T11: 0 | U11: 0.6080402 | V11: 0 | W11: 0.32017544 | X11: 0.53070175 | Y11: 0.98888889 | Z11: 0.99434229 | AA11: 0.9939759 | AB11: 0.99667837 | AC11: 0.99636713 | AD11: 0.9967557 | AE11: 0.93257318 | AF11: 0 | AG11: 0 | AH11: 0 | AI11: 0 | AJ11: 0.35344418 | AK11: 0
A12: CD50-m152 | B12: A | C12: =VLOOKUP(B12,'RV Escape Paths'!$A$1:$C$5,3,FALSE) -> A: D279A | D12: =VLOOKUP(A12,Expression!$C$1:$D$462,2,FALSE) -> 65.4274 | E12: =VLOOKUP(A12,'RV Survival Analysis'!$A$1:$C$100,3,FALSE) -> #N/A | F12: =VLOOKUP(A12,'sequencing metadata'!$A$1:$B$34,2,FALSE) -> #N/A | G12: =F12-E12 -> #N/A | I12: 0 | J12: 0.99607623 | K12: 0 | L12: 0.99509403 | M12: 0 | N12: 0 | O12: 0 | P12: 0 | Q12: 0 | R12: 0 | S12: 0 | T12: 0.93771962 | U12: 0 | V12: 0.94370263 | W12: 0 | X12: 0 | Y12: 0 | Z12: 0 | AA12: 0 | AB12: 0 | AC12: 0 | AD12: 0 | AE12: 0 | AF12: 0.34282836 | AG12: 0.46633593 | AH12: 0.67981528 | AI12: 0.3595679 | AJ12: 0 | AK12: 0
H13: Score | I13: =COUNTIF(I11:I12,">0.25") -> 1 | J13: =COUNTIF(J11:J12,">0.25") -> 1 | K13: =COUNTIF(K11:K12,">0.25") -> 1 | L13: =COUNTIF(L11:L12,">0.25") -> 1 | M13: =COUNTIF(M11:M12,">0.25") -> 1 | N13: =COUNTIF(N11:N12,">0.25") -> 1 | O13: =COUNTIF(O11:O12,">0.25") -> 1 | P13: =COUNTIF(P11:P12,">0.25") -> 1 | ... AJ13: =COUNTIF(AJ11:AJ12,">0.25") -> 1 | AK13: 0

Sheet RV Hap Count
A3: Row Labels | B3: Count of Escape Path | C3: Count of Escape Path2
A4: A: D279A | B4: 2 | C4: 1
A5: (blank) | C5: 0
A6: Grand Total | B6: 2 | C6: 1

Sheet RV Escape Paths
A1: Escape Path ID | B1: Escape Path | C1: Escape Path + ID
A2: A | B2: D279A | C2: =_xlfn.CONCAT(A2,": ",B2) -> A: D279A
A3: B | B3: D279K | C3: =_xlfn.CONCAT(A3,": ",B3) -> B: D279K
A4: C | B4: D279H | C4: =_xlfn.CONCAT(A4,": ",B4) -> C: D279H
A5: D | B5: Other | C5: =_xlfn.CONCAT(A5,": ",B5) -> D: Other

Sheet RD Raw 0.1
B1: aa_pos | C1: HXB2_pos | D1: RD_aa | E1: HXB2_aa | F1: aa_alt | G1: CD50-m151 | H1: CD50-m152 | I1: Score
A2: 0 | B2: 1 | C2: 1 | D2: M | E2: M | F2: 0 | G2: 0 | H2: 0 | I2: =COUNTIF(G2:H2,">0.1") -> 0
A3: 1 | B3: 2 | C3: 2 | D3: K | E3: R | F3: 0 | G3: 0 | H3: 0 | I3: =COUNTIF(G3:H3,">0.1") -> 0
A4: 2 | B4: 3 | C4: 3 | D4: V | E4: V | F4: 0 | G4: 0 | H4: 0 | I4: =COUNTIF(G4:H4,">0.1") -> 0
A5: 3 | B5: 4 | C5: 4 | D5: K | E5: K | F5: 0 | G5: 0 | H5: 0 | I5: =COUNTIF(G5:H5,">0.1") -> 0
A6: 4 | B6: 5 | C6: 4a | D6: G | E6: - | F6: 0 | G6: 0 | H6: 0 | I6: =COUNTIF(G6:H6,">0.1") -> 0
A7: 5 | B7: 6 | C7: 4b | D7: I | E7: - | F7: 0 | G7: 0 | H7: 0 | I7: =COUNTIF(G7:H7,">0.1") -> 0
A8: 6 | B8: 7 | C8: 4c | D8: R | E8: - | F8: 0 | G8: 0 | H8: 0 | I8: =COUNTIF(G8:H8,">0.1") -> 0
A9: 7 | B9: 8 | C9: 5 | D9: R | E9: E | F9: 0 | G9: 0 | H9: 0 | I9: =COUNTIF(G9:H9,">0.1") -> 0
A10: 8 | B10: 9 | C10: 6 | D10: N | E10: K | F10: 0 | G10: 0 | H10: 0 | I10: =COUNTIF(G10:H10,">0.1") -> 0
A11: 9 | B11: 10 | C11: 7 | D11: Y | E11: Y | F11: 0 | G11: 0 | H11: 0 | I11: =COUNTIF(G11:H11,">0.1") -> 0
A12: 10 | B12: 11 | C12: 8 | D12: Q | E12: Q | F12: 0 | G12: 0 | H12: 0 | I12: =COUNTIF(G12:H12,">0.1") -> 0
A13: 11 | B13: 12 | C13: 9 | D13: H | E13: H | F13: 0 | G13: 0 | H13: 0 | I13: =COUNTIF(G13:H13,">0.1") -> 0
A14: 12 | B14: 13 | C14: 10 | D14: L | E14: L | F14: 0 | G14: 0 | H14: 0 | I14: =COUNTIF(G14:H14,">0.1") -> 0
A15: 13 | B15: 14 | C15: 11 | D15: W | E15: W | F15: 0 | G15: 0 | H15: 0 | I15: =COUNTIF(G15:H15,">0.1") -> 0
A16: 14 | B16: 15 | C16: 12 | D16: R | E16: R | F16: 0 | G16: 0 | H16: 0 | I16: =COUNTIF(G16:H16,">0.1") -> 0
A17: 15 | B17: 15a | C17: 13 | D17: - | E17: W | F17: 0 | G17: 0 | H17: 0 | I17: =COUNTIF(G17:H17,">0.1") -> 0
A18: 16 | B18: 15b | C18: 14 | D18: - | E18: G | F18: 0 | G18: 0 | H18: 0 | I18: =COUNTIF(G18:H18,">0.1") -> 0
A19: 17 | B19: 15c | C19: 15 | D19: - | E19: W | F19: 0 | G19: 0 | H19: 0 | I19: =COUNTIF(G19:H19,">0.1") -> 0
A20: 18 | B20: 15d | C20: 16 | D20: - | E20: R | F20: 0 | G20: 0 | H20: 0 | I20: =COUNTIF(G20:H20,">0.1") -> 0
A21: 19 | B21: 16 | C21: 17 | D21: W | E21: W | F21: 0 | G21: 0 | H21: 0 | I21: =COUNTIF(G21:H21,">0.1") -> 0
A22: 20 | B22: 17 | C22: 18 | D22: G | E22: G | F22: S | G22: 0.16896502 | H22: 0 | I22: =COUNTIF(G22:H22,">0.1") -> 1
A23: 21 | B23: 18 | C23: 19 | D23: I | E23: T | F23: 0 | G23: 0 | H23: 0 | I23: =COUNTIF(G23:H23,">0.1") -> 0
A24: 22 | B24: 19 | C24: 20 | D24: M | E24: M | F24: 0 | G24: 0 | H24: 0 | I24: =COUNTIF(G24:H24,">0.1") -> 0
A25: 23 | B25: 20 | C25: 21 | D25: L | E25: L | F25: 0 | G25: 0 | H25: 0 | I25: =COUNTIF(G25:H25,">0.1") -> 0
A26: 24 | B26: 21 | C26: 22 | D26: L | E26: L | F26: 0 | G26: 0 | H26: 0 | I26: =COUNTIF(G26:H26,">0.1") -> 0
A27: 25 | B27: 22 | C27: 23 | D27: G | E27: G | F27: 0 | G27: 0 | H27: 0 | I27: =COUNTIF(G27:H27,">0.1") -> 0
A28: 26 | B28: 23 | C28: 24 | D28: I | E28: M | F28: 0 | G28: 0 | H28: 0 | I28: =COUNTIF(G28:H28,">0.1") -> 0
A29: 27 | B29: 24 | C29: 25 | D29: L | E29: L | F29: 0 | G29: 0 | H29: 0 | I29: =COUNTIF(G29:H29,">0.1") -> 0
A30: 28 | B30: 25 | C30: 26 | D30: M | E30: M | F30: 0 | G30: 0 | H30: 0 | I30: =COUNTIF(G30:H30,">0.1") -> 0
A31: 29 | B31: 26 | C31: 27 | D31: I | E31: I | F31: 0 | G31: 0 | H31: 0 | I31: =COUNTIF(G31:H31,">0.1") -> 0
A32: 30 | B32: 27 | C32: 28 | D32: C | E32: C | F32: 0 | G32: 0 | H32: 0 | I32: =COUNTIF(G32:H32,">0.1") -> 0
A33: 31 | B33: 28 | C33: 29 | D33: S | E33: S | F33: 0 | G33: 0 | H33: 0 | I33: =COUNTIF(G33:H33,">0.1") -> 0
A34: 32 | B34: 29 | C34: 30 | D34: A | E34: A | F34: 0 | G34: 0 | H34: 0 | I34: =COUNTIF(G34:H34,">0.1") -> 0
... A101: 99 | B101: 96 | C101: 97 | D101: K | E101: K | F101: 0 | G101: 0 | H101: 0 | I101: =COUNTIF(G101:H101,">0.1") -> 0
A102: 100 | B102: 97 | C102: 98 | D102: S | E102: N | F102: N | G102: 0.50228675 | H102: 0 | I102: =COUNTIF(G102:H102,">0.1") -> 1
A103: 101 | B103: 98 | C103: 99 | D103: N | E103: D | F103: 0 | G103: 0 | H103: 0 | I103: =COUNTIF(G103:H103,">0.1") -> 0
A104: 102 | B104: 99 | C104: 100 | D104: M | E104: M | F104: 0 | G104: 0 | H104: 0 | I104: =COUNTIF(G104:H104,">0.1") -> 0
A105: 103 | B105: 100 | C105: 101 | D105: V | E105: V | F105: 0 | G105: 0 | H105: 0 | I105: =COUNTIF(G105:H105,">0.1") -> 0
A106: 104 | B106: 101 | C106: 102 | D106: E | E106: E | F106: 0 | G106: 0 | H106: 0 | I106: =COUNTIF(G106:H106,">0.1") -> 0
A107: 105 | B107: 102 | C107: 103 | D107: Q | E107: Q | F107: 0 | G107: 0 | H107: 0 | I107: =COUNTIF(G107:H107,">0.1") -> 0
A108: 106 | B108: 103 | C108: 104 | D108: M | E108: M | F108: 0 | G108: 0 | H108: 0 | I108: =COUNTIF(G108:H108,">0.1") -> 0
A109: 107 | B109: 104 | C109: 105 | D109: H | E109: H | F109: 0 | G109: 0 | H109: 0 | I109: =COUNTIF(G109:H109,">0.1") -> 0
A110: 108 | B110: 105 | C110: 106 | D110: E | E110: E | F110: 0 | G110: 0 | H110: 0 | I110: =COUNTIF(G110:H110,">0.1") -> 0
A111: 109 | B111: 106 | C111: 107 | D111: D | E111: D | F111: 0 | G111: 0 | H111: 0 | I111: =COUNTIF(G111:H111,">0.1") -> 0
A112: 110 | B112: 107 | C112: 108 | D112: I | E112: I | F112: 0 | G112: 0 | H112: 0 | I112: =COUNTIF(G112:H112,">0.1") -> 0
A113: 111 | B113: 108 | C113: 109 | D113: I | E113: I | F113: 0 | G113: 0 | H113: 0 | I113: =COUNTIF(G113:H113,">0.1") -> 0
A114: 112 | B114: 109 | C114: 110 | D114: S | E114: S | F114: 0 | G114: 0 | H114: 0 | I114: =COUNTIF(G114:H114,">0.1") -> 0
... A139: 137 | B139: 134 | C139: 135 | D139: N | E139: K | F139: 0 | G139: 0 | H139: 0 | I139: =COUNTIF(G139:H139,">0.1") -> 0
A140: 138 | B140: 135 | C140: 135a | D140: V | E140: - | F140: 0 | G140: 0 | H140: 0 | I140: =COUNTIF(G140:H140,">0.1") -> 0
A141: 139 | B141: 136 | C141: 135b | D141: T | E141: - | F141: 0 | G141: 0 | H141: 0 | I141: =COUNTIF(G141:H141,">0.1") -> 0
A142: 140 | B142: 137 | C142: 136 | D142: N | E142: N | F142: 0 | G142: 0 | H142: 0 | I142: =COUNTIF(G142:H142,">0.1") -> 0
A143: 141 | B143: 138 | C143: 137 | D143: S | E143: D | F143: 0 | G143: 0 | H143: 0 | I143: =COUNTIF(G143:H143,">0.1") -> 0
A144: 142 | B144: 139 | C144: 138 | D144: N | E144: T | F144: 0 | G144: 0 | H144: 0 | I144: =COUNTIF(G144:H144,">0.1") -> 0
A145: 143 | B145: 140 | C145: 139 | D145: S | E145: N | F145: 0 | G145: 0 | H145: 0 | I145: =COUNTIF(G145:H145,">0.1") -> 0
A146: 144 | B146: 141 | C146: 140 | D146: T | E146: T | F146: 0 | G146: 0 | H146: 0 | I146: =COUNTIF(G146:H146,">0.1") -> 0
A147: 145 | B147: 142 | C147: 141 | D147: D | E147: N | F147: 0 | G147: 0 | H147: 0 | I147: =COUNTIF(G147:H147,">0.1") -> 0
A148: 146 | B148: 143 | C148: 142 | D148: H | E148: S | F148: 0 | G148: 0 | H148: 0 | I148: =COUNTIF(G148:H148,">0.1") -> 0
A149: 147 | B149: 144 | C149: 143 | D149: S | E149: S | F149: 0 | G149: 0 | H149: 0 | I149: =COUNTIF(G149:H149,">0.1") -> 0
A150: 148 | B150: 145 | C150: 144 | D150: T | E150: S | F150: 0 | G150: 0 | H150: 0 | I150: =COUNTIF(G150:H150,">0.1") -> 0
A151: 149 | B151: 146 | C151: 145 | D151: N | E151: G | F151: 0 | G151: 0 | H151: 0 | I151: =COUNTIF(G151:H151,">0.1") -> 0
A152: 150 | B152: 147 | C152: 146 | D152: S | E152: R | F152: 0 | G152: 0 | H152: 0 | I152: =COUNTIF(G152:H152,">0.1") -> 0
A153: 151 | B153: 148 | C153: 147 | D153: S | E153: M | F153: 0 | G153: 0 | H153: 0 | I153: =COUNTIF(G153:H153,">0.1") -> 0
... A172: 170 | B172: 167 | C172: 166 | D172: R | E172: R | F172: 0 | G172: 0 | H172: 0 | I172: =COUNTIF(G172:H172,">0.1") -> 0
A173: 171 | B173: 168 | C173: 167 | D173: D | E173: G | F173: G | G173: 0 | H173: 0.99607623 | I173: =COUNTIF(G173:H173,">0.1") -> 1
A174: 172 | B174: 168 | C174: 167 | D174: D | E174: G | F174: N | G174: 0.70874959 | H174: 0 | I174: =COUNTIF(G174:H174,">0.1") -> 1
A175: 173 | B175: 169 | C175: 168 | D175: K | E175: K | F175: 0 | G175: 0 | H175: 0 | I175: =COUNTIF(G175:H175,">0.1") -> 0
A176: 174 | B176: 170 | C176: 169 | D176: I | E176: V | F176: 0 | G176: 0 | H176: 0 | I176: =COUNTIF(G176:H176,">0.1") -> 0
A177: 175 | B177: 171 | C177: 170 | D177: Q | E177: Q | F177: 0 | G177: 0 | H177: 0 | I177: =COUNTIF(G177:H177,">0.1") -> 0
A178: 176 | B178: 172 | C178: 171 | D178: K | E178: K | F178: 0 | G178: 0 | H178: 0 | I178: =COUNTIF(G178:H178,">0.1") -> 0
A179: 177 | B179: 173 | C179: 172 | D179: E | E179: E | F179: 0 | G179: 0 | H179: 0 | I179: =COUNTIF(G179:H179,">0.1") -> 0
A180: 178 | B180: 174 | C180: 173 | D180: Y | E180: Y | F180: 0 | G180: 0 | H180: 0 | I180: =COUNTIF(G180:H180,">0.1") -> 0
A181: 179 | B181: 175 | C181: 174 | D181: A | E181: A | F181: 0 | G181: 0 | H181: 0 | I181: =COUNTIF(G181:H181,">0.1") -> 0
A182: 180 | B182: 176 | C182: 175 | D182: I | E182: F | F182: 0 | G182: 0 | H182: 0 | I182: =COUNTIF(G182:H182,">0.1") -> 0
A183: 181 | B183: 177 | C183: 176 | D183: F | E183: F | F183: 0 | G183: 0 | H183: 0 | I183: =COUNTIF(G183:H183,">0.1") -> 0
A184: 182 | B184: 178 | C184: 177 | D184: Y | E184: Y | F184: 0 | G184: 0 | H184: 0 | I184: =COUNTIF(G184:H184,">0.1") -> 0
A185: 183 | B185: 179 | C185: 178 | D185: K | E185: K | F185: 0 | G185: 0 | H185: 0 | I185: =COUNTIF(G185:H185,">0.1") -> 0
A186: 184 | B186: 180 | C186: 179 | D186: Q | E186: L | F186: 0 | G186: 0 | H186: 0 | I186: =COUNTIF(G186:H186,">0.1") -> 0
... A198: 196 | B198: 192 | C198: 191 | D198: Y | E198: Y | F198: 0 | G198: 0 | H198: 0 | I198: =COUNTIF(G198:H198,">0.1") -> 0
A199: 197 | B199: 193 | C199: 192 | D199: R | E199: K | F199: K | G199: 0.15812892 | H199: 0 | I199: =COUNTIF(G199:H199,">0.1") -> 1
A200: 198 | B200: 194 | C200: 193 | D200: L | E200: L | F200: 0 | G200: 0 | H200: 0 | I200: =COUNTIF(G200:H200,">0.1") -> 0
A201: 199 | B201: 195 | C201: 194 | D201: I | E201: T | F201: 0 | G201: 0 | H201: 0 | I201: =COUNTIF(G201:H201,">0.1") -> 0
A202: 200 | B202: 196 | C202: 195 | D202: S | E202: S | F202: 0 | G202: 0 | H202: 0 | I202: =COUNTIF(G202:H202,">0.1") -> 0
A203: 201 | B203: 197 | C203: 196 | D203: C | E203: C | F203: 0 | G203: 0 | H203: 0 | I203: =COUNTIF(G203:H203,">0.1") -> 0
A204: 202 | B204: 198 | C204: 197 | D204: N | E204: N | F204: 0 | G204: 0 | H204: 0 | I204: =COUNTIF(G204:H204,">0.1") -> 0
A205: 203 | B205: 199 | C205: 198 | D205: T | E205: T | F205: 0 | G205: 0 | H205: 0 | I205: =COUNTIF(G205:H205,">0.1") -> 0
A206: 204 | B206: 200 | C206: 199 | D206: S | E206: S | F206: 0 | G206: 0 | H206: 0 | I206: =COUNTIF(G206:H206,">0.1") -> 0
A207: 205 | B207: 201 | C207: 200 | D207: V | E207: V | F207: 0 | G207: 0 | H207: 0 | I207: =COUNTIF(G207:H207,">0.1") -> 0
A208: 206 | B208: 202 | C208: 201 | D208: I | E208: I | F208: 0 | G208: 0 | H208: 0 | I208: =COUNTIF(G208:H208,">0.1") -> 0
A209: 207 | B209: 203 | C209: 202 | D209: T | E209: T | F209: 0 | G209: 0 | H209: 0 | I209: =COUNTIF(G209:H209,">0.1") -> 0
A210: 208 | B210: 204 | C210: 203 | D210: Q | E210: Q | F210: 0 | G210: 0 | H210: 0 | I210: =COUNTIF(G210:H210,">0.1") -> 0
A211: 209 | B211: 205 | C211: 204 | D211: A | E211: A | F211: 0 | G211: 0 | H211: 0 | I211: =COUNTIF(G211:H211,">0.1") -> 0
... A242: 240 | B242: 236 | C242: 235 | D242: G | E242: G | F242: 0 | G242: 0 | H242: 0 | I242: =COUNTIF(G242:H242,">0.1") -> 0
A243: 241 | B243: 237 | C243: 236 | D243: T | E243: T | F243: K | G243: 0 | H243: 0.99509403 | I243: =COUNTIF(G243:H243,">0.1") -> 1
A244: 242 | B244: 238 | C244: 237 | D244: G | E244: G | F244: 0 | G244: 0 | H244: 0 | I244: =COUNTIF(G244:H244,">0.1") -> 0
A245: 243 | B245: 239 | C245: 238 | D245: P | E245: P | F245: 0 | G245: 0 | H245: 0 | I245: =COUNTIF(G245:H245,">0.1") -> 0
A246: 244 | B246: 240 | C246: 239 | D246: C | E246: C | F246: 0 | G246: 0 | H246: 0 | I246: =COUNTIF(G246:H246,">0.1") -> 0
A247: 245 | B247: 241 | C247: 240 | D247: T | E247: T | F247: 0 | G247: 0 | H247: 0 | I247: =COUNTIF(G247:H247,">0.1") -> 0
A248: 246 | B248: 242 | C248: 241 | D248: N | E248: N | F248: 0 | G248: 0 | H248: 0 | I248: =COUNTIF(G248:H248,">0.1") -> 0
A249: 247 | B249: 243 | C249: 242 | D249: V | E249: V | F249: 0 | G249: 0 | H249: 0 | I249: =COUNTIF(G249:H249,">0.1") -> 0
...

Sheet survival
A1: Sample | B1: Weeks Post-AAV | C1: Luciferase | D1: VRC07 | E1: PGDM140 | F1: N6
A2: CD5-m260 | B2: 12 | D2: 1
A3: CD5-m263 | B3: 7 | D3: 1
A4: CD5-m264 | B4: 4 | D4: 1
A5: CD5-m265 | B5: 5 | D5: 1
A6: CD5-m269 | B6: 14 | D6: 1
A7: CD5-m271 | B7: 3 | D7: 1
A8: CD5-m272 | B8: 5 | D8: 1
A9: CD5-m273 | B9: 8 | D9: 1
A10: CD5-m281 | B10: 2 | D10: 1
A11: CD5-m285 | B11: 2 | D11: 1
A12: CD10-m880 | B12: 10 | D12: 1
A13: CD20-m020 | B13: 3 | D13: 1
... A57: CD21-m020 | B57: 20 | D57: 0
A58: CD5-m245 | B58: 2 | C58: 1
A59: CD5-m246 | B59: 2 | C59: 1
A60: CD5-m247 | B60: 2 | C60: 1
A61: CD5-m248 | B61: 2 | C61: 1
A62: CD5-m249 | B62: 2 | C62: 1
A63: CD5-m250 | B63: 2 | C63: 1
A64: CD5-m251 | B64: 2 | C64: 1
A65: CD5-m253 | B65: 2 | C65: 1
A66: CD5-m254 | B66: 2 | C66: 1
A67: CD5-m255 | B67: 2 | C67: 1
A68: CD5-m256 | B68: 2 | C68: 1
A69: CD5-m257 | B69: 2 | C69: 1
... A101: CD21-m013 | B101: 2 | C101: 1
A102: CD21-m021*
A103: CD21-m022 | B103: 2 | C103: 1
A104: CD21-m023 | B104: 2 | C104: 1
A105: CD21-m024 | B105: 2 | C105: 1
A106: CD21-m025 | B106: 2 | C106: 1
A107: CD21-m026 | B107: 2 | C107: 1
A108: CD46-m324 | B108: 2 | C108: 1
A109: CD46-m327*
A110: CD46-m328 | B110: 2 | C110: 1
A111: CD46-m330 | B111: 2 | C111: 1
A112: CD5-m283*
A113: CD10-m876*
A114: CD20-m025*
A115: CD20-m035*
A116: CD20-m036*
A117: CD46-m338*
A118: CD10-m851 | B118: 2 | E118: 1
A119: CD10-m852 | B119: 2 | E119: 1
A120: CD10-m853 | B120: 2 | E120: 1
A121: CD10-m854 | B121: 2 | E121: 1
A122: CD10-m855 | B122: 2 | E122: 1
A123: CD10-m896 | B123: 2 | E123: 1
A124: CD10-m898 | B124: 2 | E124: 1
A125: CD10-m899 | B125: 2 | E125: 1
A126: CD10-m900 | B126: 2 | E126: 1
A127: CD20-m004 | B127: 3 | F127: 1
A128: CD20-m005 | B128: 3 | F128: 1
A129: CD20-m006 | B129: 2 | F129: 1
A130: CD20-m007 | B130: 3 | F130: 1
A131: CD20-m008 | B131: 2 | F131: 1
A132: CD20-m009 | B132: 2 | F132: 1
A133: CD20-m010 | B133: 3 | F133: 1
A134: CD20-m011 | B134: 3 | F134: 1
A135: CD20-m012 | B135: 3 | F135: 1
A136: CD20-m013 | B136: 4 | F136: 1
A137: CD20-m029 | B137: 2 | F137: 1
A138: CD20-m030 | B138: 2 | F138: 1
... A151: CSY41-m774 | B151: 2 | F151: 1
A152: m782*
A153: m783 | B153: 2 | E153: 1
A154: m784 | B154: 2 | E154: 1
A155: m785 | B155: 2 | E155: 1
A156: m786 | B156: 2 | E156: 1
A157: m787 | B157: 2 | E157: 1
A158: m788 | B158: 2 | E158: 1
A159: m789 | B159: 3 | E159: 1
A160: m806 | B160: 2 | F160: 1
A161: m807 | B161: 2 | F161: 1
A162: m808 | B162: 2 | F162: 1
A163: m809 | B163: 2 | F163: 1
A164: m810 | B164: 2 | F164: 1
A165: m756 | B165: 2 | F165: 1
A166: m757 | B166: 2 | F166: 1
A167: m773 | B167: 3
A168: m774 | B168: 3
A169: m776 | B169: 2
A170: m777 | B170: 2
A171: m778 | B171: 2
A172: m779 | B172: 2
A173: m780 | B173: 2
A174: m781 | B174: 2

Sheet Expression
A1: Experiment | B1: Mouse | C1: ID | D1: Geomean
A2: CD5 | B2: 260 | C2: =_xlfn.CONCAT(A2,"-m",B2) -> CD5-m260 | D2: 20.088
A3: CD5 | B3: 261 | C3: =_xlfn.CONCAT(A3,"-m",B3) -> CD5-m261 | D3: 40.2419
A4: CD5 | B4: 263 | C4: =_xlfn.CONCAT(A4,"-m",B4) -> CD5-m263 | D4: 32.966
A5: CD5 | B5: 264 | C5: =_xlfn.CONCAT(A5,"-m",B5) -> CD5-m264 | D5: 18.2003
A6: CD5 | B6: 265 | C6: =_xlfn.CONCAT(A6,"-m",B6) -> CD5-m265 | D6: 37.9099
A7: CD5 | B7: 266 | C7: =_xlfn.CONCAT(A7,"-m",B7) -> CD5-m266 | D7: 49.7924
A8: CD5 | B8: 267 | C8: =_xlfn.CONCAT(A8,"-m",B8) -> CD5-m267 | D8: 41.9774
A9: CD5 | B9: 269 | C9: =_xlfn.CONCAT(A9,"-m",B9) -> CD5-m269 | D9: 33.6268
A10: CD5 | B10: 270 | C10: =_xlfn.CONCAT(A10,"-m",B10) -> CD5-m270 | D10: 50.4443
A11: CD5 | B11: 271 | C11: =_xlfn.CONCAT(A11,"-m",B11) -> CD5-m271 | D11: 15.9094
A12: CD5 | B12: 272 | C12: =_xlfn.CONCAT(A12,"-m",B12) -> CD5-m272 | D12: 32.7447
A13: CD5 | B13: 273 | C13: =_xlfn.CONCAT(A13,"-m",B13) -> CD5-m273 | D13: 70.4947
... A53: CD10 | B53: 900 | C53: =_xlfn.CONCAT(A53,"-m",B53) -> CD10-m900 | D53: 42.3516
A54: CD20 | B54: m004 | C54: =_xlfn.CONCAT(A54,"-",B54) -> CD20-m004 | D54: 15.3163
A55: CD20 | B55: m005 | C55: =_xlfn.CONCAT(A55,"-",B55) -> CD20-m005 | D55: 13.9864
A56: CD20 | B56: m006 | C56: =_xlfn.CONCAT(A56,"-",B56) -> CD20-m006 | D56: 15.93
A57: CD20 | B57: m007 | C57: =_xlfn.CONCAT(A57,"-",B57) -> CD20-m007 | D57: 11.8393
A58: CD20 | B58: m008 | C58: =_xlfn.CONCAT(A58,"-",B58) -> CD20-m008 | D58: 14.6341
A59: CD20 | B59: m009 | C59: =_xlfn.CONCAT(A59,"-",B59) -> CD20-m009 | D59: 2.3771
A60: CD20 | B60: m010 | C60: =_xlfn.CONCAT(A60,"-",B60) -> CD20-m010 | D60: 11.8213
A61: CD20 | B61: m011 | C61: =_xlfn.CONCAT(A61,"-",B61) -> CD20-m011 | D61: 17.4849
A62: CD20 | B62: m012 | C62: =_xlfn.CONCAT(A62,"-",B62) -> CD20-m012 | D62: 16.7985
A63: CD20 | B63: m013 | C63: =_xlfn.CONCAT(A63,"-",B63) -> CD20-m013 | D63: 14.5655
A64: CD20 | B64: m029 | C64: =_xlfn.CONCAT(A64,"-",B64) -> CD20-m029 | D64: 4.3733
A65: CD20 | B65: m030 | C65: =_xlfn.CONCAT(A65,"-",B65) -> CD20-m030 | D65: 17.6805
... A171: CD27 | B171: m803 | C171: =_xlfn.CONCAT(A171,"-",B171) -> CD27-m803 | D171: 0.5787
A172: CD30 | B172: 158 | C172: =_xlfn.CONCAT(A172,"-m",B172) -> CD30-m158 | D172: 586.3097
A173: CD30 | B173: 159 | C173: =_xlfn.CONCAT(A173,"-m",B173) -> CD30-m159 | D173: 315.0203
A174: CD30 | B174: 160 | C174: =_xlfn.CONCAT(A174,"-m",B174) -> CD30-m160 | D174: 347.1628
A175: CD30 | B175: 161 | C175: =_xlfn.CONCAT(A175,"-m",B175) -> CD30-m161 | D175: 274.6268
A176: CD30 | B176: 162 | C176: =_xlfn.CONCAT(A176,"-m",B176) -> CD30-m162 | D176: 794.0524
A177: CD30 | B177: 164 | C177: =_xlfn.CONCAT(A177,"-m",B177) -> CD30-m164 | D177: 244.8502
A178: CD30 | B178: 165 | C178: =_xlfn.CONCAT(A178,"-m",B178) -> CD30-m165 | D178: 337.2518
A179: CD30 | B179: 166 | C179: =_xlfn.CONCAT(A179,"-m",B179) -> CD30-m166 | D179: 490.1936
A180: CD30 | B180: 167 | C180: =_xlfn.CONCAT(A180,"-m",B180) -> CD30-m167 | D180: 338.1059
A181: CD30 | B181: 168 | C181: =_xlfn.CONCAT(A181,"-m",B181) -> CD30-m168 | D181: 550.2127
A182: CD30 | B182: 169 | C182: =_xlfn.CONCAT(A182,"-m",B182) -> CD30-m169 | D182: 262.5437
A183: CD30 | B183: 170 | C183: =_xlfn.CONCAT(A183,"-m",B183) -> CD30-m170 | D183: 341.9487
... A311: CD46 | B311: 402 | C311: =_xlfn.CONCAT(A311,"-m",B311) -> CD46-m402 | D311: 20.7454
A312: CD50 | B312: 66 | C312: =_xlfn.CONCAT(A312,"-m0",B312) -> CD50-m066 | D312: 54.8498
A313: CD50 | B313: 67 | C313: =_xlfn.CONCAT(A313,"-m0",B313) -> CD50-m067 | D313: 11.476
A314: CD50 | B314: 68 | C314: =_xlfn.CONCAT(A314,"-m0",B314) -> CD50-m068 | D314: 39.0022
A315: CD50 | B315: 69 | C315: =_xlfn.CONCAT(A315,"-m0",B315) -> CD50-m069 | D315: 66.0624
A316: CD50 | B316: 71 | C316: =_xlfn.CONCAT(A316,"-m0",B316) -> CD50-m071 | D316: 48.8981
A317: CD50 | B317: 72 | C317: =_xlfn.CONCAT(A317,"-m0",B317) -> CD50-m072 | D317: 35.8961
A318: CD50 | B318: 73 | C318: =_xlfn.CONCAT(A318,"-m0",B318) -> CD50-m073 | D318: 76.1636
A319: CD50 | B319: 74 | C319: =_xlfn.CONCAT(A319,"-m0",B319) -> CD50-m074 | D319: 63.3509
A320: CD50 | B320: 86 | C320: =_xlfn.CONCAT(A320,"-m0",B320) -> CD50-m086 | D320: 62.2509
A321: CD50 | B321: 87 | C321: =_xlfn.CONCAT(A321,"-m0",B321) -> CD50-m087 | D321: 52.5394
A322: CD50 | B322: 88 | C322: =_xlfn.CONCAT(A322,"-m0",B322) -> CD50-m088 | D322: 60.1384
A323: CD50 | B323: 89 | C323: =_xlfn.CONCAT(A323,"-m0",B323) -> CD50-m089 | D323: 60.6654
... A331: CD50 | B331: 99 | C331: =_xlfn.CONCAT(A331,"-m0",B331) -> CD50-m099 | D331: 41.6405
A332: CD50 | B332: 100 | C332: =_xlfn.CONCAT(A332,"-m",B332) -> CD50-m100 | D332: 45.8084
A333: CD50 | B333: 108 | C333: =_xlfn.CONCAT(A333,"-m",B333) -> CD50-m108 | D333: 31.6829
A334: CD50 | B334: 109 | C334: =_xlfn.CONCAT(A334,"-m",B334) -> CD50-m109 | D334: 43.6859
A335: CD50 | B335: 110 | C335: =_xlfn.CONCAT(A335,"-m",B335) -> CD50-m110 | D335: 59.8417
A336: CD50 | B336: 112 | C336: =_xlfn.CONCAT(A336,"-m",B336) -> CD50-m112 | D336: 43.8336
A337: CD50 | B337: 126 | C337: =_xlfn.CONCAT(A337,"-m",B337) -> CD50-m126 | D337: 44.8705
A338: CD50 | B338: 113 | C338: =_xlfn.CONCAT(A338,"-m",B338) -> CD50-m113 | D338: 56.2924
A339: CD50 | B339: 114 | C339: =_xlfn.CONCAT(A339,"-m",B339) -> CD50-m114 | D339: 22.0389
A340: CD50 | B340: 115 | C340: =_xlfn.CONCAT(A340,"-m",B340) -> CD50-m115 | D340: 24.9936
A341: CD50 | B341: 116 | C341: =_xlfn.CONCAT(A341,"-m",B341) -> CD50-m116 | D341: 54.4316
A342: CD50 | B342: 117 | C342: =_xlfn.CONCAT(A342,"-m",B342) -> CD50-m117 | D342: 28.9983
A343: CD50 | B343: 118 | C343: =_xlfn.CONCAT(A343,"-m",B343) -> CD50-m118 | D343: 15.816
... A462: CD56 | B462: 717 | C462: =_xlfn.CONCAT(A462,"-m",B462) -> CD56-m717 | D462: 0.0068

Sheet RV Survival Analysis
A1: Sample | B1: Expression | C1: Weeks Post-AAV | D1: Luciferase | E1: VRC07
A2: CD50-m161 | B2: =VLOOKUP(A2,Expression!$C$1:$D$462,2,FALSE) -> 72.2074 | C2: 3 | E2: 1
A3: CD50-m163 | B3: =VLOOKUP(A3,Expression!$C$1:$D$462,2,FALSE) -> 66.6016 | C3: 2 | E3: 1
A4: CD50-m166 | B4: =VLOOKUP(A4,Expression!$C$1:$D$462,2,FALSE) -> 81.6119 | C4: 3 | E4: 1
A5: CD50-m167 | B5: =VLOOKUP(A5,Expression!$C$1:$D$462,2,FALSE) -> 59.3852 | C5: 2 | E5: 1
A6: CD50-m168 | B6: =VLOOKUP(A6,Expression!$C$1:$D$462,2,FALSE) -> 69.7866 | C6: 3 | E6: 1
A7: CD50-m169 | B7: =VLOOKUP(A7,Expression!$C$1:$D$462,2,FALSE) -> 71.5889 | C7: 2 | E7: 1
A8: CD50-m170 | B8: =VLOOKUP(A8,Expression!$C$1:$D$462,2,FALSE) -> 48.2679 | C8: 3 | E8: 1
A9: CD50-m172 | B9: =VLOOKUP(A9,Expression!$C$1:$D$462,2,FALSE) -> 87.1257 | C9: 7 | E9: 1
A10: CD50-m175 | B10: =VLOOKUP(A10,Expression!$C$1:$D$462,2,FALSE) -> 74.0363 | C10: 5 | E10: 1
A11: CD50-m176 | B11: =VLOOKUP(A11,Expression!$C$1:$D$462,2,FALSE) -> 46.3611 | C11: 5 | E11: 1

Sheet sequencing metadata
A1: sample | B1: week
A2: CD50-m161 | B2: 15
A3: CD50-m163 | B3: 21
A4: CD50-m166 | B4: 23
A5: CD50-m167 | B5: 18
A6: CD50-m168 | B6: 17
A7: CD50-m169 | B7: 23
A8: CD50-m170
A9: CD50-m172 | B9: 24
A10: CD50-m175 | B10: 17
A11: CD50-m176 | B11: 23
