Workbook

Sheet Dashboard
E2: Index | F2: REJOc | G2: HXB2 | N2: Index | O2: JRCSF | P2: HXB2
D3: Position | E3: 160 | F3: =HLOOKUP('[1]Mutation Dashboard'!E3,'[1]VRC07 Analysis'!B2:AGE7,2,FALSE) -> 277 | G3: =HLOOKUP('[1]Mutation Dashboard'!E3,'[1]VRC07 Analysis'!B2:AGE7,3,FALSE) -> 276 | M3: Position | N3: 276 | O3: =HLOOKUP('[2]Mutation Dashboard'!N3,'[2]VRC07 Analysis'!K2:AGN7,2,FALSE) -> 0 | P3: =HLOOKUP('[2]Mutation Dashboard'!N3,'[2]VRC07 Analysis'!K2:AGN7,3,FALSE) -> 0
D4: Mutation | E4: =HLOOKUP(E3,'[1]VRC07 Analysis'!B2:AGE7,6,FALSE) -> N156 | F4: =HLOOKUP(E3,'[1]VRC07 Analysis'!B2:AGE7,4,FALSE) -> N | G4: =HLOOKUP(E3,'[1]VRC07 Analysis'!B2:AGE7,5,FALSE) -> N | M4: Mutation | N4: =HLOOKUP(N3,'[2]VRC07 Analysis'!K2:AGN7,6,FALSE) -> R273 | O4: =HLOOKUP(N3,'[2]VRC07 Analysis'!K2:AGN7,4,FALSE) -> R | P4: =HLOOKUP(N3,'[2]VRC07 Analysis'!K2:AGN7,5,FALSE) -> R
D7: Control | E7: VRC07 | F7: N6 | G7: PGDM1400 | H7: LANL | M7: Control | N7: VRC07 | O7: N6 | P7: PGDM1400 | Q7: LANL
C8: Percent Mutated | D8: =VLOOKUP($E$3,'[1]site data'!$A$2:$F$864,3,FALSE) -> 0.0058442686 | E8: =VLOOKUP($E$3,'[1]site data'!$A$2:$F$864,4,FALSE) -> 0.016029649 | F8: =VLOOKUP($E$3,'[1]site data'!$A$2:$F$864,6,FALSE) -> 0.014709975 | G8: =VLOOKUP($E$3,'[1]site data'!$A$2:$F$864,5,FALSE) -> 0.035461388 | L8: Percent Mutated | M8: =VLOOKUP($E$3,'[1]site data'!$A$2:$F$864,3,FALSE) -> 0.0058442686 | N8: =VLOOKUP($E$3,'[1]site data'!$A$2:$F$864,4,FALSE) -> 0.016029649 | O8: =VLOOKUP($E$3,'[1]site data'!$A$2:$F$864,6,FALSE) -> 0.014709975 | P8: =VLOOKUP($E$3,'[1]site data'!$A$2:$F$864,5,FALSE) -> 0.035461388
C10: Mutation | L10: Mutation
B11: 2 | C11: STOP | D11: =HLOOKUP(E$4,'[1]Control Analysis'!$B$7:$AGF$30,B11,FALSE) -> 0 | E11: =HLOOKUP(E$4,'[1]VRC07 Analysis'!$B$7:$AGE$30,B11,FALSE) -> 0 | F11: =HLOOKUP(E$4,'[1]N6 Analysis'!$B$7:$AGF$30,B11,FALSE) -> 0 | G11: =HLOOKUP(E$4,'[1]PGDM1400 Analysis'!$B$7:$AGF$30,B11,FALSE) -> 0 | H11: =HLOOKUP(E3,LANL!A1:K24,2,FALSE) -> 0.00065219417 | K11: 2 | L11: STOP | M11: =HLOOKUP(N$4,'[1]Control Analysis'!$B$7:$AGF$30,K11,FALSE) -> 0.23192529 | N11: =HLOOKUP(N$4,'[1]VRC07 Analysis'!$B$7:$AGE$30,K11,FALSE) -> 0.312537 | O11: =HLOOKUP(N$4,'[1]N6 Analysis'!$B$7:$AGF$30,K11,FALSE) -> 0.23208443 | P11: =HLOOKUP(N$4,'[1]PGDM1400 Analysis'!$B$7:$AGF$30,K11,FALSE) -> 0.31293335 | Q11: =HLOOKUP(O$4,'[1]PGDM1400 Analysis'!$B$7:$AGF$30,L11,FALSE) -> #N/A
B12: 3 | C12: A | D12: =HLOOKUP(E$4,'[1]Control Analysis'!$B$7:$AGF$30,B12,FALSE) -> 0 | E12: =HLOOKUP(E$4,'[1]VRC07 Analysis'!$B$7:$AGE$30,B12,FALSE) -> 0 | F12: =HLOOKUP(E$4,'[1]N6 Analysis'!$B$7:$AGF$30,B12,FALSE) -> 0 | G12: =HLOOKUP(E$4,'[1]PGDM1400 Analysis'!$B$7:$AGF$30,B12,FALSE) -> 0 | H12: =HLOOKUP(E3,LANL!A1:K24,3,FALSE) -> 0.00037268238 | K12: 3 | L12: A | M12: =HLOOKUP(N$4,'[1]Control Analysis'!$B$7:$AGF$30,K12,FALSE) -> 0 | N12: =HLOOKUP(N$4,'[1]VRC07 Analysis'!$B$7:$AGE$30,K12,FALSE) -> 0 | O12: =HLOOKUP(N$4,'[1]N6 Analysis'!$B$7:$AGF$30,K12,FALSE) -> 0 | P12: =HLOOKUP(N$4,'[1]PGDM1400 Analysis'!$B$7:$AGF$30,K12,FALSE) -> 0 | Q12: =HLOOKUP(O$4,'[1]PGDM1400 Analysis'!$B$7:$AGF$30,L12,FALSE) -> #N/A
B13: 4 | C13: R | D13: =HLOOKUP(E$4,'[1]Control Analysis'!$B$7:$AGF$30,B13,FALSE) -> 0 | E13: =HLOOKUP(E$4,'[1]VRC07 Analysis'!$B$7:$AGE$30,B13,FALSE) -> 0 | F13: =HLOOKUP(E$4,'[1]N6 Analysis'!$B$7:$AGF$30,B13,FALSE) -> 0 | G13: =HLOOKUP(E$4,'[1]PGDM1400 Analysis'!$B$7:$AGF$30,B13,FALSE) -> 0 | H13: =HLOOKUP(E5,LANL!A3:K26,4,FALSE) -> 0 | K13: 4 | L13: R | M13: =HLOOKUP(N$4,'[1]Control Analysis'!$B$7:$AGF$30,K13,FALSE) -> 0 | N13: =HLOOKUP(N$4,'[1]VRC07 Analysis'!$B$7:$AGE$30,K13,FALSE) -> 0 | O13: =HLOOKUP(N$4,'[1]N6 Analysis'!$B$7:$AGF$30,K13,FALSE) -> 0 | P13: =HLOOKUP(N$4,'[1]PGDM1400 Analysis'!$B$7:$AGF$30,K13,FALSE) -> 0 | Q13: =HLOOKUP(O$4,'[1]PGDM1400 Analysis'!$B$7:$AGF$30,L13,FALSE) -> #N/A
B14: 5 | C14: N | D14: =HLOOKUP(E$4,'[1]Control Analysis'!$B$7:$AGF$30,B14,FALSE) -> 0 | E14: =HLOOKUP(E$4,'[1]VRC07 Analysis'!$B$7:$AGE$30,B14,FALSE) -> 0 | F14: =HLOOKUP(E$4,'[1]N6 Analysis'!$B$7:$AGF$30,B14,FALSE) -> 0 | G14: =HLOOKUP(E$4,'[1]PGDM1400 Analysis'!$B$7:$AGF$30,B14,FALSE) -> 0 | H14: =HLOOKUP(E5,LANL!A3:K26,2,FALSE) -> 0 | K14: 5 | L14: N | M14: =HLOOKUP(N$4,'[1]Control Analysis'!$B$7:$AGF$30,K14,FALSE) -> 0 | N14: =HLOOKUP(N$4,'[1]VRC07 Analysis'!$B$7:$AGE$30,K14,FALSE) -> 0 | O14: =HLOOKUP(N$4,'[1]N6 Analysis'!$B$7:$AGF$30,K14,FALSE) -> 0 | P14: =HLOOKUP(N$4,'[1]PGDM1400 Analysis'!$B$7:$AGF$30,K14,FALSE) -> 0 | Q14: =HLOOKUP(O$4,'[1]PGDM1400 Analysis'!$B$7:$AGF$30,L14,FALSE) -> #N/A
B15: 6 | C15: D | D15: =HLOOKUP(E$4,'[1]Control Analysis'!$B$7:$AGF$30,B15,FALSE) -> 0 | E15: =HLOOKUP(E$4,'[1]VRC07 Analysis'!$B$7:$AGE$30,B15,FALSE) -> 0 | F15: =HLOOKUP(E$4,'[1]N6 Analysis'!$B$7:$AGF$30,B15,FALSE) -> 0 | G15: =HLOOKUP(E$4,'[1]PGDM1400 Analysis'!$B$7:$AGF$30,B15,FALSE) -> 0 | H15: =HLOOKUP(E7,LANL!A5:K28,2,FALSE) -> #N/A | K15: 6 | L15: D | M15: =HLOOKUP(N$4,'[1]Control Analysis'!$B$7:$AGF$30,K15,FALSE) -> 0 | N15: =HLOOKUP(N$4,'[1]VRC07 Analysis'!$B$7:$AGE$30,K15,FALSE) -> 0.18492382 | O15: =HLOOKUP(N$4,'[1]N6 Analysis'!$B$7:$AGF$30,K15,FALSE) -> 0 | P15: =HLOOKUP(N$4,'[1]PGDM1400 Analysis'!$B$7:$AGF$30,K15,FALSE) -> 0 | Q15: =HLOOKUP(O$4,'[1]PGDM1400 Analysis'!$B$7:$AGF$30,L15,FALSE) -> #N/A
B16: 7 | C16: C | D16: =HLOOKUP(E$4,'[1]Control Analysis'!$B$7:$AGF$30,B16,FALSE) -> 0 | E16: =HLOOKUP(E$4,'[1]VRC07 Analysis'!$B$7:$AGE$30,B16,FALSE) -> 0 | F16: =HLOOKUP(E$4,'[1]N6 Analysis'!$B$7:$AGF$30,B16,FALSE) -> 0 | G16: =HLOOKUP(E$4,'[1]PGDM1400 Analysis'!$B$7:$AGF$30,B16,FALSE) -> 0 | H16: =HLOOKUP(E7,LANL!A5:K28,2,FALSE) -> #N/A | K16: 7 | L16: C | M16: =HLOOKUP(N$4,'[1]Control Analysis'!$B$7:$AGF$30,K16,FALSE) -> 0 | N16: =HLOOKUP(N$4,'[1]VRC07 Analysis'!$B$7:$AGE$30,K16,FALSE) -> 0 | O16: =HLOOKUP(N$4,'[1]N6 Analysis'!$B$7:$AGF$30,K16,FALSE) -> 0 | P16: =HLOOKUP(N$4,'[1]PGDM1400 Analysis'!$B$7:$AGF$30,K16,FALSE) -> 0 | Q16: =HLOOKUP(O$4,'[1]PGDM1400 Analysis'!$B$7:$AGF$30,L16,FALSE) -> #N/A
B17: 8 | C17: E | D17: =HLOOKUP(E$4,'[1]Control Analysis'!$B$7:$AGF$30,B17,FALSE) -> 0 | E17: =HLOOKUP(E$4,'[1]VRC07 Analysis'!$B$7:$AGE$30,B17,FALSE) -> 0 | F17: =HLOOKUP(E$4,'[1]N6 Analysis'!$B$7:$AGF$30,B17,FALSE) -> 0 | G17: =HLOOKUP(E$4,'[1]PGDM1400 Analysis'!$B$7:$AGF$30,B17,FALSE) -> 0 | H17: =HLOOKUP(E9,LANL!A7:K30,2,FALSE) -> 0.0027951179 | K17: 8 | L17: E | M17: =HLOOKUP(N$4,'[1]Control Analysis'!$B$7:$AGF$30,K17,FALSE) -> 0 | N17: =HLOOKUP(N$4,'[1]VRC07 Analysis'!$B$7:$AGE$30,K17,FALSE) -> 0 | O17: =HLOOKUP(N$4,'[1]N6 Analysis'!$B$7:$AGF$30,K17,FALSE) -> 0 | P17: =HLOOKUP(N$4,'[1]PGDM1400 Analysis'!$B$7:$AGF$30,K17,FALSE) -> 0 | Q17: =HLOOKUP(O$4,'[1]PGDM1400 Analysis'!$B$7:$AGF$30,L17,FALSE) -> #N/A
B18: 9 | C18: Q | D18: =HLOOKUP(E$4,'[1]Control Analysis'!$B$7:$AGF$30,B18,FALSE) -> 0 | E18: =HLOOKUP(E$4,'[1]VRC07 Analysis'!$B$7:$AGE$30,B18,FALSE) -> 0 | F18: =HLOOKUP(E$4,'[1]N6 Analysis'!$B$7:$AGF$30,B18,FALSE) -> 0 | G18: =HLOOKUP(E$4,'[1]PGDM1400 Analysis'!$B$7:$AGF$30,B18,FALSE) -> 0 | H18: =HLOOKUP(E9,LANL!A7:K30,2,FALSE) -> 0.0027951179 | K18: 9 | L18: Q | M18: =HLOOKUP(N$4,'[1]Control Analysis'!$B$7:$AGF$30,K18,FALSE) -> 0 | N18: =HLOOKUP(N$4,'[1]VRC07 Analysis'!$B$7:$AGE$30,K18,FALSE) -> 0 | O18: =HLOOKUP(N$4,'[1]N6 Analysis'!$B$7:$AGF$30,K18,FALSE) -> 0 | P18: =HLOOKUP(N$4,'[1]PGDM1400 Analysis'!$B$7:$AGF$30,K18,FALSE) -> 0 | Q18: =HLOOKUP(O$4,'[1]PGDM1400 Analysis'!$B$7:$AGF$30,L18,FALSE) -> #N/A
B19: 10 | C19: G | D19: =HLOOKUP(E$4,'[1]Control Analysis'!$B$7:$AGF$30,B19,FALSE) -> 0 | E19: =HLOOKUP(E$4,'[1]VRC07 Analysis'!$B$7:$AGE$30,B19,FALSE) -> 0 | F19: =HLOOKUP(E$4,'[1]N6 Analysis'!$B$7:$AGF$30,B19,FALSE) -> 0 | G19: =HLOOKUP(E$4,'[1]PGDM1400 Analysis'!$B$7:$AGF$30,B19,FALSE) -> 0 | H19: =HLOOKUP(E11,LANL!A9:K32,2,FALSE) -> 0 | K19: 10 | L19: G | M19: =HLOOKUP(N$4,'[1]Control Analysis'!$B$7:$AGF$30,K19,FALSE) -> 0 | N19: =HLOOKUP(N$4,'[1]VRC07 Analysis'!$B$7:$AGE$30,K19,FALSE) -> 0 | O19: =HLOOKUP(N$4,'[1]N6 Analysis'!$B$7:$AGF$30,K19,FALSE) -> 0.081911524 | P19: =HLOOKUP(N$4,'[1]PGDM1400 Analysis'!$B$7:$AGF$30,K19,FALSE) -> 0.056447988 | Q19: =HLOOKUP(O$4,'[1]PGDM1400 Analysis'!$B$7:$AGF$30,L19,FALSE) -> #N/A
B20: 11 | C20: H | D20: =HLOOKUP(E$4,'[1]Control Analysis'!$B$7:$AGF$30,B20,FALSE) -> 0.084747968 | E20: =HLOOKUP(E$4,'[1]VRC07 Analysis'!$B$7:$AGE$30,B20,FALSE) -> 0 | F20: =HLOOKUP(E$4,'[1]N6 Analysis'!$B$7:$AGF$30,B20,FALSE) -> 0 | G20: =HLOOKUP(E$4,'[1]PGDM1400 Analysis'!$B$7:$AGF$30,B20,FALSE) -> 0 | H20: =HLOOKUP(E11,LANL!A9:K32,2,FALSE) -> 0 | K20: 11 | L20: H | M20: =HLOOKUP(N$4,'[1]Control Analysis'!$B$7:$AGF$30,K20,FALSE) -> 0 | N20: =HLOOKUP(N$4,'[1]VRC07 Analysis'!$B$7:$AGE$30,K20,FALSE) -> 0 | O20: =HLOOKUP(N$4,'[1]N6 Analysis'!$B$7:$AGF$30,K20,FALSE) -> 0 | P20: =HLOOKUP(N$4,'[1]PGDM1400 Analysis'!$B$7:$AGF$30,K20,FALSE) -> 0 | Q20: =HLOOKUP(O$4,'[1]PGDM1400 Analysis'!$B$7:$AGF$30,L20,FALSE) -> #N/A
B21: 12 | C21: I | D21: =HLOOKUP(E$4,'[1]Control Analysis'!$B$7:$AGF$30,B21,FALSE) -> 0 | E21: =HLOOKUP(E$4,'[1]VRC07 Analysis'!$B$7:$AGE$30,B21,FALSE) -> 0 | F21: =HLOOKUP(E$4,'[1]N6 Analysis'!$B$7:$AGF$30,B21,FALSE) -> 0 | G21: =HLOOKUP(E$4,'[1]PGDM1400 Analysis'!$B$7:$AGF$30,B21,FALSE) -> 0 | H21: =HLOOKUP(E13,LANL!A11:K34,2,FALSE) -> 0.0014907295 | K21: 12 | L21: I | M21: =HLOOKUP(N$4,'[1]Control Analysis'!$B$7:$AGF$30,K21,FALSE) -> 0.20775393 | N21: =HLOOKUP(N$4,'[1]VRC07 Analysis'!$B$7:$AGE$30,K21,FALSE) -> 0.24099699 | O21: =HLOOKUP(N$4,'[1]N6 Analysis'!$B$7:$AGF$30,K21,FALSE) -> 0.11311405 | P21: =HLOOKUP(N$4,'[1]PGDM1400 Analysis'!$B$7:$AGF$30,K21,FALSE) -> 0.2505576 | Q21: =HLOOKUP(O$4,'[1]PGDM1400 Analysis'!$B$7:$AGF$30,L21,FALSE) -> #N/A
B22: 13 | C22: L | D22: =HLOOKUP(E$4,'[1]Control Analysis'!$B$7:$AGF$30,B22,FALSE) -> 0.17110164 | E22: =HLOOKUP(E$4,'[1]VRC07 Analysis'!$B$7:$AGE$30,B22,FALSE) -> 0.26240999 | F22: =HLOOKUP(E$4,'[1]N6 Analysis'!$B$7:$AGF$30,B22,FALSE) -> 0.26843088 | G22: =HLOOKUP(E$4,'[1]PGDM1400 Analysis'!$B$7:$AGF$30,B22,FALSE) -> 0 | H22: =HLOOKUP(E13,LANL!A11:K34,2,FALSE) -> 0.0014907295 | K22: 13 | L22: L | M22: =HLOOKUP(N$4,'[1]Control Analysis'!$B$7:$AGF$30,K22,FALSE) -> 0 | N22: =HLOOKUP(N$4,'[1]VRC07 Analysis'!$B$7:$AGE$30,K22,FALSE) -> 0 | O22: =HLOOKUP(N$4,'[1]N6 Analysis'!$B$7:$AGF$30,K22,FALSE) -> 0 | P22: =HLOOKUP(N$4,'[1]PGDM1400 Analysis'!$B$7:$AGF$30,K22,FALSE) -> 0 | Q22: =HLOOKUP(O$4,'[1]PGDM1400 Analysis'!$B$7:$AGF$30,L22,FALSE) -> #N/A
B23: 14 | C23: K | D23: =HLOOKUP(E$4,'[1]Control Analysis'!$B$7:$AGF$30,B23,FALSE) -> 0.52946114 | E23: =HLOOKUP(E$4,'[1]VRC07 Analysis'!$B$7:$AGE$30,B23,FALSE) -> 0.60010692 | F23: =HLOOKUP(E$4,'[1]N6 Analysis'!$B$7:$AGF$30,B23,FALSE) -> 0.64798189 | G23: =HLOOKUP(E$4,'[1]PGDM1400 Analysis'!$B$7:$AGF$30,B23,FALSE) -> 0.96076513 | H23: =HLOOKUP(E15,LANL!A13:K36,2,FALSE) -> 0.0029814591 | K23: 14 | L23: K | M23: =HLOOKUP(N$4,'[1]Control Analysis'!$B$7:$AGF$30,K23,FALSE) -> 0.23846009 | N23: =HLOOKUP(N$4,'[1]VRC07 Analysis'!$B$7:$AGE$30,K23,FALSE) -> 0.089689799 | O23: =HLOOKUP(N$4,'[1]N6 Analysis'!$B$7:$AGF$30,K23,FALSE) -> 0.42033766 | P23: =HLOOKUP(N$4,'[1]PGDM1400 Analysis'!$B$7:$AGF$30,K23,FALSE) -> 0.12000063 | Q23: =HLOOKUP(O$4,'[1]PGDM1400 Analysis'!$B$7:$AGF$30,L23,FALSE) -> #N/A
B24: 15 | C24: M | D24: =HLOOKUP(E$4,'[1]Control Analysis'!$B$7:$AGF$30,B24,FALSE) -> 0 | E24: =HLOOKUP(E$4,'[1]VRC07 Analysis'!$B$7:$AGE$30,B24,FALSE) -> 0 | F24: =HLOOKUP(E$4,'[1]N6 Analysis'!$B$7:$AGF$30,B24,FALSE) -> 0 | G24: =HLOOKUP(E$4,'[1]PGDM1400 Analysis'!$B$7:$AGF$30,B24,FALSE) -> 0 | H24: =HLOOKUP(E15,LANL!A13:K36,2,FALSE) -> 0.0029814591 | K24: 15 | L24: M | M24: =HLOOKUP(N$4,'[1]Control Analysis'!$B$7:$AGF$30,K24,FALSE) -> 0 | N24: =HLOOKUP(N$4,'[1]VRC07 Analysis'!$B$7:$AGE$30,K24,FALSE) -> 0 | O24: =HLOOKUP(N$4,'[1]N6 Analysis'!$B$7:$AGF$30,K24,FALSE) -> 0 | P24: =HLOOKUP(N$4,'[1]PGDM1400 Analysis'!$B$7:$AGF$30,K24,FALSE) -> 0 | Q24: =HLOOKUP(O$4,'[1]PGDM1400 Analysis'!$B$7:$AGF$30,L24,FALSE) -> #N/A
B25: 16 | C25: F | D25: =HLOOKUP(E$4,'[1]Control Analysis'!$B$7:$AGF$30,B25,FALSE) -> 0 | E25: =HLOOKUP(E$4,'[1]VRC07 Analysis'!$B$7:$AGE$30,B25,FALSE) -> 0 | F25: =HLOOKUP(E$4,'[1]N6 Analysis'!$B$7:$AGF$30,B25,FALSE) -> 0 | G25: =HLOOKUP(E$4,'[1]PGDM1400 Analysis'!$B$7:$AGF$30,B25,FALSE) -> 0 | H25: =HLOOKUP(E17,LANL!A15:K38,2,FALSE) -> 0.00027951179 | K25: 16 | L25: F | M25: =HLOOKUP(N$4,'[1]Control Analysis'!$B$7:$AGF$30,K25,FALSE) -> 0 | N25: =HLOOKUP(N$4,'[1]VRC07 Analysis'!$B$7:$AGE$30,K25,FALSE) -> 0 | O25: =HLOOKUP(N$4,'[1]N6 Analysis'!$B$7:$AGF$30,K25,FALSE) -> 0 | P25: =HLOOKUP(N$4,'[1]PGDM1400 Analysis'!$B$7:$AGF$30,K25,FALSE) -> 0 | Q25: =HLOOKUP(O$4,'[1]PGDM1400 Analysis'!$B$7:$AGF$30,L25,FALSE) -> #N/A
B26: 17 | C26: P | D26: =HLOOKUP(E$4,'[1]Control Analysis'!$B$7:$AGF$30,B26,FALSE) -> 0 | E26: =HLOOKUP(E$4,'[1]VRC07 Analysis'!$B$7:$AGE$30,B26,FALSE) -> 0 | F26: =HLOOKUP(E$4,'[1]N6 Analysis'!$B$7:$AGF$30,B26,FALSE) -> 0 | G26: =HLOOKUP(E$4,'[1]PGDM1400 Analysis'!$B$7:$AGF$30,B26,FALSE) -> 0 | H26: =HLOOKUP(E17,LANL!A15:K38,2,FALSE) -> 0.00027951179 | K26: 17 | L26: P | M26: =HLOOKUP(N$4,'[1]Control Analysis'!$B$7:$AGF$30,K26,FALSE) -> 0 | N26: =HLOOKUP(N$4,'[1]VRC07 Analysis'!$B$7:$AGE$30,K26,FALSE) -> 0 | O26: =HLOOKUP(N$4,'[1]N6 Analysis'!$B$7:$AGF$30,K26,FALSE) -> 0 | P26: =HLOOKUP(N$4,'[1]PGDM1400 Analysis'!$B$7:$AGF$30,K26,FALSE) -> 0 | Q26: =HLOOKUP(O$4,'[1]PGDM1400 Analysis'!$B$7:$AGF$30,L26,FALSE) -> #N/A
B27: 18 | C27: S | D27: =HLOOKUP(E$4,'[1]Control Analysis'!$B$7:$AGF$30,B27,FALSE) -> 0 | E27: =HLOOKUP(E$4,'[1]VRC07 Analysis'!$B$7:$AGE$30,B27,FALSE) -> 0 | F27: =HLOOKUP(E$4,'[1]N6 Analysis'!$B$7:$AGF$30,B27,FALSE) -> 0 | G27: =HLOOKUP(E$4,'[1]PGDM1400 Analysis'!$B$7:$AGF$30,B27,FALSE) -> 0 | H27: =HLOOKUP(E19,LANL!A17:K40,2,FALSE) -> 0.0083853536 | K27: 18 | L27: S | M27: =HLOOKUP(N$4,'[1]Control Analysis'!$B$7:$AGF$30,K27,FALSE) -> 0.17710095 | N27: =HLOOKUP(N$4,'[1]VRC07 Analysis'!$B$7:$AGE$30,K27,FALSE) -> 0.11151059 | O27: =HLOOKUP(N$4,'[1]N6 Analysis'!$B$7:$AGF$30,K27,FALSE) -> 0.0577501 | P27: =HLOOKUP(N$4,'[1]PGDM1400 Analysis'!$B$7:$AGF$30,K27,FALSE) -> 0.16116232 | Q27: =HLOOKUP(O$4,'[1]PGDM1400 Analysis'!$B$7:$AGF$30,L27,FALSE) -> #N/A
B28: 19 | C28: T | D28: =HLOOKUP(E$4,'[1]Control Analysis'!$B$7:$AGF$30,B28,FALSE) -> 0.10228227 | E28: =HLOOKUP(E$4,'[1]VRC07 Analysis'!$B$7:$AGE$30,B28,FALSE) -> 0.060980986 | F28: =HLOOKUP(E$4,'[1]N6 Analysis'!$B$7:$AGF$30,B28,FALSE) -> 0 | G28: =HLOOKUP(E$4,'[1]PGDM1400 Analysis'!$B$7:$AGF$30,B28,FALSE) -> 0 | H28: =HLOOKUP(E19,LANL!A17:K40,2,FALSE) -> 0.0083853536 | K28: 19 | L28: T | M28: =HLOOKUP(N$4,'[1]Control Analysis'!$B$7:$AGF$30,K28,FALSE) -> 0 | N28: =HLOOKUP(N$4,'[1]VRC07 Analysis'!$B$7:$AGE$30,K28,FALSE) -> 0 | O28: =HLOOKUP(N$4,'[1]N6 Analysis'!$B$7:$AGF$30,K28,FALSE) -> 0.05483108 | P28: =HLOOKUP(N$4,'[1]PGDM1400 Analysis'!$B$7:$AGF$30,K28,FALSE) -> 0 | Q28: =HLOOKUP(O$4,'[1]PGDM1400 Analysis'!$B$7:$AGF$30,L28,FALSE) -> #N/A
B29: 20 | C29: W | D29: =HLOOKUP(E$4,'[1]Control Analysis'!$B$7:$AGF$30,B29,FALSE) -> 0 | E29: =HLOOKUP(E$4,'[1]VRC07 Analysis'!$B$7:$AGE$30,B29,FALSE) -> 0 | F29: =HLOOKUP(E$4,'[1]N6 Analysis'!$B$7:$AGF$30,B29,FALSE) -> 0 | G29: =HLOOKUP(E$4,'[1]PGDM1400 Analysis'!$B$7:$AGF$30,B29,FALSE) -> 0 | H29: =HLOOKUP(E21,LANL!A19:K42,2,FALSE) -> 0 | K29: 20 | L29: W | M29: =HLOOKUP(N$4,'[1]Control Analysis'!$B$7:$AGF$30,K29,FALSE) -> 0 | N29: =HLOOKUP(N$4,'[1]VRC07 Analysis'!$B$7:$AGE$30,K29,FALSE) -> 0 | O29: =HLOOKUP(N$4,'[1]N6 Analysis'!$B$7:$AGF$30,K29,FALSE) -> 0 | P29: =HLOOKUP(N$4,'[1]PGDM1400 Analysis'!$B$7:$AGF$30,K29,FALSE) -> 0 | Q29: =HLOOKUP(O$4,'[1]PGDM1400 Analysis'!$B$7:$AGF$30,L29,FALSE) -> #N/A
B30: 21 | C30: Y | D30: =HLOOKUP(E$4,'[1]Control Analysis'!$B$7:$AGF$30,B30,FALSE) -> 0 | E30: =HLOOKUP(E$4,'[1]VRC07 Analysis'!$B$7:$AGE$30,B30,FALSE) -> 0 | F30: =HLOOKUP(E$4,'[1]N6 Analysis'!$B$7:$AGF$30,B30,FALSE) -> 0 | G30: =HLOOKUP(E$4,'[1]PGDM1400 Analysis'!$B$7:$AGF$30,B30,FALSE) -> 0 | H30: =HLOOKUP(E21,LANL!A19:K42,2,FALSE) -> 0 | K30: 21 | L30: Y | M30: =HLOOKUP(N$4,'[1]Control Analysis'!$B$7:$AGF$30,K30,FALSE) -> 0 | N30: =HLOOKUP(N$4,'[1]VRC07 Analysis'!$B$7:$AGE$30,K30,FALSE) -> 0 | O30: =HLOOKUP(N$4,'[1]N6 Analysis'!$B$7:$AGF$30,K30,FALSE) -> 0 | P30: =HLOOKUP(N$4,'[1]PGDM1400 Analysis'!$B$7:$AGF$30,K30,FALSE) -> 0 | Q30: =HLOOKUP(O$4,'[1]PGDM1400 Analysis'!$B$7:$AGF$30,L30,FALSE) -> #N/A
B31: 22 | C31: V | D31: =HLOOKUP(E$4,'[1]Control Analysis'!$B$7:$AGF$30,B31,FALSE) -> 0 | E31: =HLOOKUP(E$4,'[1]VRC07 Analysis'!$B$7:$AGE$30,B31,FALSE) -> 0 | F31: =HLOOKUP(E$4,'[1]N6 Analysis'!$B$7:$AGF$30,B31,FALSE) -> 0 | G31: =HLOOKUP(E$4,'[1]PGDM1400 Analysis'!$B$7:$AGF$30,B31,FALSE) -> 0 | H31: =HLOOKUP(E23,LANL!A21:K44,2,FALSE) -> #N/A | K31: 22 | L31: V | M31: =HLOOKUP(N$4,'[1]Control Analysis'!$B$7:$AGF$30,K31,FALSE) -> 0 | N31: =HLOOKUP(N$4,'[1]VRC07 Analysis'!$B$7:$AGE$30,K31,FALSE) -> 0 | O31: =HLOOKUP(N$4,'[1]N6 Analysis'!$B$7:$AGF$30,K31,FALSE) -> 0 | P31: =HLOOKUP(N$4,'[1]PGDM1400 Analysis'!$B$7:$AGF$30,K31,FALSE) -> 0 | Q31: =HLOOKUP(O$4,'[1]PGDM1400 Analysis'!$B$7:$AGF$30,L31,FALSE) -> #N/A
B32: 23 | C32: INDEL | D32: =HLOOKUP(E$4,'[1]Control Analysis'!$B$7:$AGF$30,B32,FALSE) -> 0 | E32: =HLOOKUP(E$4,'[1]VRC07 Analysis'!$B$7:$AGE$30,B32,FALSE) -> 0 | F32: =HLOOKUP(E$4,'[1]N6 Analysis'!$B$7:$AGF$30,B32,FALSE) -> 0 | G32: =HLOOKUP(E$4,'[1]PGDM1400 Analysis'!$B$7:$AGF$30,B32,FALSE) -> 0 | H32: =HLOOKUP(E23,LANL!A21:K44,2,FALSE) -> #N/A | K32: 23 | L32: INDEL | M32: =HLOOKUP(N$4,'[1]Control Analysis'!$B$7:$AGF$30,K32,FALSE) -> 0 | N32: =HLOOKUP(N$4,'[1]VRC07 Analysis'!$B$7:$AGE$30,K32,FALSE) -> 0 | O32: =HLOOKUP(N$4,'[1]N6 Analysis'!$B$7:$AGF$30,K32,FALSE) -> 0 | P32: =HLOOKUP(N$4,'[1]PGDM1400 Analysis'!$B$7:$AGF$30,K32,FALSE) -> 0 | Q32: =HLOOKUP(O$4,'[1]PGDM1400 Analysis'!$B$7:$AGF$30,L32,FALSE) -> #N/A
B33: 24 | C33: Other | D33: =HLOOKUP(E$4,'[1]Control Analysis'!$B$7:$AGF$30,B33,FALSE) -> 0.11240698 | E33: =HLOOKUP(E$4,'[1]VRC07 Analysis'!$B$7:$AGE$30,B33,FALSE) -> 0.076502102 | F33: =HLOOKUP(E$4,'[1]N6 Analysis'!$B$7:$AGF$30,B33,FALSE) -> 0.083587233 | G33: =HLOOKUP(E$4,'[1]PGDM1400 Analysis'!$B$7:$AGF$30,B33,FALSE) -> 0.039234875 | H33: =HLOOKUP(E25,LANL!A23:K46,2,FALSE) -> 0 | K33: 24 | L33: Other | M33: =HLOOKUP(N$4,'[1]Control Analysis'!$B$7:$AGF$30,K33,FALSE) -> 0.14475974 | N33: =HLOOKUP(N$4,'[1]VRC07 Analysis'!$B$7:$AGE$30,K33,FALSE) -> 0.060341792 | O33: =HLOOKUP(N$4,'[1]N6 Analysis'!$B$7:$AGF$30,K33,FALSE) -> 0.039971156 | P33: =HLOOKUP(N$4,'[1]PGDM1400 Analysis'!$B$7:$AGF$30,K33,FALSE) -> 0.098898114 | Q33: =HLOOKUP(O$4,'[1]PGDM1400 Analysis'!$B$7:$AGF$30,L33,FALSE) -> #N/A

Sheet REJOc Summary

Sheet JRCSF Summary

Sheet LANL
B1: 160 | C1: 162 | D1: 167 | E1: 276 | F1: 278 | G1: 279 | H1: 280 | I1: 281 | J1: 282 | K1: 460 | L1: 471 | M1: 388 | N1: 372 | O1: 477
A2: * | B2: =_xlfn.IFNA(VLOOKUP($A2,'160'!$A$4:$B$30,2,FALSE),0) -> 0.00065219417 | C2: =_xlfn.IFNA(VLOOKUP($A2,'162'!$A$4:$B$30,2,FALSE),0) -> 0.0052175533 | D2: =_xlfn.IFNA(VLOOKUP($A2,'167'!$A$4:$B$30,2,FALSE),0) -> 0.0033541414 | E2: =_xlfn.IFNA(VLOOKUP($A2,'276'!$A$4:$B$30,2,FALSE),0) -> 0.00093170595 | F2: =_xlfn.IFNA(VLOOKUP($A2,'278'!$A$4:$B$30,2,FALSE),0) -> 0.0015839001 | G2: =_xlfn.IFNA(VLOOKUP($A2,'279'!$A$4:$B$30,2,FALSE),0) -> 0.0015839001 | H2: =_xlfn.IFNA(VLOOKUP($A2,'280'!$A$4:$B$30,2,FALSE),0) -> 0 | I2: =_xlfn.IFNA(VLOOKUP($A2,'281'!$A$4:$B$30,2,FALSE),0) -> 0.00093170595 | J2: =_xlfn.IFNA(VLOOKUP($A2,'[3]282'!$A$4:$B$30,2,FALSE),0) -> 0 | K2: =_xlfn.IFNA(VLOOKUP($A2,'460'!$A$4:$B$30,2,FALSE),0) -> 0.15643343 | L2: =_xlfn.IFNA(VLOOKUP($A2,'471'!$A$4:$B$30,2,FALSE),0) -> 0.00027951179 | M2: =_xlfn.IFNA(VLOOKUP($A2,'388'!$A$4:$B$30,2,FALSE),0) -> 0.0013975589 | N2: =_xlfn.IFNA(VLOOKUP($A2,'372'!$A$4:$B$30,2,FALSE),0) -> 0.0017702413 | O2: =_xlfn.IFNA(VLOOKUP($A2,'477'!$A$4:$B$30,2,FALSE),0) -> 0.00046585298
A3: A | B3: =_xlfn.IFNA(VLOOKUP($A3,'160'!$A$4:$B$30,2,FALSE),0) -> 0.00037268238 | C3: =_xlfn.IFNA(VLOOKUP($A3,'162'!$A$4:$B$30,2,FALSE),0) -> 0.0081058418 | D3: =_xlfn.IFNA(VLOOKUP($A3,'167'!$A$4:$B$30,2,FALSE),0) -> 0.0013975589 | E3: =_xlfn.IFNA(VLOOKUP($A3,'276'!$A$4:$B$30,2,FALSE),0) -> 9.3170595e-05 | F3: =_xlfn.IFNA(VLOOKUP($A3,'278'!$A$4:$B$30,2,FALSE),0) -> 0.011273642 | G3: =_xlfn.IFNA(VLOOKUP($A3,'279'!$A$4:$B$30,2,FALSE),0) -> 0.0024224355 | H3: =_xlfn.IFNA(VLOOKUP($A3,'280'!$A$4:$B$30,2,FALSE),0) -> 0 | I3: =_xlfn.IFNA(VLOOKUP($A3,'281'!$A$4:$B$30,2,FALSE),0) -> 0.67390292 | J3: =_xlfn.IFNA(VLOOKUP($A3,'[3]282'!$A$4:$B$30,2,FALSE),0) -> 0 | K3: =_xlfn.IFNA(VLOOKUP($A3,'460'!$A$4:$B$30,2,FALSE),0) -> 0.016118513 | L3: =_xlfn.IFNA(VLOOKUP($A3,'471'!$A$4:$B$30,2,FALSE),0) -> 0.079567688 | M3: =_xlfn.IFNA(VLOOKUP($A3,'388'!$A$4:$B$30,2,FALSE),0) -> 0.018075095 | N3: =_xlfn.IFNA(VLOOKUP($A3,'372'!$A$4:$B$30,2,FALSE),0) -> 0.019006801 | O3: =_xlfn.IFNA(VLOOKUP($A3,'477'!$A$4:$B$30,2,FALSE),0) -> 9.3170595e-05
A4: R | B4: =_xlfn.IFNA(VLOOKUP($A4,'160'!$A$4:$B$30,2,FALSE),0) -> 0.003447312 | C4: =_xlfn.IFNA(VLOOKUP($A4,'162'!$A$4:$B$30,2,FALSE),0) -> 0.00027951179 | D4: =_xlfn.IFNA(VLOOKUP($A4,'167'!$A$4:$B$30,2,FALSE),0) -> 0.00065219417 | E4: =_xlfn.IFNA(VLOOKUP($A4,'276'!$A$4:$B$30,2,FALSE),0) -> 9.3170595e-05 | F4: =_xlfn.IFNA(VLOOKUP($A4,'278'!$A$4:$B$30,2,FALSE),0) -> 0.00083853536 | G4: =_xlfn.IFNA(VLOOKUP($A4,'279'!$A$4:$B$30,2,FALSE),0) -> 0.0011180471 | H4: =_xlfn.IFNA(VLOOKUP($A4,'280'!$A$4:$B$30,2,FALSE),0) -> 0 | I4: =_xlfn.IFNA(VLOOKUP($A4,'281'!$A$4:$B$30,2,FALSE),0) -> 0.00055902357 | J4: =_xlfn.IFNA(VLOOKUP($A4,'[3]282'!$A$4:$B$30,2,FALSE),0) -> 0 | K4: =_xlfn.IFNA(VLOOKUP($A4,'460'!$A$4:$B$30,2,FALSE),0) -> 0.012019007 | L4: =_xlfn.IFNA(VLOOKUP($A4,'471'!$A$4:$B$30,2,FALSE),0) -> 0.0010248765 | M4: =_xlfn.IFNA(VLOOKUP($A4,'388'!$A$4:$B$30,2,FALSE),0) -> 0.00037268238 | N4: =_xlfn.IFNA(VLOOKUP($A4,'372'!$A$4:$B$30,2,FALSE),0) -> 0.0028882885 | O4: =_xlfn.IFNA(VLOOKUP($A4,'477'!$A$4:$B$30,2,FALSE),0) -> 0
A5: N | B5: =_xlfn.IFNA(VLOOKUP($A5,'160'!$A$4:$B$30,2,FALSE),0) -> 0.92946986 | C5: =_xlfn.IFNA(VLOOKUP($A5,'162'!$A$4:$B$30,2,FALSE),0) -> 0.0047517004 | D5: =_xlfn.IFNA(VLOOKUP($A5,'167'!$A$4:$B$30,2,FALSE),0) -> 0.062517469 | E5: =_xlfn.IFNA(VLOOKUP($A5,'276'!$A$4:$B$30,2,FALSE),0) -> 0.97652101 | F5: =_xlfn.IFNA(VLOOKUP($A5,'278'!$A$4:$B$30,2,FALSE),0) -> 0.0013975589 | G5: =_xlfn.IFNA(VLOOKUP($A5,'279'!$A$4:$B$30,2,FALSE),0) -> 0.50200317 | H5: =_xlfn.IFNA(VLOOKUP($A5,'280'!$A$4:$B$30,2,FALSE),0) -> 0 | I5: =_xlfn.IFNA(VLOOKUP($A5,'281'!$A$4:$B$30,2,FALSE),0) -> 0.0023292649 | J5: =_xlfn.IFNA(VLOOKUP($A5,'[3]282'!$A$4:$B$30,2,FALSE),0) -> 0 | K5: =_xlfn.IFNA(VLOOKUP($A5,'460'!$A$4:$B$30,2,FALSE),0) -> 0.38041554 | L5: =_xlfn.IFNA(VLOOKUP($A5,'471'!$A$4:$B$30,2,FALSE),0) -> 9.3170595e-05 | M5: =_xlfn.IFNA(VLOOKUP($A5,'388'!$A$4:$B$30,2,FALSE),0) -> 0.00093170595 | N5: =_xlfn.IFNA(VLOOKUP($A5,'372'!$A$4:$B$30,2,FALSE),0) -> 0.00046585298 | O5: =_xlfn.IFNA(VLOOKUP($A5,'477'!$A$4:$B$30,2,FALSE),0) -> 0.02972142
A6: D | B6: =_xlfn.IFNA(VLOOKUP($A6,'160'!$A$4:$B$30,2,FALSE),0) -> 0.011366813 | C6: =_xlfn.IFNA(VLOOKUP($A6,'162'!$A$4:$B$30,2,FALSE),0) -> 0.0020497531 | D6: =_xlfn.IFNA(VLOOKUP($A6,'167'!$A$4:$B$30,2,FALSE),0) -> 0.86238703 | E6: =_xlfn.IFNA(VLOOKUP($A6,'276'!$A$4:$B$30,2,FALSE),0) -> 0.011273642 | F6: =_xlfn.IFNA(VLOOKUP($A6,'278'!$A$4:$B$30,2,FALSE),0) -> 0.00055902357 | G6: =_xlfn.IFNA(VLOOKUP($A6,'279'!$A$4:$B$30,2,FALSE),0) -> 0.46231249 | H6: =_xlfn.IFNA(VLOOKUP($A6,'280'!$A$4:$B$30,2,FALSE),0) -> 0 | I6: =_xlfn.IFNA(VLOOKUP($A6,'281'!$A$4:$B$30,2,FALSE),0) -> 0.0028882885 | J6: =_xlfn.IFNA(VLOOKUP($A6,'[3]282'!$A$4:$B$30,2,FALSE),0) -> 0 | K6: =_xlfn.IFNA(VLOOKUP($A6,'460'!$A$4:$B$30,2,FALSE),0) -> 0.05627504 | L6: =_xlfn.IFNA(VLOOKUP($A6,'471'!$A$4:$B$30,2,FALSE),0) -> 0 | M6: =_xlfn.IFNA(VLOOKUP($A6,'388'!$A$4:$B$30,2,FALSE),0) -> 0.0013975589 | N6: =_xlfn.IFNA(VLOOKUP($A6,'372'!$A$4:$B$30,2,FALSE),0) -> 0.00018634119 | O6: =_xlfn.IFNA(VLOOKUP($A6,'477'!$A$4:$B$30,2,FALSE),0) -> 0.9613342
A7: C | B7: =_xlfn.IFNA(VLOOKUP($A7,'160'!$A$4:$B$30,2,FALSE),0) -> 0 | C7: =_xlfn.IFNA(VLOOKUP($A7,'162'!$A$4:$B$30,2,FALSE),0) -> 0 | D7: =_xlfn.IFNA(VLOOKUP($A7,'167'!$A$4:$B$30,2,FALSE),0) -> 9.3170595e-05 | E7: =_xlfn.IFNA(VLOOKUP($A7,'276'!$A$4:$B$30,2,FALSE),0) -> 0 | F7: =_xlfn.IFNA(VLOOKUP($A7,'278'!$A$4:$B$30,2,FALSE),0) -> 0 | G7: =_xlfn.IFNA(VLOOKUP($A7,'279'!$A$4:$B$30,2,FALSE),0) -> 0.00018634119 | H7: =_xlfn.IFNA(VLOOKUP($A7,'280'!$A$4:$B$30,2,FALSE),0) -> 0 | I7: =_xlfn.IFNA(VLOOKUP($A7,'281'!$A$4:$B$30,2,FALSE),0) -> 0 | J7: =_xlfn.IFNA(VLOOKUP($A7,'[3]282'!$A$4:$B$30,2,FALSE),0) -> 0 | K7: =_xlfn.IFNA(VLOOKUP($A7,'460'!$A$4:$B$30,2,FALSE),0) -> 0.00074536476 | L7: =_xlfn.IFNA(VLOOKUP($A7,'471'!$A$4:$B$30,2,FALSE),0) -> 0 | M7: =_xlfn.IFNA(VLOOKUP($A7,'388'!$A$4:$B$30,2,FALSE),0) -> 9.3170595e-05 | N7: =_xlfn.IFNA(VLOOKUP($A7,'372'!$A$4:$B$30,2,FALSE),0) -> 0 | O7: =_xlfn.IFNA(VLOOKUP($A7,'477'!$A$4:$B$30,2,FALSE),0) -> 9.3170595e-05
A8: E | B8: =_xlfn.IFNA(VLOOKUP($A8,'160'!$A$4:$B$30,2,FALSE),0) -> 0.0027951179 | C8: =_xlfn.IFNA(VLOOKUP($A8,'162'!$A$4:$B$30,2,FALSE),0) -> 0.00046585298 | D8: =_xlfn.IFNA(VLOOKUP($A8,'167'!$A$4:$B$30,2,FALSE),0) -> 0.010341936 | E8: =_xlfn.IFNA(VLOOKUP($A8,'276'!$A$4:$B$30,2,FALSE),0) -> 0.00074536476 | F8: =_xlfn.IFNA(VLOOKUP($A8,'278'!$A$4:$B$30,2,FALSE),0) -> 0.0031678002 | G8: =_xlfn.IFNA(VLOOKUP($A8,'279'!$A$4:$B$30,2,FALSE),0) -> 0.01090096 | H8: =_xlfn.IFNA(VLOOKUP($A8,'280'!$A$4:$B$30,2,FALSE),0) -> 0 | I8: =_xlfn.IFNA(VLOOKUP($A8,'281'!$A$4:$B$30,2,FALSE),0) -> 0.0015839001 | J8: =_xlfn.IFNA(VLOOKUP($A8,'[3]282'!$A$4:$B$30,2,FALSE),0) -> 0 | K8: =_xlfn.IFNA(VLOOKUP($A8,'460'!$A$4:$B$30,2,FALSE),0) -> 0.047982857 | L8: =_xlfn.IFNA(VLOOKUP($A8,'471'!$A$4:$B$30,2,FALSE),0) -> 0.045746762 | M8: =_xlfn.IFNA(VLOOKUP($A8,'388'!$A$4:$B$30,2,FALSE),0) -> 0.0011180471 | N8: =_xlfn.IFNA(VLOOKUP($A8,'372'!$A$4:$B$30,2,FALSE),0) -> 0.016211684 | O8: =_xlfn.IFNA(VLOOKUP($A8,'477'!$A$4:$B$30,2,FALSE),0) -> 0.004379018
A9: Q | B9: =_xlfn.IFNA(VLOOKUP($A9,'160'!$A$4:$B$30,2,FALSE),0) -> 0.0014907295 | C9: =_xlfn.IFNA(VLOOKUP($A9,'162'!$A$4:$B$30,2,FALSE),0) -> 0.00027951179 | D9: =_xlfn.IFNA(VLOOKUP($A9,'167'!$A$4:$B$30,2,FALSE),0) -> 0.0018634119 | E9: =_xlfn.IFNA(VLOOKUP($A9,'276'!$A$4:$B$30,2,FALSE),0) -> 9.3170595e-05 | F9: =_xlfn.IFNA(VLOOKUP($A9,'278'!$A$4:$B$30,2,FALSE),0) -> 0.00046585298 | G9: =_xlfn.IFNA(VLOOKUP($A9,'279'!$A$4:$B$30,2,FALSE),0) -> 0.00093170595 | H9: =_xlfn.IFNA(VLOOKUP($A9,'280'!$A$4:$B$30,2,FALSE),0) -> 0 | I9: =_xlfn.IFNA(VLOOKUP($A9,'281'!$A$4:$B$30,2,FALSE),0) -> 9.3170595e-05 | J9: =_xlfn.IFNA(VLOOKUP($A9,'[3]282'!$A$4:$B$30,2,FALSE),0) -> 0 | K9: =_xlfn.IFNA(VLOOKUP($A9,'460'!$A$4:$B$30,2,FALSE),0) -> 0.010062424 | L9: =_xlfn.IFNA(VLOOKUP($A9,'471'!$A$4:$B$30,2,FALSE),0) -> 0.014534613 | M9: =_xlfn.IFNA(VLOOKUP($A9,'388'!$A$4:$B$30,2,FALSE),0) -> 9.3170595e-05 | N9: =_xlfn.IFNA(VLOOKUP($A9,'372'!$A$4:$B$30,2,FALSE),0) -> 0.0023292649 | O9: =_xlfn.IFNA(VLOOKUP($A9,'477'!$A$4:$B$30,2,FALSE),0) -> 0
A10: G | B10: =_xlfn.IFNA(VLOOKUP($A10,'160'!$A$4:$B$30,2,FALSE),0) -> 0 | C10: =_xlfn.IFNA(VLOOKUP($A10,'162'!$A$4:$B$30,2,FALSE),0) -> 9.3170595e-05 | D10: =_xlfn.IFNA(VLOOKUP($A10,'167'!$A$4:$B$30,2,FALSE),0) -> 0.023572161 | E10: =_xlfn.IFNA(VLOOKUP($A10,'276'!$A$4:$B$30,2,FALSE),0) -> 0 | F10: =_xlfn.IFNA(VLOOKUP($A10,'278'!$A$4:$B$30,2,FALSE),0) -> 0.00093170595 | G10: =_xlfn.IFNA(VLOOKUP($A10,'279'!$A$4:$B$30,2,FALSE),0) -> 0.00074536476 | H10: =_xlfn.IFNA(VLOOKUP($A10,'280'!$A$4:$B$30,2,FALSE),0) -> 0 | I10: =_xlfn.IFNA(VLOOKUP($A10,'281'!$A$4:$B$30,2,FALSE),0) -> 0.025994596 | J10: =_xlfn.IFNA(VLOOKUP($A10,'[3]282'!$A$4:$B$30,2,FALSE),0) -> 0 | K10: =_xlfn.IFNA(VLOOKUP($A10,'460'!$A$4:$B$30,2,FALSE),0) -> 0.068573558 | L10: =_xlfn.IFNA(VLOOKUP($A10,'471'!$A$4:$B$30,2,FALSE),0) -> 0.75384329 | M10: =_xlfn.IFNA(VLOOKUP($A10,'388'!$A$4:$B$30,2,FALSE),0) -> 0.00046585298 | N10: =_xlfn.IFNA(VLOOKUP($A10,'372'!$A$4:$B$30,2,FALSE),0) -> 0.00037268238 | O10: =_xlfn.IFNA(VLOOKUP($A10,'477'!$A$4:$B$30,2,FALSE),0) -> 0.0010248765
A11: H | B11: =_xlfn.IFNA(VLOOKUP($A11,'160'!$A$4:$B$30,2,FALSE),0) -> 0.0019565825 | C11: =_xlfn.IFNA(VLOOKUP($A11,'162'!$A$4:$B$30,2,FALSE),0) -> 0.00083853536 | D11: =_xlfn.IFNA(VLOOKUP($A11,'167'!$A$4:$B$30,2,FALSE),0) -> 0.00074536476 | E11: =_xlfn.IFNA(VLOOKUP($A11,'276'!$A$4:$B$30,2,FALSE),0) -> 0.00046585298 | F11: =_xlfn.IFNA(VLOOKUP($A11,'278'!$A$4:$B$30,2,FALSE),0) -> 0 | G11: =_xlfn.IFNA(VLOOKUP($A11,'279'!$A$4:$B$30,2,FALSE),0) -> 0.00083853536 | H11: =_xlfn.IFNA(VLOOKUP($A11,'280'!$A$4:$B$30,2,FALSE),0) -> 0 | I11: =_xlfn.IFNA(VLOOKUP($A11,'281'!$A$4:$B$30,2,FALSE),0) -> 0.0033541414 | J11: =_xlfn.IFNA(VLOOKUP($A11,'[3]282'!$A$4:$B$30,2,FALSE),0) -> 0 | K11: =_xlfn.IFNA(VLOOKUP($A11,'460'!$A$4:$B$30,2,FALSE),0) -> 0.0037268238 | L11: =_xlfn.IFNA(VLOOKUP($A11,'471'!$A$4:$B$30,2,FALSE),0) -> 0.00027951179 | M11: =_xlfn.IFNA(VLOOKUP($A11,'388'!$A$4:$B$30,2,FALSE),0) -> 0 | N11: =_xlfn.IFNA(VLOOKUP($A11,'372'!$A$4:$B$30,2,FALSE),0) -> 0 | O11: =_xlfn.IFNA(VLOOKUP($A11,'477'!$A$4:$B$30,2,FALSE),0) -> 0.00037268238
A12: I | B12: =_xlfn.IFNA(VLOOKUP($A12,'160'!$A$4:$B$30,2,FALSE),0) -> 0.0010248765 | C12: =_xlfn.IFNA(VLOOKUP($A12,'162'!$A$4:$B$30,2,FALSE),0) -> 0.0015839001 | D12: =_xlfn.IFNA(VLOOKUP($A12,'167'!$A$4:$B$30,2,FALSE),0) -> 0.00037268238 | E12: =_xlfn.IFNA(VLOOKUP($A12,'276'!$A$4:$B$30,2,FALSE),0) -> 0.00046585298 | F12: =_xlfn.IFNA(VLOOKUP($A12,'278'!$A$4:$B$30,2,FALSE),0) -> 0.0014907295 | G12: =_xlfn.IFNA(VLOOKUP($A12,'279'!$A$4:$B$30,2,FALSE),0) -> 0.00065219417 | H12: =_xlfn.IFNA(VLOOKUP($A12,'280'!$A$4:$B$30,2,FALSE),0) -> 0 | I12: =_xlfn.IFNA(VLOOKUP($A12,'281'!$A$4:$B$30,2,FALSE),0) -> 0.017981925 | J12: =_xlfn.IFNA(VLOOKUP($A12,'[3]282'!$A$4:$B$30,2,FALSE),0) -> 0 | K12: =_xlfn.IFNA(VLOOKUP($A12,'460'!$A$4:$B$30,2,FALSE),0) -> 0.019845337 | L12: =_xlfn.IFNA(VLOOKUP($A12,'471'!$A$4:$B$30,2,FALSE),0) -> 0.044815056 | M12: =_xlfn.IFNA(VLOOKUP($A12,'388'!$A$4:$B$30,2,FALSE),0) -> 0.00074536476 | N12: =_xlfn.IFNA(VLOOKUP($A12,'372'!$A$4:$B$30,2,FALSE),0) -> 0.029162396 | O12: =_xlfn.IFNA(VLOOKUP($A12,'477'!$A$4:$B$30,2,FALSE),0) -> 0.00046585298
A13: L | B13: =_xlfn.IFNA(VLOOKUP($A13,'160'!$A$4:$B$30,2,FALSE),0) -> 0.00046585298 | C13: =_xlfn.IFNA(VLOOKUP($A13,'162'!$A$4:$B$30,2,FALSE),0) -> 0.00018634119 | D13: =_xlfn.IFNA(VLOOKUP($A13,'167'!$A$4:$B$30,2,FALSE),0) -> 9.3170595e-05 | E13: =_xlfn.IFNA(VLOOKUP($A13,'276'!$A$4:$B$30,2,FALSE),0) -> 0 | F13: =_xlfn.IFNA(VLOOKUP($A13,'278'!$A$4:$B$30,2,FALSE),0) -> 0.0013975589 | G13: =_xlfn.IFNA(VLOOKUP($A13,'279'!$A$4:$B$30,2,FALSE),0) -> 9.3170595e-05 | H13: =_xlfn.IFNA(VLOOKUP($A13,'280'!$A$4:$B$30,2,FALSE),0) -> 0 | I13: =_xlfn.IFNA(VLOOKUP($A13,'281'!$A$4:$B$30,2,FALSE),0) -> 0.0026087767 | J13: =_xlfn.IFNA(VLOOKUP($A13,'[3]282'!$A$4:$B$30,2,FALSE),0) -> 0 | K13: =_xlfn.IFNA(VLOOKUP($A13,'460'!$A$4:$B$30,2,FALSE),0) -> 0.0060560887 | L13: =_xlfn.IFNA(VLOOKUP($A13,'471'!$A$4:$B$30,2,FALSE),0) -> 0.0040063356 | M13: =_xlfn.IFNA(VLOOKUP($A13,'388'!$A$4:$B$30,2,FALSE),0) -> 0.0013975589 | N13: =_xlfn.IFNA(VLOOKUP($A13,'372'!$A$4:$B$30,2,FALSE),0) -> 0.0017702413 | O13: =_xlfn.IFNA(VLOOKUP($A13,'477'!$A$4:$B$30,2,FALSE),0) -> 9.3170595e-05
... A24: Other | B24: =_xlfn.IFNA(VLOOKUP($A24,'160'!$A$4:$B$30,2,FALSE),0) -> 0 | C24: =_xlfn.IFNA(VLOOKUP($A24,'162'!$A$4:$B$30,2,FALSE),0) -> 0 | D24: =_xlfn.IFNA(VLOOKUP($A24,'167'!$A$4:$B$30,2,FALSE),0) -> 0 | E24: =_xlfn.IFNA(VLOOKUP($A24,'276'!$A$4:$B$30,2,FALSE),0) -> 0 | F24: =_xlfn.IFNA(VLOOKUP($A24,'278'!$A$4:$B$30,2,FALSE),0) -> 0 | G24: =_xlfn.IFNA(VLOOKUP($A24,'279'!$A$4:$B$30,2,FALSE),0) -> 0 | H24: =_xlfn.IFNA(VLOOKUP($A24,'280'!$A$4:$B$30,2,FALSE),0) -> 0 | I24: =_xlfn.IFNA(VLOOKUP($A24,'281'!$A$4:$B$30,2,FALSE),0) -> 0 | J24: =_xlfn.IFNA(VLOOKUP($A24,'[3]282'!$A$4:$B$30,2,FALSE),0) -> 0 | K24: =_xlfn.IFNA(VLOOKUP($A24,'460'!$A$4:$B$30,2,FALSE),0) -> 0 | L24: =_xlfn.IFNA(VLOOKUP($A24,'471'!$A$4:$B$30,2,FALSE),0) -> 0 | M24: =_xlfn.IFNA(VLOOKUP($A24,'388'!$A$4:$B$30,2,FALSE),0) -> 0 | N24: =_xlfn.IFNA(VLOOKUP($A24,'372'!$A$4:$B$30,2,FALSE),0) -> 0 | O24: =_xlfn.IFNA(VLOOKUP($A24,'477'!$A$4:$B$30,2,FALSE),0) -> 0

Sheet 278
A3: Row Labels | B3: Count of 278
A4: - | B4: 0.0015839001
A5: A | B5: 0.011273642
A6: D | B6: 0.00055902357
A7: E | B7: 0.0031678002
A8: F | B8: 0.00018634119
A9: G | B9: 0.00093170595
A10: I | B10: 0.0014907295
A11: K | B11: 0.0040995062
A12: L | B12: 0.0013975589
A13: M | B13: 0.0023292649
A14: N | B14: 0.0013975589
A15: P | B15: 0.00027951179
... A22: Grand Total | B22: 1

Sheet alignment
A1: 160 | B1: 162 | C1: 276 | D1: 279 | E1: 280 | F1: 281 | G1: 282 | H1: 460 | I1: 471 | J1: 388 | K1: 372 | L1: 477 | M1: 167 | N1: 278 | P1: D279 N460 | Q1: 276 279
A2: N | B2: S | C2: N | D2: D | E2: N | F2: A | G2: K | H2: - | I2: G | J2: T | K2: V | L2: D | M2: G | N2: T | P2: =_xlfn.CONCAT(D2,H2) -> D- | Q2: =_xlfn.CONCAT(C2,D2) -> ND
A3: N | B3: T | C3: N | D3: D | E3: N | F3: A | G3: K | H3: N | I3: G | J3: S | K3: T | L3: D | M3: D | N3: T | P3: =_xlfn.CONCAT(D3,H3) -> DN | Q3: =_xlfn.CONCAT(C3,D3) -> ND
A4: N | B4: T | C4: N | D4: D | E4: N | F4: A | G4: K | H4: G | I4: E | J4: T | K4: T | L4: D | M4: D | N4: T | P4: =_xlfn.CONCAT(D4,H4) -> DG | Q4: =_xlfn.CONCAT(C4,D4) -> ND
A5: N | B5: T | C5: N | D5: D | E5: N | F5: T | G5: K | H5: L | I5: G | J5: S | K5: T | L5: D | M5: D | N5: T | P5: =_xlfn.CONCAT(D5,H5) -> DL | Q5: =_xlfn.CONCAT(C5,D5) -> ND
A6: N | B6: T | C6: N | D6: N | E6: N | F6: A | G6: K | H6: - | I6: E | J6: S | K6: T | L6: D | M6: D | N6: T | P6: =_xlfn.CONCAT(D6,H6) -> N- | Q6: =_xlfn.CONCAT(C6,D6) -> NN
A7: N | B7: T | C7: N | D7: D | E7: N | F7: K | G7: E | H7: D | I7: G | J7: S | K7: T | L7: D | M7: D | N7: T | P7: =_xlfn.CONCAT(D7,H7) -> DD | Q7: =_xlfn.CONCAT(C7,D7) -> ND
A8: N | B8: T | C8: N | D8: N | E8: N | F8: A | G8: K | H8: N | I8: G | J8: S | K8: T | L8: D | M8: D | N8: T | P8: =_xlfn.CONCAT(D8,H8) -> NN | Q8: =_xlfn.CONCAT(C8,D8) -> NN
A9: N | B9: T | C9: N | D9: Q | E9: N | F9: H | G9: K | H9: K | I9: G | J9: S | K9: T | L9: D | M9: D | N9: S | P9: =_xlfn.CONCAT(D9,H9) -> QK | Q9: =_xlfn.CONCAT(C9,D9) -> NQ
A10: N | B10: T | C10: N | D10: D | E10: N | F10: A | G10: K | H10: K | I10: G | J10: S | K10: T | L10: D | M10: D | N10: T | P10: =_xlfn.CONCAT(D10,H10) -> DK | Q10: =_xlfn.CONCAT(C10,D10) -> ND
A11: N | B11: T | C11: N | D11: N | E11: N | F11: A | G11: K | H11: S | I11: G | J11: S | K11: T | L11: D | M11: D | N11: T | P11: =_xlfn.CONCAT(D11,H11) -> NS | Q11: =_xlfn.CONCAT(C11,D11) -> NN
A12: N | B12: T | C12: N | D12: N | E12: N | F12: A | G12: K | H12: R | I12: G | J12: S | K12: T | L12: D | M12: D | N12: T | P12: =_xlfn.CONCAT(D12,H12) -> NR | Q12: =_xlfn.CONCAT(C12,D12) -> NN
A13: N | B13: T | C13: N | D13: N | E13: N | F13: A | G13: K | H13: T | I13: G | J13: S | K13: T | L13: D | M13: D | N13: T | P13: =_xlfn.CONCAT(D13,H13) -> NT | Q13: =_xlfn.CONCAT(C13,D13) -> NN
... A10725: N | B10725: T | C10725: S | D10725: - | E10725: - | F10725: R | G10725: G | H10725: - | I10725: S | J10725: S | K10725: T | L10725: D | M10725: D | N10725: - | P10725: =_xlfn.CONCAT(D10725,H10725) -> -- | Q10725: =_xlfn.CONCAT(C10725,D10725) -> S-
A10726: N | B10726: T | C10726: S | D10726: - | E10726: - | F10726: H | H10726: - | I10726: S | J10726: S | K10726: T | L10726: N | M10726: D | N10726: - | P10726: =_xlfn.CONCAT(D10726,H10726) -> -- | Q10726: =_xlfn.CONCAT(C10726,D10726) -> S-
A10727: N | B10727: T | C10727: S | D10727: - | E10727: - | F10727: H | G10727: S | H10727: - | I10727: S | J10727: S | K10727: T | L10727: N | M10727: D | N10727: - | P10727: =_xlfn.CONCAT(D10727,H10727) -> -- | Q10727: =_xlfn.CONCAT(C10727,D10727) -> S-
A10728: N | B10728: T | C10728: S | D10728: - | E10728: - | F10728: H | G10728: S | H10728: - | I10728: S | J10728: S | K10728: T | L10728: N | M10728: D | N10728: - | P10728: =_xlfn.CONCAT(D10728,H10728) -> -- | Q10728: =_xlfn.CONCAT(C10728,D10728) -> S-
A10729: N | B10729: T | C10729: S | D10729: - | E10729: - | F10729: H | G10729: S | H10729: - | I10729: S | J10729: S | K10729: T | L10729: N | M10729: D | N10729: - | P10729: =_xlfn.CONCAT(D10729,H10729) -> -- | Q10729: =_xlfn.CONCAT(C10729,D10729) -> S-
A10730: N | B10730: T | C10730: S | D10730: - | E10730: - | F10730: H | G10730: S | H10730: - | I10730: S | J10730: S | K10730: T | L10730: N | M10730: D | N10730: - | P10730: =_xlfn.CONCAT(D10730,H10730) -> -- | Q10730: =_xlfn.CONCAT(C10730,D10730) -> S-
A10731: N | B10731: T | C10731: - | D10731: - | E10731: - | F10731: G | G10731: G | H10731: - | I10731: S | J10731: S | K10731: T | L10731: N | M10731: D | N10731: - | P10731: =_xlfn.CONCAT(D10731,H10731) -> -- | Q10731: =_xlfn.CONCAT(C10731,D10731) -> --
A10732: K | B10732: T | C10732: S | D10732: - | E10732: - | F10732: R | G10732: G | H10732: - | I10732: S | J10732: S | K10732: T | L10732: N | M10732: D | N10732: - | P10732: =_xlfn.CONCAT(D10732,H10732) -> -- | Q10732: =_xlfn.CONCAT(C10732,D10732) -> S-
A10733: N | B10733: T | C10733: N | D10733: D | E10733: T | F10733: G | G10733: K | H10733: N | I10733: I | J10733: S | K10733: S | L10733: N | M10733: D | N10733: S | P10733: =_xlfn.CONCAT(D10733,H10733) -> DN | Q10733: =_xlfn.CONCAT(C10733,D10733) -> ND
A10734: N | B10734: T | C10734: N | D10734: D | E10734: T | F10734: R | G10734: Y | H10734: A | I10734: T | J10734: S | K10734: S | L10734: H | M10734: D | N10734: S | P10734: =_xlfn.CONCAT(D10734,H10734) -> DA | Q10734: =_xlfn.CONCAT(C10734,D10734) -> ND

Sheet 460b
A3: Row Labels | B3: Count of 460
A4: - | B4: 0.15643343
A5: * | B5: 9.3170595e-05
A6: A | B6: 0.016118513
A7: C | B7: 0.00074536476
A8: D | B8: 0.05627504
A9: E | B9: 0.047982857
A10: F | B10: 0.00018634119
A11: G | B11: 0.068573558
A12: H | B12: 0.0037268238
A13: I | B13: 0.019845337
A14: K | B14: 0.042485791
A15: L | B15: 0.0060560887
... A28: Grand Total | B28: 1

Sheet 167
A3: Row Labels | B3: Count of 167
A4: - | B4: 0.0033541414
A5: A | B5: 0.0013975589
A6: C | B6: 9.3170595e-05
A7: D | B7: 0.86238703
A8: E | B8: 0.010341936
A9: F | B9: 9.3170595e-05
A10: G | B10: 0.023572161
A11: H | B11: 0.00074536476
A12: I | B12: 0.00037268238
A13: K | B13: 0.0072673064
A14: L | B14: 9.3170595e-05
A15: N | B15: 0.062517469
... A24: Grand Total | B24: 1

Sheet 160
A3: Row Labels | B3: Count of 160
A4: - | B4: 0.00065219417
A5: A | B5: 0.00037268238
A6: D | B6: 0.011366813
A7: E | B7: 0.0027951179
A8: F | B8: 0.00065219417
A9: H | B9: 0.0019565825
A10: I | B10: 0.0010248765
A11: K | B11: 0.021429237
A12: L | B12: 0.00046585298
A13: M | B13: 0.00027951179
A14: N | B14: 0.92946986
A15: Q | B15: 0.0014907295
... A23: Grand Total | B23: 1

Sheet 162
A3: Row Labels | B3: Count of 162
A4: - | B4: 0.0052175533
A5: A | B5: 0.0081058418
A6: D | B6: 0.0020497531
A7: E | B7: 0.00046585298
A8: F | B8: 0.00027951179
A9: G | B9: 9.3170595e-05
A10: H | B10: 0.00083853536
A11: I | B11: 0.0015839001
A12: K | B12: 0.00065219417
A13: L | B13: 0.00018634119
A14: N | B14: 0.0047517004
A15: P | B15: 0.0041926768
... A24: Grand Total | B24: 1

Sheet 276
A3: Row Labels | B3: Count of 276
A4: - | B4: 0.00093170595
A5: A | B5: 9.3170595e-05
A6: D | B6: 0.011273642
A7: E | B7: 0.00074536476
A8: H | B8: 0.00046585298
A9: I | B9: 0.00046585298
A10: K | B10: 0.0029814591
A11: N | B11: 0.97652101
A12: Q | B12: 9.3170595e-05
A13: R | B13: 9.3170595e-05
A14: S | B14: 0.004844871
A15: T | B15: 0.00037268238
... A19: Grand Total | B19: 1

Sheet 279
A3: Row Labels | B3: Count of 279
A4: - | B4: 0.0015839001
A5: A | B5: 0.0024224355
A6: C | B6: 0.00018634119
A7: D | B7: 0.46231249
A8: E | B8: 0.01090096
A9: F | B9: 9.3170595e-05
A10: G | B10: 0.00074536476
A11: H | B11: 0.00083853536
A12: I | B12: 0.00065219417
A13: K | B13: 0.0050312121
A14: L | B14: 9.3170595e-05
A15: N | B15: 0.50200317
... A23: Grand Total | B23: 1

Sheet 280

Sheet 281
A3: Row Labels | B3: Count of 281
A4: - | B4: 0.00093170595
A5: A | B5: 0.67390292
A6: D | B6: 0.0028882885
A7: E | B7: 0.0015839001
A8: F | B8: 0.0017702413
A9: G | B9: 0.025994596
A10: H | B10: 0.0033541414
A11: I | B11: 0.017981925
A12: K | B12: 0.0011180471
A13: L | B13: 0.0026087767
A14: M | B14: 0.00018634119
A15: N | B15: 0.0023292649
... A25: Grand Total | B25: 1

Sheet 372
A3: Row Labels | B3: Count of 372
A4: - | B4: 0.0017702413
A5: A | B5: 0.019006801
A6: D | B6: 0.00018634119
A7: E | B7: 0.016211684
A8: G | B8: 0.00037268238
A9: I | B9: 0.029162396
A10: K | B10: 0.0035404826
A11: L | B11: 0.0017702413
A12: M | B12: 0.0072673064
A13: N | B13: 0.00046585298
A14: P | B14: 0.00027951179
A15: Q | B15: 0.0023292649
... A22: Grand Total | B22: 1

Sheet 388
A3: Row Labels | B3: Count of 388
A4: - | B4: 0.0013975589
A5: A | B5: 0.018075095
A6: C | B6: 9.3170595e-05
A7: D | B7: 0.0013975589
A8: E | B8: 0.0011180471
A9: F | B9: 0.00027951179
A10: G | B10: 0.00046585298
A11: I | B11: 0.00074536476
A12: K | B12: 0.0024224355
A13: L | B13: 0.0013975589
A14: N | B14: 0.00093170595
A15: P | B15: 0.00065219417
... A24: Grand Total | B24: 1

Sheet 460
A3: Row Labels | B3: Count of 460
A4: - | B4: 0.15643343
A5: * | B5: 9.3170595e-05
A6: A | B6: 0.016118513
A7: C | B7: 0.00074536476
A8: D | B8: 0.05627504
A9: E | B9: 0.047982857
A10: F | B10: 0.00018634119
A11: G | B11: 0.068573558
A12: H | B12: 0.0037268238
A13: I | B13: 0.019845337
A14: K | B14: 0.042485791
A15: L | B15: 0.0060560887
... A28: Grand Total | B28: 1

Sheet 471
A3: Row Labels | B3: Count of 471
A4: - | B4: 0.00027951179
A5: A | B5: 0.079567688
A6: E | B6: 0.045746762
A7: G | B7: 0.75384329
A8: H | B8: 0.00027951179
A9: I | B9: 0.044815056
A10: K | B10: 0.00018634119
A11: L | B11: 0.0040063356
A12: M | B12: 0.00055902357
A13: N | B13: 9.3170595e-05
A14: Q | B14: 0.014534613
A15: R | B15: 0.0010248765
... A21: Grand Total | B21: 1

Sheet 477
A3: Row Labels | B3: Count of 477
A4: - | B4: 0.00046585298
A5: A | B5: 9.3170595e-05
A6: C | B6: 9.3170595e-05
A7: D | B7: 0.9613342
A8: E | B8: 0.004379018
A9: F | B9: 9.3170595e-05
A10: G | B10: 0.0010248765
A11: H | B11: 0.00037268238
A12: I | B12: 0.00046585298
A13: K | B13: 9.3170595e-05
A14: L | B14: 9.3170595e-05
A15: M | B15: 9.3170595e-05
... A21: Grand Total | B21: 1

Sheet 279 + 460
A3: Row Labels | B3: Count of D279 N460
A4: -- | B4: 0.0010248765
A5: -D | B5: 9.3170595e-05
A6: -N | B6: 0.00037268238
A7: -S | B7: 9.3170595e-05
A8: A- | B8: 0.00018634119
A9: AA | B9: 0.00018634119
A10: AD | B10: 0.00037268238
A11: AE | B11: 9.3170595e-05
A12: AG | B12: 0.00018634119
A13: AK | B13: 0.00018634119
A14: AN | B14: 0.0010248765
A15: AS | B15: 9.3170595e-05
... A150: Grand Total | B150: 1

Sheet 276 + 279
A3: Row Labels | B3: Count of 276 279
A4: -- | B4: 0.00065219417
A5: -D | B5: 9.3170595e-05
A6: -N | B6: 0.00018634119
A7: AN | B7: 9.3170595e-05
A8: DA | B8: 0.00018634119
A9: DD | B9: 0.0026087767
A10: DE | B10: 0.00074536476
A11: DG | B11: 9.3170595e-05
A12: DK | B12: 0.00046585298
A13: DN | B13: 0.0068946241
A14: DQ | B14: 9.3170595e-05
A15: DR | B15: 9.3170595e-05
... A61: Grand Total | B61: 1
